<?xml version="1.0" encoding="utf-8" ?>
<kml xmlns="http://www.opengis.net/kml/2.2">
<Document id="root_doc">
<Schema name="Sheet1" id="Sheet1">
	<SimpleField name="Capa" type="string"></SimpleField>
	<SimpleField name="Nombre" type="string"></SimpleField>
	<SimpleField name="Latitud" type="float"></SimpleField>
	<SimpleField name="Longitud" type="float"></SimpleField>
</Schema>
<Folder><name>Sheet1</name>
  <Placemark>
	<ExtendedData><SchemaData schemaUrl="#Sheet1">
		<SimpleData name="Capa">cebollar/racar/cdla.Ingenieros/Flor de Plata/Totora/Euca</SimpleData>
		<SimpleData name="Nombre">SM0201-5</SimpleData>
		<SimpleData name="Latitud">-2.902137</SimpleData>
		<SimpleData name="Longitud">-78.986461</SimpleData>
	</SchemaData></ExtendedData>
  </Placemark>
  <Placemark>
	<ExtendedData><SchemaData schemaUrl="#Sheet1">
		<SimpleData name="Capa">cebollar/racar/cdla.Ingenieros/Flor de Plata/Totora/Euca</SimpleData>
		<SimpleData name="Nombre">SM0201-6</SimpleData>
		<SimpleData name="Latitud">-2.902838</SimpleData>
		<SimpleData name="Longitud">-78.988089</SimpleData>
	</SchemaData></ExtendedData>
  </Placemark>
  <Placemark>
	<ExtendedData><SchemaData schemaUrl="#Sheet1">
		<SimpleData name="Capa">cebollar/racar/cdla.Ingenieros/Flor de Plata/Totora/Euca</SimpleData>
		<SimpleData name="Nombre">SM0201-7</SimpleData>
		<SimpleData name="Latitud">-2.900838</SimpleData>
		<SimpleData name="Longitud">-78.985837</SimpleData>
	</SchemaData></ExtendedData>
  </Placemark>
  <Placemark>
	<ExtendedData><SchemaData schemaUrl="#Sheet1">
		<SimpleData name="Capa">cebollar/racar/cdla.Ingenieros/Flor de Plata/Totora/Euca</SimpleData>
		<SimpleData name="Nombre">SM0201-8</SimpleData>
		<SimpleData name="Latitud">-2.90015</SimpleData>
		<SimpleData name="Longitud">-78.984729</SimpleData>
	</SchemaData></ExtendedData>
  </Placemark>
  <Placemark>
	<ExtendedData><SchemaData schemaUrl="#Sheet1">
		<SimpleData name="Capa">cebollar/racar/cdla.Ingenieros/Flor de Plata/Totora/Euca</SimpleData>
		<SimpleData name="Nombre">SM0301-1</SimpleData>
		<SimpleData name="Latitud">-2.900161</SimpleData>
		<SimpleData name="Longitud">-78.989507</SimpleData>
	</SchemaData></ExtendedData>
  </Placemark>
  <Placemark>
	<ExtendedData><SchemaData schemaUrl="#Sheet1">
		<SimpleData name="Capa">cebollar/racar/cdla.Ingenieros/Flor de Plata/Totora/Euca</SimpleData>
		<SimpleData name="Nombre">SM0301-2</SimpleData>
		<SimpleData name="Latitud">-2.902328</SimpleData>
		<SimpleData name="Longitud">-78.988675</SimpleData>
	</SchemaData></ExtendedData>
  </Placemark>
  <Placemark>
	<ExtendedData><SchemaData schemaUrl="#Sheet1">
		<SimpleData name="Capa">cebollar/racar/cdla.Ingenieros/Flor de Plata/Totora/Euca</SimpleData>
		<SimpleData name="Nombre">SM0301-3</SimpleData>
		<SimpleData name="Latitud">-2.901355</SimpleData>
		<SimpleData name="Longitud">-78.990605</SimpleData>
	</SchemaData></ExtendedData>
  </Placemark>
  <Placemark>
	<ExtendedData><SchemaData schemaUrl="#Sheet1">
		<SimpleData name="Capa">cebollar/racar/cdla.Ingenieros/Flor de Plata/Totora/Euca</SimpleData>
		<SimpleData name="Nombre">SM0301-4</SimpleData>
		<SimpleData name="Latitud">-2.903202</SimpleData>
		<SimpleData name="Longitud">-78.990756</SimpleData>
	</SchemaData></ExtendedData>
  </Placemark>
  <Placemark>
	<ExtendedData><SchemaData schemaUrl="#Sheet1">
		<SimpleData name="Capa">cebollar/racar/cdla.Ingenieros/Flor de Plata/Totora/Euca</SimpleData>
		<SimpleData name="Nombre">SM0301-5</SimpleData>
		<SimpleData name="Latitud">-2.901874</SimpleData>
		<SimpleData name="Longitud">-78.992636</SimpleData>
	</SchemaData></ExtendedData>
  </Placemark>
  <Placemark>
	<ExtendedData><SchemaData schemaUrl="#Sheet1">
		<SimpleData name="Capa">cebollar/racar/cdla.Ingenieros/Flor de Plata/Totora/Euca</SimpleData>
		<SimpleData name="Nombre">SM0301-6</SimpleData>
		<SimpleData name="Latitud">-2.901333</SimpleData>
		<SimpleData name="Longitud">-78.994799</SimpleData>
	</SchemaData></ExtendedData>
  </Placemark>
  <Placemark>
	<ExtendedData><SchemaData schemaUrl="#Sheet1">
		<SimpleData name="Capa">cebollar/racar/cdla.Ingenieros/Flor de Plata/Totora/Euca</SimpleData>
		<SimpleData name="Nombre">SM0301-7</SimpleData>
		<SimpleData name="Latitud">-2.899603</SimpleData>
		<SimpleData name="Longitud">-78.992548</SimpleData>
	</SchemaData></ExtendedData>
  </Placemark>
  <Placemark>
	<ExtendedData><SchemaData schemaUrl="#Sheet1">
		<SimpleData name="Capa">cebollar/racar/cdla.Ingenieros/Flor de Plata/Totora/Euca</SimpleData>
		<SimpleData name="Nombre">SM0301-8</SimpleData>
		<SimpleData name="Latitud">-2.899043</SimpleData>
		<SimpleData name="Longitud">-78.994924</SimpleData>
	</SchemaData></ExtendedData>
  </Placemark>
  <Placemark>
	<ExtendedData><SchemaData schemaUrl="#Sheet1">
		<SimpleData name="Capa">cebollar/racar/cdla.Ingenieros/Flor de Plata/Totora/Euca</SimpleData>
		<SimpleData name="Nombre">SM0303-1</SimpleData>
		<SimpleData name="Latitud">-2.898312</SimpleData>
		<SimpleData name="Longitud">-78.993593</SimpleData>
	</SchemaData></ExtendedData>
  </Placemark>
  <Placemark>
	<ExtendedData><SchemaData schemaUrl="#Sheet1">
		<SimpleData name="Capa">cebollar/racar/cdla.Ingenieros/Flor de Plata/Totora/Euca</SimpleData>
		<SimpleData name="Nombre">SM0303-2</SimpleData>
		<SimpleData name="Latitud">-2.896899</SimpleData>
		<SimpleData name="Longitud">-78.996152</SimpleData>
	</SchemaData></ExtendedData>
  </Placemark>
  <Placemark>
	<ExtendedData><SchemaData schemaUrl="#Sheet1">
		<SimpleData name="Capa">cebollar/racar/cdla.Ingenieros/Flor de Plata/Totora/Euca</SimpleData>
		<SimpleData name="Nombre">SM0303-3</SimpleData>
		<SimpleData name="Latitud">-2.897124</SimpleData>
		<SimpleData name="Longitud">-78.993523</SimpleData>
	</SchemaData></ExtendedData>
  </Placemark>
  <Placemark>
	<ExtendedData><SchemaData schemaUrl="#Sheet1">
		<SimpleData name="Capa">cebollar/racar/cdla.Ingenieros/Flor de Plata/Totora/Euca</SimpleData>
		<SimpleData name="Nombre">SM0303-4</SimpleData>
		<SimpleData name="Latitud">-2.89572</SimpleData>
		<SimpleData name="Longitud">-78.995348</SimpleData>
	</SchemaData></ExtendedData>
  </Placemark>
  <Placemark>
	<ExtendedData><SchemaData schemaUrl="#Sheet1">
		<SimpleData name="Capa">cebollar/racar/cdla.Ingenieros/Flor de Plata/Totora/Euca</SimpleData>
		<SimpleData name="Nombre">SM0303-5</SimpleData>
		<SimpleData name="Latitud">-2.895898</SimpleData>
		<SimpleData name="Longitud">-78.993526</SimpleData>
	</SchemaData></ExtendedData>
  </Placemark>
  <Placemark>
	<ExtendedData><SchemaData schemaUrl="#Sheet1">
		<SimpleData name="Capa">cebollar/racar/cdla.Ingenieros/Flor de Plata/Totora/Euca</SimpleData>
		<SimpleData name="Nombre">SM0303-6</SimpleData>
		<SimpleData name="Latitud">-2.894845</SimpleData>
		<SimpleData name="Longitud">-78.993802</SimpleData>
	</SchemaData></ExtendedData>
  </Placemark>
  <Placemark>
	<ExtendedData><SchemaData schemaUrl="#Sheet1">
		<SimpleData name="Capa">cebollar/racar/cdla.Ingenieros/Flor de Plata/Totora/Euca</SimpleData>
		<SimpleData name="Nombre">SM0303-7</SimpleData>
		<SimpleData name="Latitud">-2.893907</SimpleData>
		<SimpleData name="Longitud">-78.993087</SimpleData>
	</SchemaData></ExtendedData>
  </Placemark>
  <Placemark>
	<ExtendedData><SchemaData schemaUrl="#Sheet1">
		<SimpleData name="Capa">cebollar/racar/cdla.Ingenieros/Flor de Plata/Totora/Euca</SimpleData>
		<SimpleData name="Nombre">SM0302-1</SimpleData>
		<SimpleData name="Latitud">-2.904704</SimpleData>
		<SimpleData name="Longitud">-78.992674</SimpleData>
	</SchemaData></ExtendedData>
  </Placemark>
  <Placemark>
	<ExtendedData><SchemaData schemaUrl="#Sheet1">
		<SimpleData name="Capa">cebollar/racar/cdla.Ingenieros/Flor de Plata/Totora/Euca</SimpleData>
		<SimpleData name="Nombre">SM0302-2</SimpleData>
		<SimpleData name="Latitud">-2.903209</SimpleData>
		<SimpleData name="Longitud">-78.995364</SimpleData>
	</SchemaData></ExtendedData>
  </Placemark>
  <Placemark>
	<ExtendedData><SchemaData schemaUrl="#Sheet1">
		<SimpleData name="Capa">cebollar/racar/cdla.Ingenieros/Flor de Plata/Totora/Euca</SimpleData>
		<SimpleData name="Nombre">SM0302-3</SimpleData>
		<SimpleData name="Latitud">-2.905231</SimpleData>
		<SimpleData name="Longitud">-78.995527</SimpleData>
	</SchemaData></ExtendedData>
  </Placemark>
  <Placemark>
	<ExtendedData><SchemaData schemaUrl="#Sheet1">
		<SimpleData name="Capa">cebollar/racar/cdla.Ingenieros/Flor de Plata/Totora/Euca</SimpleData>
		<SimpleData name="Nombre">SM0302-4</SimpleData>
		<SimpleData name="Latitud">-2.90577</SimpleData>
		<SimpleData name="Longitud">-78.993148</SimpleData>
	</SchemaData></ExtendedData>
  </Placemark>
  <Placemark>
	<ExtendedData><SchemaData schemaUrl="#Sheet1">
		<SimpleData name="Capa">cebollar/racar/cdla.Ingenieros/Flor de Plata/Totora/Euca</SimpleData>
		<SimpleData name="Nombre">SM0302-5</SimpleData>
		<SimpleData name="Latitud">-2.906239</SimpleData>
		<SimpleData name="Longitud">-78.995051</SimpleData>
	</SchemaData></ExtendedData>
  </Placemark>
  <Placemark>
	<ExtendedData><SchemaData schemaUrl="#Sheet1">
		<SimpleData name="Capa">cebollar/racar/cdla.Ingenieros/Flor de Plata/Totora/Euca</SimpleData>
		<SimpleData name="Nombre">SM0302-6</SimpleData>
		<SimpleData name="Latitud">-2.908177</SimpleData>
		<SimpleData name="Longitud">-78.994874</SimpleData>
	</SchemaData></ExtendedData>
  </Placemark>
  <Placemark>
	<ExtendedData><SchemaData schemaUrl="#Sheet1">
		<SimpleData name="Capa">cebollar/racar/cdla.Ingenieros/Flor de Plata/Totora/Euca</SimpleData>
		<SimpleData name="Nombre">SM0302-7</SimpleData>
		<SimpleData name="Latitud">-2.909178</SimpleData>
		<SimpleData name="Longitud">-78.994938</SimpleData>
	</SchemaData></ExtendedData>
  </Placemark>
  <Placemark>
	<ExtendedData><SchemaData schemaUrl="#Sheet1">
		<SimpleData name="Capa">cebollar/racar/cdla.Ingenieros/Flor de Plata/Totora/Euca</SimpleData>
		<SimpleData name="Nombre">SM5301-5</SimpleData>
		<SimpleData name="Latitud">-2.891144</SimpleData>
		<SimpleData name="Longitud">-78.976834</SimpleData>
	</SchemaData></ExtendedData>
  </Placemark>
  <Placemark>
	<ExtendedData><SchemaData schemaUrl="#Sheet1">
		<SimpleData name="Capa">cebollar/racar/cdla.Ingenieros/Flor de Plata/Totora/Euca</SimpleData>
		<SimpleData name="Nombre">SM5301-6</SimpleData>
		<SimpleData name="Latitud">-2.889691</SimpleData>
		<SimpleData name="Longitud">-78.977393</SimpleData>
	</SchemaData></ExtendedData>
  </Placemark>
  <Placemark>
	<ExtendedData><SchemaData schemaUrl="#Sheet1">
		<SimpleData name="Capa">cebollar/racar/cdla.Ingenieros/Flor de Plata/Totora/Euca</SimpleData>
		<SimpleData name="Nombre">SM5301-8</SimpleData>
		<SimpleData name="Latitud">-2.889298</SimpleData>
		<SimpleData name="Longitud">-78.981238</SimpleData>
	</SchemaData></ExtendedData>
  </Placemark>
  <Placemark>
	<ExtendedData><SchemaData schemaUrl="#Sheet1">
		<SimpleData name="Capa">cebollar/racar/cdla.Ingenieros/Flor de Plata/Totora/Euca</SimpleData>
		<SimpleData name="Nombre">SM5301-4</SimpleData>
		<SimpleData name="Latitud">-2.891651</SimpleData>
		<SimpleData name="Longitud">-78.980171</SimpleData>
	</SchemaData></ExtendedData>
  </Placemark>
  <Placemark>
	<ExtendedData><SchemaData schemaUrl="#Sheet1">
		<SimpleData name="Capa">cebollar/racar/cdla.Ingenieros/Flor de Plata/Totora/Euca</SimpleData>
		<SimpleData name="Nombre">SM5301-3</SimpleData>
		<SimpleData name="Latitud">-2.891661</SimpleData>
		<SimpleData name="Longitud">-78.978849</SimpleData>
	</SchemaData></ExtendedData>
  </Placemark>
  <Placemark>
	<ExtendedData><SchemaData schemaUrl="#Sheet1">
		<SimpleData name="Capa">cebollar/racar/cdla.Ingenieros/Flor de Plata/Totora/Euca</SimpleData>
		<SimpleData name="Nombre">SM5301-1</SimpleData>
		<SimpleData name="Latitud">-2.892671</SimpleData>
		<SimpleData name="Longitud">-78.977718</SimpleData>
	</SchemaData></ExtendedData>
  </Placemark>
  <Placemark>
	<ExtendedData><SchemaData schemaUrl="#Sheet1">
		<SimpleData name="Capa">cebollar/racar/cdla.Ingenieros/Flor de Plata/Totora/Euca</SimpleData>
		<SimpleData name="Nombre">SM5301-2</SimpleData>
		<SimpleData name="Latitud">-2.893166</SimpleData>
		<SimpleData name="Longitud">-78.979296</SimpleData>
	</SchemaData></ExtendedData>
  </Placemark>
  <Placemark>
	<ExtendedData><SchemaData schemaUrl="#Sheet1">
		<SimpleData name="Capa">cebollar/racar/cdla.Ingenieros/Flor de Plata/Totora/Euca</SimpleData>
		<SimpleData name="Nombre">SM5301-7</SimpleData>
		<SimpleData name="Latitud">-2.888948</SimpleData>
		<SimpleData name="Longitud">-78.979536</SimpleData>
	</SchemaData></ExtendedData>
  </Placemark>
  <Placemark>
	<ExtendedData><SchemaData schemaUrl="#Sheet1">
		<SimpleData name="Capa">cebollar/racar/cdla.Ingenieros/Flor de Plata/Totora/Euca</SimpleData>
		<SimpleData name="Nombre">SM5302-1</SimpleData>
		<SimpleData name="Latitud">-2.891557</SimpleData>
		<SimpleData name="Longitud">-78.981077</SimpleData>
	</SchemaData></ExtendedData>
  </Placemark>
  <Placemark>
	<ExtendedData><SchemaData schemaUrl="#Sheet1">
		<SimpleData name="Capa">cebollar/racar/cdla.Ingenieros/Flor de Plata/Totora/Euca</SimpleData>
		<SimpleData name="Nombre">SM5302-3</SimpleData>
		<SimpleData name="Latitud">-2.89308</SimpleData>
		<SimpleData name="Longitud">-78.980838</SimpleData>
	</SchemaData></ExtendedData>
  </Placemark>
  <Placemark>
	<ExtendedData><SchemaData schemaUrl="#Sheet1">
		<SimpleData name="Capa">cebollar/racar/cdla.Ingenieros/Flor de Plata/Totora/Euca</SimpleData>
		<SimpleData name="Nombre">SM5302-2</SimpleData>
		<SimpleData name="Latitud">-2.892896</SimpleData>
		<SimpleData name="Longitud">-78.98162</SimpleData>
	</SchemaData></ExtendedData>
  </Placemark>
  <Placemark>
	<ExtendedData><SchemaData schemaUrl="#Sheet1">
		<SimpleData name="Capa">cebollar/racar/cdla.Ingenieros/Flor de Plata/Totora/Euca</SimpleData>
		<SimpleData name="Nombre">SM5302-4</SimpleData>
		<SimpleData name="Latitud">-2.891183</SimpleData>
		<SimpleData name="Longitud">-78.983337</SimpleData>
	</SchemaData></ExtendedData>
  </Placemark>
  <Placemark>
	<ExtendedData><SchemaData schemaUrl="#Sheet1">
		<SimpleData name="Capa">cebollar/racar/cdla.Ingenieros/Flor de Plata/Totora/Euca</SimpleData>
		<SimpleData name="Nombre">SM5302-5</SimpleData>
		<SimpleData name="Latitud">-2.892904</SimpleData>
		<SimpleData name="Longitud">-78.982651</SimpleData>
	</SchemaData></ExtendedData>
  </Placemark>
  <Placemark>
	<ExtendedData><SchemaData schemaUrl="#Sheet1">
		<SimpleData name="Capa">cebollar/racar/cdla.Ingenieros/Flor de Plata/Totora/Euca</SimpleData>
		<SimpleData name="Nombre">SM5302-6</SimpleData>
		<SimpleData name="Latitud">-2.893808</SimpleData>
		<SimpleData name="Longitud">-78.982994</SimpleData>
	</SchemaData></ExtendedData>
  </Placemark>
  <Placemark>
	<ExtendedData><SchemaData schemaUrl="#Sheet1">
		<SimpleData name="Capa">cebollar/racar/cdla.Ingenieros/Flor de Plata/Totora/Euca</SimpleData>
		<SimpleData name="Nombre">SM5302-7</SimpleData>
		<SimpleData name="Latitud">-2.894536</SimpleData>
		<SimpleData name="Longitud">-78.982142</SimpleData>
	</SchemaData></ExtendedData>
  </Placemark>
  <Placemark>
	<ExtendedData><SchemaData schemaUrl="#Sheet1">
		<SimpleData name="Capa">cebollar/racar/cdla.Ingenieros/Flor de Plata/Totora/Euca</SimpleData>
		<SimpleData name="Nombre">SM5303-1</SimpleData>
		<SimpleData name="Latitud">-2.891433</SimpleData>
		<SimpleData name="Longitud">-78.983792</SimpleData>
	</SchemaData></ExtendedData>
  </Placemark>
  <Placemark>
	<ExtendedData><SchemaData schemaUrl="#Sheet1">
		<SimpleData name="Capa">cebollar/racar/cdla.Ingenieros/Flor de Plata/Totora/Euca</SimpleData>
		<SimpleData name="Nombre">SM5303-2</SimpleData>
		<SimpleData name="Latitud">-2.889633</SimpleData>
		<SimpleData name="Longitud">-78.98283</SimpleData>
	</SchemaData></ExtendedData>
  </Placemark>
  <Placemark>
	<ExtendedData><SchemaData schemaUrl="#Sheet1">
		<SimpleData name="Capa">cebollar/racar/cdla.Ingenieros/Flor de Plata/Totora/Euca</SimpleData>
		<SimpleData name="Nombre">SM5303-3</SimpleData>
		<SimpleData name="Latitud">-2.892184</SimpleData>
		<SimpleData name="Longitud">-78.984345</SimpleData>
	</SchemaData></ExtendedData>
  </Placemark>
  <Placemark>
	<ExtendedData><SchemaData schemaUrl="#Sheet1">
		<SimpleData name="Capa">cebollar/racar/cdla.Ingenieros/Flor de Plata/Totora/Euca</SimpleData>
		<SimpleData name="Nombre">SM5303-4</SimpleData>
		<SimpleData name="Latitud">-2.889064</SimpleData>
		<SimpleData name="Longitud">-78.981796</SimpleData>
	</SchemaData></ExtendedData>
  </Placemark>
  <Placemark>
	<ExtendedData><SchemaData schemaUrl="#Sheet1">
		<SimpleData name="Capa">cebollar/racar/cdla.Ingenieros/Flor de Plata/Totora/Euca</SimpleData>
		<SimpleData name="Nombre">SM5303-5</SimpleData>
		<SimpleData name="Latitud">-2.887596</SimpleData>
		<SimpleData name="Longitud">-78.979481</SimpleData>
	</SchemaData></ExtendedData>
  </Placemark>
  <Placemark>
	<ExtendedData><SchemaData schemaUrl="#Sheet1">
		<SimpleData name="Capa">cebollar/racar/cdla.Ingenieros/Flor de Plata/Totora/Euca</SimpleData>
		<SimpleData name="Nombre">SM5303-6</SimpleData>
		<SimpleData name="Latitud">-2.895454</SimpleData>
		<SimpleData name="Longitud">-78.985468</SimpleData>
	</SchemaData></ExtendedData>
  </Placemark>
  <Placemark>
	<ExtendedData><SchemaData schemaUrl="#Sheet1">
		<SimpleData name="Capa">cebollar/racar/cdla.Ingenieros/Flor de Plata/Totora/Euca</SimpleData>
		<SimpleData name="Nombre">SM5303-7</SimpleData>
		<SimpleData name="Latitud">-2.892632</SimpleData>
		<SimpleData name="Longitud">-78.985782</SimpleData>
	</SchemaData></ExtendedData>
  </Placemark>
  <Placemark>
	<ExtendedData><SchemaData schemaUrl="#Sheet1">
		<SimpleData name="Capa">cebollar/racar/cdla.Ingenieros/Flor de Plata/Totora/Euca</SimpleData>
		<SimpleData name="Nombre">SM5304-2</SimpleData>
		<SimpleData name="Latitud">-2.89542</SimpleData>
		<SimpleData name="Longitud">-78.980701</SimpleData>
	</SchemaData></ExtendedData>
  </Placemark>
  <Placemark>
	<ExtendedData><SchemaData schemaUrl="#Sheet1">
		<SimpleData name="Capa">cebollar/racar/cdla.Ingenieros/Flor de Plata/Totora/Euca</SimpleData>
		<SimpleData name="Nombre">SM5304-1</SimpleData>
		<SimpleData name="Latitud">-2.894878</SimpleData>
		<SimpleData name="Longitud">-78.980411</SimpleData>
	</SchemaData></ExtendedData>
  </Placemark>
  <Placemark>
	<ExtendedData><SchemaData schemaUrl="#Sheet1">
		<SimpleData name="Capa">cebollar/racar/cdla.Ingenieros/Flor de Plata/Totora/Euca</SimpleData>
		<SimpleData name="Nombre">SM5304-3</SimpleData>
		<SimpleData name="Latitud">-2.894249</SimpleData>
		<SimpleData name="Longitud">-78.9787</SimpleData>
	</SchemaData></ExtendedData>
  </Placemark>
  <Placemark>
	<ExtendedData><SchemaData schemaUrl="#Sheet1">
		<SimpleData name="Capa">cebollar/racar/cdla.Ingenieros/Flor de Plata/Totora/Euca</SimpleData>
		<SimpleData name="Nombre">SM5304-4</SimpleData>
		<SimpleData name="Latitud">-2.895383</SimpleData>
		<SimpleData name="Longitud">-78.979222</SimpleData>
	</SchemaData></ExtendedData>
  </Placemark>
  <Placemark>
	<ExtendedData><SchemaData schemaUrl="#Sheet1">
		<SimpleData name="Capa">cebollar/racar/cdla.Ingenieros/Flor de Plata/Totora/Euca</SimpleData>
		<SimpleData name="Nombre">SM5304-5</SimpleData>
		<SimpleData name="Latitud">-2.896509</SimpleData>
		<SimpleData name="Longitud">-78.977669</SimpleData>
	</SchemaData></ExtendedData>
  </Placemark>
  <Placemark>
	<ExtendedData><SchemaData schemaUrl="#Sheet1">
		<SimpleData name="Capa">cebollar/racar/cdla.Ingenieros/Flor de Plata/Totora/Euca</SimpleData>
		<SimpleData name="Nombre">SM5304-6</SimpleData>
		<SimpleData name="Latitud">-2.896672</SimpleData>
		<SimpleData name="Longitud">-78.979406</SimpleData>
	</SchemaData></ExtendedData>
  </Placemark>
  <Placemark>
	<ExtendedData><SchemaData schemaUrl="#Sheet1">
		<SimpleData name="Capa">cebollar/racar/cdla.Ingenieros/Flor de Plata/Totora/Euca</SimpleData>
		<SimpleData name="Nombre">SM5305-1</SimpleData>
		<SimpleData name="Latitud">-2.895434</SimpleData>
		<SimpleData name="Longitud">-78.983353</SimpleData>
	</SchemaData></ExtendedData>
  </Placemark>
  <Placemark>
	<ExtendedData><SchemaData schemaUrl="#Sheet1">
		<SimpleData name="Capa">cebollar/racar/cdla.Ingenieros/Flor de Plata/Totora/Euca</SimpleData>
		<SimpleData name="Nombre">SM5305-2</SimpleData>
		<SimpleData name="Latitud">-2.8973</SimpleData>
		<SimpleData name="Longitud">-78.983632</SimpleData>
	</SchemaData></ExtendedData>
  </Placemark>
  <Placemark>
	<ExtendedData><SchemaData schemaUrl="#Sheet1">
		<SimpleData name="Capa">cebollar/racar/cdla.Ingenieros/Flor de Plata/Totora/Euca</SimpleData>
		<SimpleData name="Nombre">SM5305-3</SimpleData>
		<SimpleData name="Latitud">-2.894575</SimpleData>
		<SimpleData name="Longitud">-78.980858</SimpleData>
	</SchemaData></ExtendedData>
  </Placemark>
  <Placemark>
	<ExtendedData><SchemaData schemaUrl="#Sheet1">
		<SimpleData name="Capa">cebollar/racar/cdla.Ingenieros/Flor de Plata/Totora/Euca</SimpleData>
		<SimpleData name="Nombre">SM5305-4</SimpleData>
		<SimpleData name="Latitud">-2.896086</SimpleData>
		<SimpleData name="Longitud">-78.982465</SimpleData>
	</SchemaData></ExtendedData>
  </Placemark>
  <Placemark>
	<ExtendedData><SchemaData schemaUrl="#Sheet1">
		<SimpleData name="Capa">cebollar/racar/cdla.Ingenieros/Flor de Plata/Totora/Euca</SimpleData>
		<SimpleData name="Nombre">SM5305-5</SimpleData>
		<SimpleData name="Latitud">-2.898007</SimpleData>
		<SimpleData name="Longitud">-78.983251</SimpleData>
	</SchemaData></ExtendedData>
  </Placemark>
  <Placemark>
	<ExtendedData><SchemaData schemaUrl="#Sheet1">
		<SimpleData name="Capa">cebollar/racar/cdla.Ingenieros/Flor de Plata/Totora/Euca</SimpleData>
		<SimpleData name="Nombre">SM5305-6</SimpleData>
		<SimpleData name="Latitud">-2.898698</SimpleData>
		<SimpleData name="Longitud">-78.983343</SimpleData>
	</SchemaData></ExtendedData>
  </Placemark>
  <Placemark>
	<ExtendedData><SchemaData schemaUrl="#Sheet1">
		<SimpleData name="Capa">cebollar/racar/cdla.Ingenieros/Flor de Plata/Totora/Euca</SimpleData>
		<SimpleData name="Nombre">SM5305-7</SimpleData>
		<SimpleData name="Latitud">-2.897447</SimpleData>
		<SimpleData name="Longitud">-78.981579</SimpleData>
	</SchemaData></ExtendedData>
  </Placemark>
  <Placemark>
	<ExtendedData><SchemaData schemaUrl="#Sheet1">
		<SimpleData name="Capa">cebollar/racar/cdla.Ingenieros/Flor de Plata/Totora/Euca</SimpleData>
		<SimpleData name="Nombre">SM5305-8</SimpleData>
		<SimpleData name="Latitud">-2.897424</SimpleData>
		<SimpleData name="Longitud">-78.979875</SimpleData>
	</SchemaData></ExtendedData>
  </Placemark>
  <Placemark>
	<ExtendedData><SchemaData schemaUrl="#Sheet1">
		<SimpleData name="Capa">cebollar/racar/cdla.Ingenieros/Flor de Plata/Totora/Euca</SimpleData>
		<SimpleData name="Nombre">SM5307-1</SimpleData>
		<SimpleData name="Latitud">-2.898658</SimpleData>
		<SimpleData name="Longitud">-78.988675</SimpleData>
	</SchemaData></ExtendedData>
  </Placemark>
  <Placemark>
	<ExtendedData><SchemaData schemaUrl="#Sheet1">
		<SimpleData name="Capa">cebollar/racar/cdla.Ingenieros/Flor de Plata/Totora/Euca</SimpleData>
		<SimpleData name="Nombre">SM5307-2</SimpleData>
		<SimpleData name="Latitud">-2.899037</SimpleData>
		<SimpleData name="Longitud">-78.990424</SimpleData>
	</SchemaData></ExtendedData>
  </Placemark>
  <Placemark>
	<ExtendedData><SchemaData schemaUrl="#Sheet1">
		<SimpleData name="Capa">cebollar/racar/cdla.Ingenieros/Flor de Plata/Totora/Euca</SimpleData>
		<SimpleData name="Nombre">SM5307-3</SimpleData>
		<SimpleData name="Latitud">-2.899535</SimpleData>
		<SimpleData name="Longitud">-78.989014</SimpleData>
	</SchemaData></ExtendedData>
  </Placemark>
  <Placemark>
	<ExtendedData><SchemaData schemaUrl="#Sheet1">
		<SimpleData name="Capa">cebollar/racar/cdla.Ingenieros/Flor de Plata/Totora/Euca</SimpleData>
		<SimpleData name="Nombre">SM5307-4</SimpleData>
		<SimpleData name="Latitud">-2.89945</SimpleData>
		<SimpleData name="Longitud">-78.987388</SimpleData>
	</SchemaData></ExtendedData>
  </Placemark>
  <Placemark>
	<ExtendedData><SchemaData schemaUrl="#Sheet1">
		<SimpleData name="Capa">cebollar/racar/cdla.Ingenieros/Flor de Plata/Totora/Euca</SimpleData>
		<SimpleData name="Nombre">SM5307-5</SimpleData>
		<SimpleData name="Latitud">-2.897805</SimpleData>
		<SimpleData name="Longitud">-78.986728</SimpleData>
	</SchemaData></ExtendedData>
  </Placemark>
  <Placemark>
	<ExtendedData><SchemaData schemaUrl="#Sheet1">
		<SimpleData name="Capa">cebollar/racar/cdla.Ingenieros/Flor de Plata/Totora/Euca</SimpleData>
		<SimpleData name="Nombre">SM5307-6</SimpleData>
		<SimpleData name="Latitud">-2.896926</SimpleData>
		<SimpleData name="Longitud">-78.985158</SimpleData>
	</SchemaData></ExtendedData>
  </Placemark>
  <Placemark>
	<ExtendedData><SchemaData schemaUrl="#Sheet1">
		<SimpleData name="Capa">cebollar/racar/cdla.Ingenieros/Flor de Plata/Totora/Euca</SimpleData>
		<SimpleData name="Nombre">SM5307-7</SimpleData>
		<SimpleData name="Latitud">-2.898558</SimpleData>
		<SimpleData name="Longitud">-78.986217</SimpleData>
	</SchemaData></ExtendedData>
  </Placemark>
  <Placemark>
	<ExtendedData><SchemaData schemaUrl="#Sheet1">
		<SimpleData name="Capa">cebollar/racar/cdla.Ingenieros/Flor de Plata/Totora/Euca</SimpleData>
		<SimpleData name="Nombre">SM5307-8</SimpleData>
		<SimpleData name="Latitud">-2.89893</SimpleData>
		<SimpleData name="Longitud">-78.985317</SimpleData>
	</SchemaData></ExtendedData>
  </Placemark>
  <Placemark>
	<ExtendedData><SchemaData schemaUrl="#Sheet1">
		<SimpleData name="Capa">cebollar/racar/cdla.Ingenieros/Flor de Plata/Totora/Euca</SimpleData>
		<SimpleData name="Nombre">SM1320-1</SimpleData>
		<SimpleData name="Latitud">-2.893566</SimpleData>
		<SimpleData name="Longitud">-78.976483</SimpleData>
	</SchemaData></ExtendedData>
  </Placemark>
  <Placemark>
	<ExtendedData><SchemaData schemaUrl="#Sheet1">
		<SimpleData name="Capa">cebollar/racar/cdla.Ingenieros/Flor de Plata/Totora/Euca</SimpleData>
		<SimpleData name="Nombre">SM1320-2</SimpleData>
		<SimpleData name="Latitud">-2.89402</SimpleData>
		<SimpleData name="Longitud">-78.975654</SimpleData>
	</SchemaData></ExtendedData>
  </Placemark>
  <Placemark>
	<ExtendedData><SchemaData schemaUrl="#Sheet1">
		<SimpleData name="Capa">cebollar/racar/cdla.Ingenieros/Flor de Plata/Totora/Euca</SimpleData>
		<SimpleData name="Nombre">SM1320-4</SimpleData>
		<SimpleData name="Latitud">-2.895574</SimpleData>
		<SimpleData name="Longitud">-78.977257</SimpleData>
	</SchemaData></ExtendedData>
  </Placemark>
  <Placemark>
	<ExtendedData><SchemaData schemaUrl="#Sheet1">
		<SimpleData name="Capa">cebollar/racar/cdla.Ingenieros/Flor de Plata/Totora/Euca</SimpleData>
		<SimpleData name="Nombre">SM1320-5</SimpleData>
		<SimpleData name="Latitud">-2.894846</SimpleData>
		<SimpleData name="Longitud">-78.977163</SimpleData>
	</SchemaData></ExtendedData>
  </Placemark>
  <Placemark>
	<ExtendedData><SchemaData schemaUrl="#Sheet1">
		<SimpleData name="Capa">cebollar/racar/cdla.Ingenieros/Flor de Plata/Totora/Euca</SimpleData>
		<SimpleData name="Nombre">SM1320-3</SimpleData>
		<SimpleData name="Latitud">-2.895139</SimpleData>
		<SimpleData name="Longitud">-78.976209</SimpleData>
	</SchemaData></ExtendedData>
  </Placemark>
  <Placemark>
	<ExtendedData><SchemaData schemaUrl="#Sheet1">
		<SimpleData name="Capa">cebollar/racar/cdla.Ingenieros/Flor de Plata/Totora/Euca</SimpleData>
		<SimpleData name="Nombre">SM1320-7</SimpleData>
		<SimpleData name="Latitud">-2.895717</SimpleData>
		<SimpleData name="Longitud">-78.975189</SimpleData>
	</SchemaData></ExtendedData>
  </Placemark>
  <Placemark>
	<ExtendedData><SchemaData schemaUrl="#Sheet1">
		<SimpleData name="Capa">cebollar/racar/cdla.Ingenieros/Flor de Plata/Totora/Euca</SimpleData>
		<SimpleData name="Nombre">SM1320-6</SimpleData>
		<SimpleData name="Latitud">-2.89598</SimpleData>
		<SimpleData name="Longitud">-78.976395</SimpleData>
	</SchemaData></ExtendedData>
  </Placemark>
  <Placemark>
	<ExtendedData><SchemaData schemaUrl="#Sheet1">
		<SimpleData name="Capa">cebollar/racar/cdla.Ingenieros/Flor de Plata/Totora/Euca</SimpleData>
		<SimpleData name="Nombre">SM1320-8</SimpleData>
		<SimpleData name="Latitud">-2.89672</SimpleData>
		<SimpleData name="Longitud">-78.976466</SimpleData>
	</SchemaData></ExtendedData>
  </Placemark>
  <Placemark>
	<ExtendedData><SchemaData schemaUrl="#Sheet1">
		<SimpleData name="Capa">cebollar/racar/cdla.Ingenieros/Flor de Plata/Totora/Euca</SimpleData>
		<SimpleData name="Nombre">SM1312-3</SimpleData>
		<SimpleData name="Latitud">-2.89351</SimpleData>
		<SimpleData name="Longitud">-78.968688</SimpleData>
	</SchemaData></ExtendedData>
  </Placemark>
  <Placemark>
	<ExtendedData><SchemaData schemaUrl="#Sheet1">
		<SimpleData name="Capa">cebollar/racar/cdla.Ingenieros/Flor de Plata/Totora/Euca</SimpleData>
		<SimpleData name="Nombre">SM1312-4</SimpleData>
		<SimpleData name="Latitud">-2.893158</SimpleData>
		<SimpleData name="Longitud">-78.968019</SimpleData>
	</SchemaData></ExtendedData>
  </Placemark>
  <Placemark>
	<ExtendedData><SchemaData schemaUrl="#Sheet1">
		<SimpleData name="Capa">cebollar/racar/cdla.Ingenieros/Flor de Plata/Totora/Euca</SimpleData>
		<SimpleData name="Nombre">SM1312-6</SimpleData>
		<SimpleData name="Latitud">-2.892501</SimpleData>
		<SimpleData name="Longitud">-78.966096</SimpleData>
	</SchemaData></ExtendedData>
  </Placemark>
  <Placemark>
	<ExtendedData><SchemaData schemaUrl="#Sheet1">
		<SimpleData name="Capa">cebollar/racar/cdla.Ingenieros/Flor de Plata/Totora/Euca</SimpleData>
		<SimpleData name="Nombre">SM1312-7</SimpleData>
		<SimpleData name="Latitud">-2.891269</SimpleData>
		<SimpleData name="Longitud">-78.965942</SimpleData>
	</SchemaData></ExtendedData>
  </Placemark>
  <Placemark>
	<ExtendedData><SchemaData schemaUrl="#Sheet1">
		<SimpleData name="Capa">cebollar/racar/cdla.Ingenieros/Flor de Plata/Totora/Euca</SimpleData>
		<SimpleData name="Nombre">SM1312-5</SimpleData>
		<SimpleData name="Latitud">-2.891145</SimpleData>
		<SimpleData name="Longitud">-78.967781</SimpleData>
	</SchemaData></ExtendedData>
  </Placemark>
  <Placemark>
	<ExtendedData><SchemaData schemaUrl="#Sheet1">
		<SimpleData name="Capa">cebollar/racar/cdla.Ingenieros/Flor de Plata/Totora/Euca</SimpleData>
		<SimpleData name="Nombre">SM1312-2</SimpleData>
		<SimpleData name="Latitud">-2.893183</SimpleData>
		<SimpleData name="Longitud">-78.969628</SimpleData>
	</SchemaData></ExtendedData>
  </Placemark>
  <Placemark>
	<ExtendedData><SchemaData schemaUrl="#Sheet1">
		<SimpleData name="Capa">cebollar/racar/cdla.Ingenieros/Flor de Plata/Totora/Euca</SimpleData>
		<SimpleData name="Nombre">SM1312-8</SimpleData>
		<SimpleData name="Latitud">-2.890882</SimpleData>
		<SimpleData name="Longitud">-78.964626</SimpleData>
	</SchemaData></ExtendedData>
  </Placemark>
  <Placemark>
	<ExtendedData><SchemaData schemaUrl="#Sheet1">
		<SimpleData name="Capa">cebollar/racar/cdla.Ingenieros/Flor de Plata/Totora/Euca</SimpleData>
		<SimpleData name="Nombre">SM1312-1</SimpleData>
		<SimpleData name="Latitud">-2.894421</SimpleData>
		<SimpleData name="Longitud">-78.971173</SimpleData>
	</SchemaData></ExtendedData>
  </Placemark>
  <Placemark>
	<ExtendedData><SchemaData schemaUrl="#Sheet1">
		<SimpleData name="Capa">cebollar/racar/cdla.Ingenieros/Flor de Plata/Totora/Euca</SimpleData>
		<SimpleData name="Nombre">SM1311-7</SimpleData>
		<SimpleData name="Latitud">-2.893652</SimpleData>
		<SimpleData name="Longitud">-78.970312</SimpleData>
	</SchemaData></ExtendedData>
  </Placemark>
  <Placemark>
	<ExtendedData><SchemaData schemaUrl="#Sheet1">
		<SimpleData name="Capa">cebollar/racar/cdla.Ingenieros/Flor de Plata/Totora/Euca</SimpleData>
		<SimpleData name="Nombre">SM1311-6</SimpleData>
		<SimpleData name="Latitud">-2.891894</SimpleData>
		<SimpleData name="Longitud">-78.96958</SimpleData>
	</SchemaData></ExtendedData>
  </Placemark>
  <Placemark>
	<ExtendedData><SchemaData schemaUrl="#Sheet1">
		<SimpleData name="Capa">cebollar/racar/cdla.Ingenieros/Flor de Plata/Totora/Euca</SimpleData>
		<SimpleData name="Nombre">SM1311-5</SimpleData>
		<SimpleData name="Latitud">-2.892873</SimpleData>
		<SimpleData name="Longitud">-78.971057</SimpleData>
	</SchemaData></ExtendedData>
  </Placemark>
  <Placemark>
	<ExtendedData><SchemaData schemaUrl="#Sheet1">
		<SimpleData name="Capa">cebollar/racar/cdla.Ingenieros/Flor de Plata/Totora/Euca</SimpleData>
		<SimpleData name="Nombre">SM1311-1</SimpleData>
		<SimpleData name="Latitud">-2.894324</SimpleData>
		<SimpleData name="Longitud">-78.973924</SimpleData>
	</SchemaData></ExtendedData>
  </Placemark>
  <Placemark>
	<ExtendedData><SchemaData schemaUrl="#Sheet1">
		<SimpleData name="Capa">cebollar/racar/cdla.Ingenieros/Flor de Plata/Totora/Euca</SimpleData>
		<SimpleData name="Nombre">SM1311-3</SimpleData>
		<SimpleData name="Latitud">-2.894688</SimpleData>
		<SimpleData name="Longitud">-78.972992</SimpleData>
	</SchemaData></ExtendedData>
  </Placemark>
  <Placemark>
	<ExtendedData><SchemaData schemaUrl="#Sheet1">
		<SimpleData name="Capa">cebollar/racar/cdla.Ingenieros/Flor de Plata/Totora/Euca</SimpleData>
		<SimpleData name="Nombre">SM1311-4</SimpleData>
		<SimpleData name="Latitud">-2.893951</SimpleData>
		<SimpleData name="Longitud">-78.970956</SimpleData>
	</SchemaData></ExtendedData>
  </Placemark>
  <Placemark>
	<ExtendedData><SchemaData schemaUrl="#Sheet1">
		<SimpleData name="Capa">cebollar/racar/cdla.Ingenieros/Flor de Plata/Totora/Euca</SimpleData>
		<SimpleData name="Nombre">SM1311-2</SimpleData>
		<SimpleData name="Latitud">-2.896207</SimpleData>
		<SimpleData name="Longitud">-78.974836</SimpleData>
	</SchemaData></ExtendedData>
  </Placemark>
  <Placemark>
	<ExtendedData><SchemaData schemaUrl="#Sheet1">
		<SimpleData name="Capa">cebollar/racar/cdla.Ingenieros/Flor de Plata/Totora/Euca</SimpleData>
		<SimpleData name="Nombre">SM1310-2</SimpleData>
		<SimpleData name="Latitud">-2.892908</SimpleData>
		<SimpleData name="Longitud">-78.973843</SimpleData>
	</SchemaData></ExtendedData>
  </Placemark>
  <Placemark>
	<ExtendedData><SchemaData schemaUrl="#Sheet1">
		<SimpleData name="Capa">cebollar/racar/cdla.Ingenieros/Flor de Plata/Totora/Euca</SimpleData>
		<SimpleData name="Nombre">SM1310-1</SimpleData>
		<SimpleData name="Latitud">-2.892765</SimpleData>
		<SimpleData name="Longitud">-78.974787</SimpleData>
	</SchemaData></ExtendedData>
  </Placemark>
  <Placemark>
	<ExtendedData><SchemaData schemaUrl="#Sheet1">
		<SimpleData name="Capa">cebollar/racar/cdla.Ingenieros/Flor de Plata/Totora/Euca</SimpleData>
		<SimpleData name="Nombre">SM1310-3</SimpleData>
		<SimpleData name="Latitud">-2.890963</SimpleData>
		<SimpleData name="Longitud">-78.972262</SimpleData>
	</SchemaData></ExtendedData>
  </Placemark>
  <Placemark>
	<ExtendedData><SchemaData schemaUrl="#Sheet1">
		<SimpleData name="Capa">cebollar/racar/cdla.Ingenieros/Flor de Plata/Totora/Euca</SimpleData>
		<SimpleData name="Nombre">SM1310-4</SimpleData>
		<SimpleData name="Latitud">-2.891435</SimpleData>
		<SimpleData name="Longitud">-78.971295</SimpleData>
	</SchemaData></ExtendedData>
  </Placemark>
  <Placemark>
	<ExtendedData><SchemaData schemaUrl="#Sheet1">
		<SimpleData name="Capa">cebollar/racar/cdla.Ingenieros/Flor de Plata/Totora/Euca</SimpleData>
		<SimpleData name="Nombre">SM1310-5</SimpleData>
		<SimpleData name="Latitud">-2.890984</SimpleData>
		<SimpleData name="Longitud">-78.968407</SimpleData>
	</SchemaData></ExtendedData>
  </Placemark>
  <Placemark>
	<ExtendedData><SchemaData schemaUrl="#Sheet1">
		<SimpleData name="Capa">cebollar/racar/cdla.Ingenieros/Flor de Plata/Totora/Euca</SimpleData>
		<SimpleData name="Nombre">SM1313-2</SimpleData>
		<SimpleData name="Latitud">-2.890489</SimpleData>
		<SimpleData name="Longitud">-78.967824</SimpleData>
	</SchemaData></ExtendedData>
  </Placemark>
  <Placemark>
	<ExtendedData><SchemaData schemaUrl="#Sheet1">
		<SimpleData name="Capa">cebollar/racar/cdla.Ingenieros/Flor de Plata/Totora/Euca</SimpleData>
		<SimpleData name="Nombre">SM1313-1</SimpleData>
		<SimpleData name="Latitud">-2.889542</SimpleData>
		<SimpleData name="Longitud">-78.967609</SimpleData>
	</SchemaData></ExtendedData>
  </Placemark>
  <Placemark>
	<ExtendedData><SchemaData schemaUrl="#Sheet1">
		<SimpleData name="Capa">cebollar/racar/cdla.Ingenieros/Flor de Plata/Totora/Euca</SimpleData>
		<SimpleData name="Nombre">SM5118-2</SimpleData>
		<SimpleData name="Latitud">-2.870495</SimpleData>
		<SimpleData name="Longitud">-79.034878</SimpleData>
	</SchemaData></ExtendedData>
  </Placemark>
  <Placemark>
	<ExtendedData><SchemaData schemaUrl="#Sheet1">
		<SimpleData name="Capa">cebollar/racar/cdla.Ingenieros/Flor de Plata/Totora/Euca</SimpleData>
		<SimpleData name="Nombre">SM5118-6</SimpleData>
		<SimpleData name="Latitud">-2.868162</SimpleData>
		<SimpleData name="Longitud">-79.033977</SimpleData>
	</SchemaData></ExtendedData>
  </Placemark>
  <Placemark>
	<ExtendedData><SchemaData schemaUrl="#Sheet1">
		<SimpleData name="Capa">cebollar/racar/cdla.Ingenieros/Flor de Plata/Totora/Euca</SimpleData>
		<SimpleData name="Nombre">SM0804-2</SimpleData>
		<SimpleData name="Latitud">-2.882679</SimpleData>
		<SimpleData name="Longitud">-78.950146</SimpleData>
	</SchemaData></ExtendedData>
  </Placemark>
  <Placemark>
	<ExtendedData><SchemaData schemaUrl="#Sheet1">
		<SimpleData name="Capa">cebollar/racar/cdla.Ingenieros/Flor de Plata/Totora/Euca</SimpleData>
		<SimpleData name="Nombre">SM0804-1</SimpleData>
		<SimpleData name="Latitud">-2.8854572</SimpleData>
		<SimpleData name="Longitud">-78.952117</SimpleData>
	</SchemaData></ExtendedData>
  </Placemark>
  <Placemark>
	<ExtendedData><SchemaData schemaUrl="#Sheet1">
		<SimpleData name="Capa">cebollar/racar/cdla.Ingenieros/Flor de Plata/Totora/Euca</SimpleData>
		<SimpleData name="Nombre">SM0804-5</SimpleData>
		<SimpleData name="Latitud">-2.880243</SimpleData>
		<SimpleData name="Longitud">-78.950386</SimpleData>
	</SchemaData></ExtendedData>
  </Placemark>
  <Placemark>
	<ExtendedData><SchemaData schemaUrl="#Sheet1">
		<SimpleData name="Capa">cebollar/racar/cdla.Ingenieros/Flor de Plata/Totora/Euca</SimpleData>
		<SimpleData name="Nombre">SM5101-4</SimpleData>
		<SimpleData name="Latitud">-2.878823</SimpleData>
		<SimpleData name="Longitud">-78.988918</SimpleData>
	</SchemaData></ExtendedData>
  </Placemark>
  <Placemark>
	<ExtendedData><SchemaData schemaUrl="#Sheet1">
		<SimpleData name="Capa">cebollar/racar/cdla.Ingenieros/Flor de Plata/Totora/Euca</SimpleData>
		<SimpleData name="Nombre">SM5101-3</SimpleData>
		<SimpleData name="Latitud">-2.879471</SimpleData>
		<SimpleData name="Longitud">-78.988046</SimpleData>
	</SchemaData></ExtendedData>
  </Placemark>
  <Placemark>
	<ExtendedData><SchemaData schemaUrl="#Sheet1">
		<SimpleData name="Capa">cebollar/racar/cdla.Ingenieros/Flor de Plata/Totora/Euca</SimpleData>
		<SimpleData name="Nombre">SM5101-2</SimpleData>
		<SimpleData name="Latitud">-2.877826</SimpleData>
		<SimpleData name="Longitud">-78.988588</SimpleData>
	</SchemaData></ExtendedData>
  </Placemark>
  <Placemark>
	<ExtendedData><SchemaData schemaUrl="#Sheet1">
		<SimpleData name="Capa">cebollar/racar/cdla.Ingenieros/Flor de Plata/Totora/Euca</SimpleData>
		<SimpleData name="Nombre">SM5101-5</SimpleData>
		<SimpleData name="Latitud">-2.878842</SimpleData>
		<SimpleData name="Longitud">-78.987051</SimpleData>
	</SchemaData></ExtendedData>
  </Placemark>
  <Placemark>
	<ExtendedData><SchemaData schemaUrl="#Sheet1">
		<SimpleData name="Capa">cebollar/racar/cdla.Ingenieros/Flor de Plata/Totora/Euca</SimpleData>
		<SimpleData name="Nombre">SM5101-6</SimpleData>
		<SimpleData name="Latitud">-2.879421</SimpleData>
		<SimpleData name="Longitud">-78.985822</SimpleData>
	</SchemaData></ExtendedData>
  </Placemark>
  <Placemark>
	<ExtendedData><SchemaData schemaUrl="#Sheet1">
		<SimpleData name="Capa">cebollar/racar/cdla.Ingenieros/Flor de Plata/Totora/Euca</SimpleData>
		<SimpleData name="Nombre">SM5101-7</SimpleData>
		<SimpleData name="Latitud">-2.88015</SimpleData>
		<SimpleData name="Longitud">-78.984057</SimpleData>
	</SchemaData></ExtendedData>
  </Placemark>
  <Placemark>
	<ExtendedData><SchemaData schemaUrl="#Sheet1">
		<SimpleData name="Capa">cebollar/racar/cdla.Ingenieros/Flor de Plata/Totora/Euca</SimpleData>
		<SimpleData name="Nombre">SM5101-8</SimpleData>
		<SimpleData name="Latitud">-2.878861</SimpleData>
		<SimpleData name="Longitud">-78.984013</SimpleData>
	</SchemaData></ExtendedData>
  </Placemark>
  <Placemark>
	<ExtendedData><SchemaData schemaUrl="#Sheet1">
		<SimpleData name="Capa">cebollar/racar/cdla.Ingenieros/Flor de Plata/Totora/Euca</SimpleData>
		<SimpleData name="Nombre">SM5102-1</SimpleData>
		<SimpleData name="Latitud">-2.880604</SimpleData>
		<SimpleData name="Longitud">-78.9887</SimpleData>
	</SchemaData></ExtendedData>
  </Placemark>
  <Placemark>
	<ExtendedData><SchemaData schemaUrl="#Sheet1">
		<SimpleData name="Capa">cebollar/racar/cdla.Ingenieros/Flor de Plata/Totora/Euca</SimpleData>
		<SimpleData name="Nombre">SM5102-2</SimpleData>
		<SimpleData name="Latitud">-2.881792</SimpleData>
		<SimpleData name="Longitud">-78.988123</SimpleData>
	</SchemaData></ExtendedData>
  </Placemark>
  <Placemark>
	<ExtendedData><SchemaData schemaUrl="#Sheet1">
		<SimpleData name="Capa">cebollar/racar/cdla.Ingenieros/Flor de Plata/Totora/Euca</SimpleData>
		<SimpleData name="Nombre">SM5102-3</SimpleData>
		<SimpleData name="Latitud">-2.880929</SimpleData>
		<SimpleData name="Longitud">-78.98726</SimpleData>
	</SchemaData></ExtendedData>
  </Placemark>
  <Placemark>
	<ExtendedData><SchemaData schemaUrl="#Sheet1">
		<SimpleData name="Capa">cebollar/racar/cdla.Ingenieros/Flor de Plata/Totora/Euca</SimpleData>
		<SimpleData name="Nombre">SM5102-4</SimpleData>
		<SimpleData name="Latitud">-2.881177</SimpleData>
		<SimpleData name="Longitud">-78.985465</SimpleData>
	</SchemaData></ExtendedData>
  </Placemark>
  <Placemark>
	<ExtendedData><SchemaData schemaUrl="#Sheet1">
		<SimpleData name="Capa">cebollar/racar/cdla.Ingenieros/Flor de Plata/Totora/Euca</SimpleData>
		<SimpleData name="Nombre">SM5102-5</SimpleData>
		<SimpleData name="Latitud">-2.87953</SimpleData>
		<SimpleData name="Longitud">-78.989685</SimpleData>
	</SchemaData></ExtendedData>
  </Placemark>
  <Placemark>
	<ExtendedData><SchemaData schemaUrl="#Sheet1">
		<SimpleData name="Capa">cebollar/racar/cdla.Ingenieros/Flor de Plata/Totora/Euca</SimpleData>
		<SimpleData name="Nombre">SM5102-7</SimpleData>
		<SimpleData name="Latitud">-2.880897</SimpleData>
		<SimpleData name="Longitud">-78.990813</SimpleData>
	</SchemaData></ExtendedData>
  </Placemark>
  <Placemark>
	<ExtendedData><SchemaData schemaUrl="#Sheet1">
		<SimpleData name="Capa">cebollar/racar/cdla.Ingenieros/Flor de Plata/Totora/Euca</SimpleData>
		<SimpleData name="Nombre">SM5102-6</SimpleData>
		<SimpleData name="Latitud">-2.880412</SimpleData>
		<SimpleData name="Longitud">-78.992137</SimpleData>
	</SchemaData></ExtendedData>
  </Placemark>
  <Placemark>
	<ExtendedData><SchemaData schemaUrl="#Sheet1">
		<SimpleData name="Capa">cebollar/racar/cdla.Ingenieros/Flor de Plata/Totora/Euca</SimpleData>
		<SimpleData name="Nombre">SM5102-8</SimpleData>
		<SimpleData name="Latitud">-2.88077</SimpleData>
		<SimpleData name="Longitud">-78.995161</SimpleData>
	</SchemaData></ExtendedData>
  </Placemark>
  <Placemark>
	<ExtendedData><SchemaData schemaUrl="#Sheet1">
		<SimpleData name="Capa">cebollar/racar/cdla.Ingenieros/Flor de Plata/Totora/Euca</SimpleData>
		<SimpleData name="Nombre">SM5103-1</SimpleData>
		<SimpleData name="Latitud">-2.881992</SimpleData>
		<SimpleData name="Longitud">-78.989338</SimpleData>
	</SchemaData></ExtendedData>
  </Placemark>
  <Placemark>
	<ExtendedData><SchemaData schemaUrl="#Sheet1">
		<SimpleData name="Capa">cebollar/racar/cdla.Ingenieros/Flor de Plata/Totora/Euca</SimpleData>
		<SimpleData name="Nombre">SM5103-2</SimpleData>
		<SimpleData name="Latitud">-2.881939</SimpleData>
		<SimpleData name="Longitud">-78.990615</SimpleData>
	</SchemaData></ExtendedData>
  </Placemark>
  <Placemark>
	<ExtendedData><SchemaData schemaUrl="#Sheet1">
		<SimpleData name="Capa">cebollar/racar/cdla.Ingenieros/Flor de Plata/Totora/Euca</SimpleData>
		<SimpleData name="Nombre">SM5103-3</SimpleData>
		<SimpleData name="Latitud">-2.883486</SimpleData>
		<SimpleData name="Longitud">-78.991498</SimpleData>
	</SchemaData></ExtendedData>
  </Placemark>
  <Placemark>
	<ExtendedData><SchemaData schemaUrl="#Sheet1">
		<SimpleData name="Capa">cebollar/racar/cdla.Ingenieros/Flor de Plata/Totora/Euca</SimpleData>
		<SimpleData name="Nombre">SM5103-4</SimpleData>
		<SimpleData name="Latitud">-2.882881</SimpleData>
		<SimpleData name="Longitud">-78.992848</SimpleData>
	</SchemaData></ExtendedData>
  </Placemark>
  <Placemark>
	<ExtendedData><SchemaData schemaUrl="#Sheet1">
		<SimpleData name="Capa">cebollar/racar/cdla.Ingenieros/Flor de Plata/Totora/Euca</SimpleData>
		<SimpleData name="Nombre">SM5103-5</SimpleData>
		<SimpleData name="Latitud">-2.88144</SimpleData>
		<SimpleData name="Longitud">-78.993348</SimpleData>
	</SchemaData></ExtendedData>
  </Placemark>
  <Placemark>
	<ExtendedData><SchemaData schemaUrl="#Sheet1">
		<SimpleData name="Capa">cebollar/racar/cdla.Ingenieros/Flor de Plata/Totora/Euca</SimpleData>
		<SimpleData name="Nombre">SM5103-6</SimpleData>
		<SimpleData name="Latitud">-2.881863</SimpleData>
		<SimpleData name="Longitud">-78.995067</SimpleData>
	</SchemaData></ExtendedData>
  </Placemark>
  <Placemark>
	<ExtendedData><SchemaData schemaUrl="#Sheet1">
		<SimpleData name="Capa">cebollar/racar/cdla.Ingenieros/Flor de Plata/Totora/Euca</SimpleData>
		<SimpleData name="Nombre">SM5103-7</SimpleData>
		<SimpleData name="Latitud">-2.882499</SimpleData>
		<SimpleData name="Longitud">-78.996472</SimpleData>
	</SchemaData></ExtendedData>
  </Placemark>
  <Placemark>
	<ExtendedData><SchemaData schemaUrl="#Sheet1">
		<SimpleData name="Capa">cebollar/racar/cdla.Ingenieros/Flor de Plata/Totora/Euca</SimpleData>
		<SimpleData name="Nombre">SM5103-8</SimpleData>
		<SimpleData name="Latitud">-2.884135</SimpleData>
		<SimpleData name="Longitud">-78.995462</SimpleData>
	</SchemaData></ExtendedData>
  </Placemark>
  <Placemark>
	<ExtendedData><SchemaData schemaUrl="#Sheet1">
		<SimpleData name="Capa">cebollar/racar/cdla.Ingenieros/Flor de Plata/Totora/Euca</SimpleData>
		<SimpleData name="Nombre">SM5104-2</SimpleData>
		<SimpleData name="Latitud">-2.883817</SimpleData>
		<SimpleData name="Longitud">-78.996938</SimpleData>
	</SchemaData></ExtendedData>
  </Placemark>
  <Placemark>
	<ExtendedData><SchemaData schemaUrl="#Sheet1">
		<SimpleData name="Capa">cebollar/racar/cdla.Ingenieros/Flor de Plata/Totora/Euca</SimpleData>
		<SimpleData name="Nombre">SM5104-1</SimpleData>
		<SimpleData name="Latitud">-2.883326</SimpleData>
		<SimpleData name="Longitud">-78.998125</SimpleData>
	</SchemaData></ExtendedData>
  </Placemark>
  <Placemark>
	<ExtendedData><SchemaData schemaUrl="#Sheet1">
		<SimpleData name="Capa">cebollar/racar/cdla.Ingenieros/Flor de Plata/Totora/Euca</SimpleData>
		<SimpleData name="Nombre">SM5104-3</SimpleData>
		<SimpleData name="Latitud">-2.884585</SimpleData>
		<SimpleData name="Longitud">-78.998228</SimpleData>
	</SchemaData></ExtendedData>
  </Placemark>
  <Placemark>
	<ExtendedData><SchemaData schemaUrl="#Sheet1">
		<SimpleData name="Capa">cebollar/racar/cdla.Ingenieros/Flor de Plata/Totora/Euca</SimpleData>
		<SimpleData name="Nombre">SM5104-4</SimpleData>
		<SimpleData name="Latitud">-2.885179</SimpleData>
		<SimpleData name="Longitud">-78.997507</SimpleData>
	</SchemaData></ExtendedData>
  </Placemark>
  <Placemark>
	<ExtendedData><SchemaData schemaUrl="#Sheet1">
		<SimpleData name="Capa">cebollar/racar/cdla.Ingenieros/Flor de Plata/Totora/Euca</SimpleData>
		<SimpleData name="Nombre">SM5104-5</SimpleData>
		<SimpleData name="Latitud">-2.88543</SimpleData>
		<SimpleData name="Longitud">-78.995763</SimpleData>
	</SchemaData></ExtendedData>
  </Placemark>
  <Placemark>
	<ExtendedData><SchemaData schemaUrl="#Sheet1">
		<SimpleData name="Capa">cebollar/racar/cdla.Ingenieros/Flor de Plata/Totora/Euca</SimpleData>
		<SimpleData name="Nombre">SM5104-6</SimpleData>
		<SimpleData name="Latitud">-2.885196</SimpleData>
		<SimpleData name="Longitud">-78.999318</SimpleData>
	</SchemaData></ExtendedData>
  </Placemark>
  <Placemark>
	<ExtendedData><SchemaData schemaUrl="#Sheet1">
		<SimpleData name="Capa">cebollar/racar/cdla.Ingenieros/Flor de Plata/Totora/Euca</SimpleData>
		<SimpleData name="Nombre">SM5104-7</SimpleData>
		<SimpleData name="Latitud">-2.884958</SimpleData>
		<SimpleData name="Longitud">-79.0012103</SimpleData>
	</SchemaData></ExtendedData>
  </Placemark>
  <Placemark>
	<ExtendedData><SchemaData schemaUrl="#Sheet1">
		<SimpleData name="Capa">cebollar/racar/cdla.Ingenieros/Flor de Plata/Totora/Euca</SimpleData>
		<SimpleData name="Nombre">SM5104-8</SimpleData>
		<SimpleData name="Latitud">-2.883849</SimpleData>
		<SimpleData name="Longitud">-79.000442</SimpleData>
	</SchemaData></ExtendedData>
  </Placemark>
  <Placemark>
	<ExtendedData><SchemaData schemaUrl="#Sheet1">
		<SimpleData name="Capa">cebollar/racar/cdla.Ingenieros/Flor de Plata/Totora/Euca</SimpleData>
		<SimpleData name="Nombre">SM5105-3</SimpleData>
		<SimpleData name="Latitud">-2.883453</SimpleData>
		<SimpleData name="Longitud">-79.000849</SimpleData>
	</SchemaData></ExtendedData>
  </Placemark>
  <Placemark>
	<ExtendedData><SchemaData schemaUrl="#Sheet1">
		<SimpleData name="Capa">cebollar/racar/cdla.Ingenieros/Flor de Plata/Totora/Euca</SimpleData>
		<SimpleData name="Nombre">SM5105-2</SimpleData>
		<SimpleData name="Latitud">-2.882881</SimpleData>
		<SimpleData name="Longitud">-78.998777</SimpleData>
	</SchemaData></ExtendedData>
  </Placemark>
  <Placemark>
	<ExtendedData><SchemaData schemaUrl="#Sheet1">
		<SimpleData name="Capa">cebollar/racar/cdla.Ingenieros/Flor de Plata/Totora/Euca</SimpleData>
		<SimpleData name="Nombre">SM5105-1</SimpleData>
		<SimpleData name="Latitud">-2.882197</SimpleData>
		<SimpleData name="Longitud">-78.998663</SimpleData>
	</SchemaData></ExtendedData>
  </Placemark>
  <Placemark>
	<ExtendedData><SchemaData schemaUrl="#Sheet1">
		<SimpleData name="Capa">cebollar/racar/cdla.Ingenieros/Flor de Plata/Totora/Euca</SimpleData>
		<SimpleData name="Nombre">SM5105-8</SimpleData>
		<SimpleData name="Latitud">-2.882072</SimpleData>
		<SimpleData name="Longitud">-78.999778</SimpleData>
	</SchemaData></ExtendedData>
  </Placemark>
  <Placemark>
	<ExtendedData><SchemaData schemaUrl="#Sheet1">
		<SimpleData name="Capa">cebollar/racar/cdla.Ingenieros/Flor de Plata/Totora/Euca</SimpleData>
		<SimpleData name="Nombre">SM5105-4</SimpleData>
		<SimpleData name="Latitud">-2.881053</SimpleData>
		<SimpleData name="Longitud">-78.998216</SimpleData>
	</SchemaData></ExtendedData>
  </Placemark>
  <Placemark>
	<ExtendedData><SchemaData schemaUrl="#Sheet1">
		<SimpleData name="Capa">cebollar/racar/cdla.Ingenieros/Flor de Plata/Totora/Euca</SimpleData>
		<SimpleData name="Nombre">SM5105-5</SimpleData>
		<SimpleData name="Latitud">-2.881081</SimpleData>
		<SimpleData name="Longitud">-78.999783</SimpleData>
	</SchemaData></ExtendedData>
  </Placemark>
  <Placemark>
	<ExtendedData><SchemaData schemaUrl="#Sheet1">
		<SimpleData name="Capa">cebollar/racar/cdla.Ingenieros/Flor de Plata/Totora/Euca</SimpleData>
		<SimpleData name="Nombre">SM5105-6</SimpleData>
		<SimpleData name="Latitud">-2.879786</SimpleData>
		<SimpleData name="Longitud">-78.999846</SimpleData>
	</SchemaData></ExtendedData>
  </Placemark>
  <Placemark>
	<ExtendedData><SchemaData schemaUrl="#Sheet1">
		<SimpleData name="Capa">cebollar/racar/cdla.Ingenieros/Flor de Plata/Totora/Euca</SimpleData>
		<SimpleData name="Nombre">SM5105-7</SimpleData>
		<SimpleData name="Latitud">-2.880635</SimpleData>
		<SimpleData name="Longitud">-78.999256</SimpleData>
	</SchemaData></ExtendedData>
  </Placemark>
  <Placemark>
	<ExtendedData><SchemaData schemaUrl="#Sheet1">
		<SimpleData name="Capa">cebollar/racar/cdla.Ingenieros/Flor de Plata/Totora/Euca</SimpleData>
		<SimpleData name="Nombre">SM5106-1</SimpleData>
		<SimpleData name="Latitud">-2.882179</SimpleData>
		<SimpleData name="Longitud">-79.001145</SimpleData>
	</SchemaData></ExtendedData>
  </Placemark>
  <Placemark>
	<ExtendedData><SchemaData schemaUrl="#Sheet1">
		<SimpleData name="Capa">cebollar/racar/cdla.Ingenieros/Flor de Plata/Totora/Euca</SimpleData>
		<SimpleData name="Nombre">SM5106-2</SimpleData>
		<SimpleData name="Latitud">-2.881411</SimpleData>
		<SimpleData name="Longitud">-79.001223</SimpleData>
	</SchemaData></ExtendedData>
  </Placemark>
  <Placemark>
	<ExtendedData><SchemaData schemaUrl="#Sheet1">
		<SimpleData name="Capa">cebollar/racar/cdla.Ingenieros/Flor de Plata/Totora/Euca</SimpleData>
		<SimpleData name="Nombre">SM5106-3</SimpleData>
		<SimpleData name="Latitud">-2.880152</SimpleData>
		<SimpleData name="Longitud">-79.000553</SimpleData>
	</SchemaData></ExtendedData>
  </Placemark>
  <Placemark>
	<ExtendedData><SchemaData schemaUrl="#Sheet1">
		<SimpleData name="Capa">cebollar/racar/cdla.Ingenieros/Flor de Plata/Totora/Euca</SimpleData>
		<SimpleData name="Nombre">SM5106-4</SimpleData>
		<SimpleData name="Latitud">-2.879124</SimpleData>
		<SimpleData name="Longitud">-79.002656</SimpleData>
	</SchemaData></ExtendedData>
  </Placemark>
  <Placemark>
	<ExtendedData><SchemaData schemaUrl="#Sheet1">
		<SimpleData name="Capa">cebollar/racar/cdla.Ingenieros/Flor de Plata/Totora/Euca</SimpleData>
		<SimpleData name="Nombre">SM5106-5</SimpleData>
		<SimpleData name="Latitud">-2.879883</SimpleData>
		<SimpleData name="Longitud">-79.004022</SimpleData>
	</SchemaData></ExtendedData>
  </Placemark>
  <Placemark>
	<ExtendedData><SchemaData schemaUrl="#Sheet1">
		<SimpleData name="Capa">cebollar/racar/cdla.Ingenieros/Flor de Plata/Totora/Euca</SimpleData>
		<SimpleData name="Nombre">SM5106-6</SimpleData>
		<SimpleData name="Latitud">-2.880952</SimpleData>
		<SimpleData name="Longitud">-79.005729</SimpleData>
	</SchemaData></ExtendedData>
  </Placemark>
  <Placemark>
	<ExtendedData><SchemaData schemaUrl="#Sheet1">
		<SimpleData name="Capa">cebollar/racar/cdla.Ingenieros/Flor de Plata/Totora/Euca</SimpleData>
		<SimpleData name="Nombre">SM5106-7</SimpleData>
		<SimpleData name="Latitud">-2.881918</SimpleData>
		<SimpleData name="Longitud">-79.006982</SimpleData>
	</SchemaData></ExtendedData>
  </Placemark>
  <Placemark>
	<ExtendedData><SchemaData schemaUrl="#Sheet1">
		<SimpleData name="Capa">cebollar/racar/cdla.Ingenieros/Flor de Plata/Totora/Euca</SimpleData>
		<SimpleData name="Nombre">SM5106-8</SimpleData>
		<SimpleData name="Latitud">-2.883092</SimpleData>
		<SimpleData name="Longitud">-79.008523</SimpleData>
	</SchemaData></ExtendedData>
  </Placemark>
  <Placemark>
	<ExtendedData><SchemaData schemaUrl="#Sheet1">
		<SimpleData name="Capa">cebollar/racar/cdla.Ingenieros/Flor de Plata/Totora/Euca</SimpleData>
		<SimpleData name="Nombre">SM5107-1</SimpleData>
		<SimpleData name="Latitud">-2.882412</SimpleData>
		<SimpleData name="Longitud">-79.002002</SimpleData>
	</SchemaData></ExtendedData>
  </Placemark>
  <Placemark>
	<ExtendedData><SchemaData schemaUrl="#Sheet1">
		<SimpleData name="Capa">cebollar/racar/cdla.Ingenieros/Flor de Plata/Totora/Euca</SimpleData>
		<SimpleData name="Nombre">SM5107-3</SimpleData>
		<SimpleData name="Latitud">-2.882864</SimpleData>
		<SimpleData name="Longitud">-79.002086</SimpleData>
	</SchemaData></ExtendedData>
  </Placemark>
  <Placemark>
	<ExtendedData><SchemaData schemaUrl="#Sheet1">
		<SimpleData name="Capa">cebollar/racar/cdla.Ingenieros/Flor de Plata/Totora/Euca</SimpleData>
		<SimpleData name="Nombre">SM5107-4</SimpleData>
		<SimpleData name="Latitud">-2.883858</SimpleData>
		<SimpleData name="Longitud">-79.001809</SimpleData>
	</SchemaData></ExtendedData>
  </Placemark>
  <Placemark>
	<ExtendedData><SchemaData schemaUrl="#Sheet1">
		<SimpleData name="Capa">cebollar/racar/cdla.Ingenieros/Flor de Plata/Totora/Euca</SimpleData>
		<SimpleData name="Nombre">SM5107-2</SimpleData>
		<SimpleData name="Latitud">-2.882934</SimpleData>
		<SimpleData name="Longitud">-79.003244</SimpleData>
	</SchemaData></ExtendedData>
  </Placemark>
  <Placemark>
	<ExtendedData><SchemaData schemaUrl="#Sheet1">
		<SimpleData name="Capa">cebollar/racar/cdla.Ingenieros/Flor de Plata/Totora/Euca</SimpleData>
		<SimpleData name="Nombre">SM5107-5</SimpleData>
		<SimpleData name="Latitud">-2.881583</SimpleData>
		<SimpleData name="Longitud">-79.002354</SimpleData>
	</SchemaData></ExtendedData>
  </Placemark>
  <Placemark>
	<ExtendedData><SchemaData schemaUrl="#Sheet1">
		<SimpleData name="Capa">cebollar/racar/cdla.Ingenieros/Flor de Plata/Totora/Euca</SimpleData>
		<SimpleData name="Nombre">SM5107-6</SimpleData>
		<SimpleData name="Latitud">-2.88135</SimpleData>
		<SimpleData name="Longitud">-79.003733</SimpleData>
	</SchemaData></ExtendedData>
  </Placemark>
  <Placemark>
	<ExtendedData><SchemaData schemaUrl="#Sheet1">
		<SimpleData name="Capa">cebollar/racar/cdla.Ingenieros/Flor de Plata/Totora/Euca</SimpleData>
		<SimpleData name="Nombre">SM5107-7</SimpleData>
		<SimpleData name="Latitud">-2.882047</SimpleData>
		<SimpleData name="Longitud">-79.003589</SimpleData>
	</SchemaData></ExtendedData>
  </Placemark>
  <Placemark>
	<ExtendedData><SchemaData schemaUrl="#Sheet1">
		<SimpleData name="Capa">cebollar/racar/cdla.Ingenieros/Flor de Plata/Totora/Euca</SimpleData>
		<SimpleData name="Nombre">SM5107-8</SimpleData>
		<SimpleData name="Latitud">-2.882335</SimpleData>
		<SimpleData name="Longitud">-79.004371</SimpleData>
	</SchemaData></ExtendedData>
  </Placemark>
  <Placemark>
	<ExtendedData><SchemaData schemaUrl="#Sheet1">
		<SimpleData name="Capa">cebollar/racar/cdla.Ingenieros/Flor de Plata/Totora/Euca</SimpleData>
		<SimpleData name="Nombre">SM5108-2</SimpleData>
		<SimpleData name="Latitud">-2.884275</SimpleData>
		<SimpleData name="Longitud">-79.003501</SimpleData>
	</SchemaData></ExtendedData>
  </Placemark>
  <Placemark>
	<ExtendedData><SchemaData schemaUrl="#Sheet1">
		<SimpleData name="Capa">cebollar/racar/cdla.Ingenieros/Flor de Plata/Totora/Euca</SimpleData>
		<SimpleData name="Nombre">SM5108-1</SimpleData>
		<SimpleData name="Latitud">-2.883411</SimpleData>
		<SimpleData name="Longitud">-79.003735</SimpleData>
	</SchemaData></ExtendedData>
  </Placemark>
  <Placemark>
	<ExtendedData><SchemaData schemaUrl="#Sheet1">
		<SimpleData name="Capa">cebollar/racar/cdla.Ingenieros/Flor de Plata/Totora/Euca</SimpleData>
		<SimpleData name="Nombre">SM5108-3</SimpleData>
		<SimpleData name="Latitud">-2.883471</SimpleData>
		<SimpleData name="Longitud">-79.006907</SimpleData>
	</SchemaData></ExtendedData>
  </Placemark>
  <Placemark>
	<ExtendedData><SchemaData schemaUrl="#Sheet1">
		<SimpleData name="Capa">cebollar/racar/cdla.Ingenieros/Flor de Plata/Totora/Euca</SimpleData>
		<SimpleData name="Nombre">SM5108-4</SimpleData>
		<SimpleData name="Latitud">-2.883193</SimpleData>
		<SimpleData name="Longitud">-79.00501</SimpleData>
	</SchemaData></ExtendedData>
  </Placemark>
  <Placemark>
	<ExtendedData><SchemaData schemaUrl="#Sheet1">
		<SimpleData name="Capa">cebollar/racar/cdla.Ingenieros/Flor de Plata/Totora/Euca</SimpleData>
		<SimpleData name="Nombre">SM5108-5</SimpleData>
		<SimpleData name="Latitud">-2.88379</SimpleData>
		<SimpleData name="Longitud">-79.008212</SimpleData>
	</SchemaData></ExtendedData>
  </Placemark>
  <Placemark>
	<ExtendedData><SchemaData schemaUrl="#Sheet1">
		<SimpleData name="Capa">cebollar/racar/cdla.Ingenieros/Flor de Plata/Totora/Euca</SimpleData>
		<SimpleData name="Nombre">SM5108-7</SimpleData>
		<SimpleData name="Latitud">-2.884785</SimpleData>
		<SimpleData name="Longitud">-79.010795</SimpleData>
	</SchemaData></ExtendedData>
  </Placemark>
  <Placemark>
	<ExtendedData><SchemaData schemaUrl="#Sheet1">
		<SimpleData name="Capa">cebollar/racar/cdla.Ingenieros/Flor de Plata/Totora/Euca</SimpleData>
		<SimpleData name="Nombre">SM5108-8</SimpleData>
		<SimpleData name="Latitud">-2.886158</SimpleData>
		<SimpleData name="Longitud">-79.011435</SimpleData>
	</SchemaData></ExtendedData>
  </Placemark>
  <Placemark>
	<ExtendedData><SchemaData schemaUrl="#Sheet1">
		<SimpleData name="Capa">cebollar/racar/cdla.Ingenieros/Flor de Plata/Totora/Euca</SimpleData>
		<SimpleData name="Nombre">SM5108-6</SimpleData>
		<SimpleData name="Latitud">-2.885577</SimpleData>
		<SimpleData name="Longitud">-79.01052</SimpleData>
	</SchemaData></ExtendedData>
  </Placemark>
  <Placemark>
	<ExtendedData><SchemaData schemaUrl="#Sheet1">
		<SimpleData name="Capa">cebollar/racar/cdla.Ingenieros/Flor de Plata/Totora/Euca</SimpleData>
		<SimpleData name="Nombre">SM5109-1</SimpleData>
		<SimpleData name="Latitud">-2.88504</SimpleData>
		<SimpleData name="Longitud">-79.012147</SimpleData>
	</SchemaData></ExtendedData>
  </Placemark>
  <Placemark>
	<ExtendedData><SchemaData schemaUrl="#Sheet1">
		<SimpleData name="Capa">cebollar/racar/cdla.Ingenieros/Flor de Plata/Totora/Euca</SimpleData>
		<SimpleData name="Nombre">SM5109-3</SimpleData>
		<SimpleData name="Latitud">-2.886832</SimpleData>
		<SimpleData name="Longitud">-79.011594</SimpleData>
	</SchemaData></ExtendedData>
  </Placemark>
  <Placemark>
	<ExtendedData><SchemaData schemaUrl="#Sheet1">
		<SimpleData name="Capa">cebollar/racar/cdla.Ingenieros/Flor de Plata/Totora/Euca</SimpleData>
		<SimpleData name="Nombre">SM5109-5</SimpleData>
		<SimpleData name="Latitud">-2.885458</SimpleData>
		<SimpleData name="Longitud">-79.009385</SimpleData>
	</SchemaData></ExtendedData>
  </Placemark>
  <Placemark>
	<ExtendedData><SchemaData schemaUrl="#Sheet1">
		<SimpleData name="Capa">cebollar/racar/cdla.Ingenieros/Flor de Plata/Totora/Euca</SimpleData>
		<SimpleData name="Nombre">SM5109-4</SimpleData>
		<SimpleData name="Latitud">-2.886472</SimpleData>
		<SimpleData name="Longitud">-79.010378</SimpleData>
	</SchemaData></ExtendedData>
  </Placemark>
  <Placemark>
	<ExtendedData><SchemaData schemaUrl="#Sheet1">
		<SimpleData name="Capa">cebollar/racar/cdla.Ingenieros/Flor de Plata/Totora/Euca</SimpleData>
		<SimpleData name="Nombre">SM5109-6</SimpleData>
		<SimpleData name="Latitud">-2.886564</SimpleData>
		<SimpleData name="Longitud">-79.012506</SimpleData>
	</SchemaData></ExtendedData>
  </Placemark>
  <Placemark>
	<ExtendedData><SchemaData schemaUrl="#Sheet1">
		<SimpleData name="Capa">cebollar/racar/cdla.Ingenieros/Flor de Plata/Totora/Euca</SimpleData>
		<SimpleData name="Nombre">SM5109-7</SimpleData>
		<SimpleData name="Latitud">-2.885554</SimpleData>
		<SimpleData name="Longitud">-79.012775</SimpleData>
	</SchemaData></ExtendedData>
  </Placemark>
  <Placemark>
	<ExtendedData><SchemaData schemaUrl="#Sheet1">
		<SimpleData name="Capa">cebollar/racar/cdla.Ingenieros/Flor de Plata/Totora/Euca</SimpleData>
		<SimpleData name="Nombre">SM5109-8</SimpleData>
		<SimpleData name="Latitud">-2.886648</SimpleData>
		<SimpleData name="Longitud">-79.014112</SimpleData>
	</SchemaData></ExtendedData>
  </Placemark>
  <Placemark>
	<ExtendedData><SchemaData schemaUrl="#Sheet1">
		<SimpleData name="Capa">cebollar/racar/cdla.Ingenieros/Flor de Plata/Totora/Euca</SimpleData>
		<SimpleData name="Nombre">SM5109-2</SimpleData>
		<SimpleData name="Latitud">-2.885</SimpleData>
		<SimpleData name="Longitud">-79.013883</SimpleData>
	</SchemaData></ExtendedData>
  </Placemark>
  <Placemark>
	<ExtendedData><SchemaData schemaUrl="#Sheet1">
		<SimpleData name="Capa">cebollar/racar/cdla.Ingenieros/Flor de Plata/Totora/Euca</SimpleData>
		<SimpleData name="Nombre">SM5110-8</SimpleData>
		<SimpleData name="Latitud">-2.885714</SimpleData>
		<SimpleData name="Longitud">-79.015004</SimpleData>
	</SchemaData></ExtendedData>
  </Placemark>
  <Placemark>
	<ExtendedData><SchemaData schemaUrl="#Sheet1">
		<SimpleData name="Capa">cebollar/racar/cdla.Ingenieros/Flor de Plata/Totora/Euca</SimpleData>
		<SimpleData name="Nombre">SM5110-1</SimpleData>
		<SimpleData name="Latitud">-2.88443</SimpleData>
		<SimpleData name="Longitud">-79.015357</SimpleData>
	</SchemaData></ExtendedData>
  </Placemark>
  <Placemark>
	<ExtendedData><SchemaData schemaUrl="#Sheet1">
		<SimpleData name="Capa">cebollar/racar/cdla.Ingenieros/Flor de Plata/Totora/Euca</SimpleData>
		<SimpleData name="Nombre">SM5110-2</SimpleData>
		<SimpleData name="Latitud">-2.88453</SimpleData>
		<SimpleData name="Longitud">-79.015749</SimpleData>
	</SchemaData></ExtendedData>
  </Placemark>
  <Placemark>
	<ExtendedData><SchemaData schemaUrl="#Sheet1">
		<SimpleData name="Capa">cebollar/racar/cdla.Ingenieros/Flor de Plata/Totora/Euca</SimpleData>
		<SimpleData name="Nombre">SM5110-3</SimpleData>
		<SimpleData name="Latitud">-2.886781</SimpleData>
		<SimpleData name="Longitud">-79.015143</SimpleData>
	</SchemaData></ExtendedData>
  </Placemark>
  <Placemark>
	<ExtendedData><SchemaData schemaUrl="#Sheet1">
		<SimpleData name="Capa">cebollar/racar/cdla.Ingenieros/Flor de Plata/Totora/Euca</SimpleData>
		<SimpleData name="Nombre">SM5110-4</SimpleData>
		<SimpleData name="Latitud">-2.888048</SimpleData>
		<SimpleData name="Longitud">-79.013377</SimpleData>
	</SchemaData></ExtendedData>
  </Placemark>
  <Placemark>
	<ExtendedData><SchemaData schemaUrl="#Sheet1">
		<SimpleData name="Capa">cebollar/racar/cdla.Ingenieros/Flor de Plata/Totora/Euca</SimpleData>
		<SimpleData name="Nombre">SM5110-7</SimpleData>
		<SimpleData name="Latitud">-2.887985</SimpleData>
		<SimpleData name="Longitud">-79.012</SimpleData>
	</SchemaData></ExtendedData>
  </Placemark>
  <Placemark>
	<ExtendedData><SchemaData schemaUrl="#Sheet1">
		<SimpleData name="Capa">cebollar/racar/cdla.Ingenieros/Flor de Plata/Totora/Euca</SimpleData>
		<SimpleData name="Nombre">SM5110-5</SimpleData>
		<SimpleData name="Latitud">-2.887295</SimpleData>
		<SimpleData name="Longitud">-79.011523</SimpleData>
	</SchemaData></ExtendedData>
  </Placemark>
  <Placemark>
	<ExtendedData><SchemaData schemaUrl="#Sheet1">
		<SimpleData name="Capa">cebollar/racar/cdla.Ingenieros/Flor de Plata/Totora/Euca</SimpleData>
		<SimpleData name="Nombre">SM5110-6</SimpleData>
		<SimpleData name="Latitud">-2.886322</SimpleData>
		<SimpleData name="Longitud">-79.009105</SimpleData>
	</SchemaData></ExtendedData>
  </Placemark>
  <Placemark>
	<ExtendedData><SchemaData schemaUrl="#Sheet1">
		<SimpleData name="Capa">cebollar/racar/cdla.Ingenieros/Flor de Plata/Totora/Euca</SimpleData>
		<SimpleData name="Nombre">SM5114-7</SimpleData>
		<SimpleData name="Latitud">-2.879718</SimpleData>
		<SimpleData name="Longitud">-79.021886</SimpleData>
	</SchemaData></ExtendedData>
  </Placemark>
  <Placemark>
	<ExtendedData><SchemaData schemaUrl="#Sheet1">
		<SimpleData name="Capa">cebollar/racar/cdla.Ingenieros/Flor de Plata/Totora/Euca</SimpleData>
		<SimpleData name="Nombre">SM5114-8</SimpleData>
		<SimpleData name="Latitud">-2.878443</SimpleData>
		<SimpleData name="Longitud">-79.021167</SimpleData>
	</SchemaData></ExtendedData>
  </Placemark>
  <Placemark>
	<ExtendedData><SchemaData schemaUrl="#Sheet1">
		<SimpleData name="Capa">cebollar/racar/cdla.Ingenieros/Flor de Plata/Totora/Euca</SimpleData>
		<SimpleData name="Nombre">SM5114-6</SimpleData>
		<SimpleData name="Latitud">-2.879378</SimpleData>
		<SimpleData name="Longitud">-79.024099</SimpleData>
	</SchemaData></ExtendedData>
  </Placemark>
  <Placemark>
	<ExtendedData><SchemaData schemaUrl="#Sheet1">
		<SimpleData name="Capa">cebollar/racar/cdla.Ingenieros/Flor de Plata/Totora/Euca</SimpleData>
		<SimpleData name="Nombre">SM5114-1</SimpleData>
		<SimpleData name="Latitud">-2.876587</SimpleData>
		<SimpleData name="Longitud">-79.02288</SimpleData>
	</SchemaData></ExtendedData>
  </Placemark>
  <Placemark>
	<ExtendedData><SchemaData schemaUrl="#Sheet1">
		<SimpleData name="Capa">cebollar/racar/cdla.Ingenieros/Flor de Plata/Totora/Euca</SimpleData>
		<SimpleData name="Nombre">SM5114-2</SimpleData>
		<SimpleData name="Latitud">-2.876486</SimpleData>
		<SimpleData name="Longitud">-79.020264</SimpleData>
	</SchemaData></ExtendedData>
  </Placemark>
  <Placemark>
	<ExtendedData><SchemaData schemaUrl="#Sheet1">
		<SimpleData name="Capa">cebollar/racar/cdla.Ingenieros/Flor de Plata/Totora/Euca</SimpleData>
		<SimpleData name="Nombre">SM5114-3</SimpleData>
		<SimpleData name="Latitud">-2.875335</SimpleData>
		<SimpleData name="Longitud">-79.023089</SimpleData>
	</SchemaData></ExtendedData>
  </Placemark>
  <Placemark>
	<ExtendedData><SchemaData schemaUrl="#Sheet1">
		<SimpleData name="Capa">cebollar/racar/cdla.Ingenieros/Flor de Plata/Totora/Euca</SimpleData>
		<SimpleData name="Nombre">SM5114-4</SimpleData>
		<SimpleData name="Latitud">-2.874626</SimpleData>
		<SimpleData name="Longitud">-79.025692</SimpleData>
	</SchemaData></ExtendedData>
  </Placemark>
  <Placemark>
	<ExtendedData><SchemaData schemaUrl="#Sheet1">
		<SimpleData name="Capa">cebollar/racar/cdla.Ingenieros/Flor de Plata/Totora/Euca</SimpleData>
		<SimpleData name="Nombre">SM5114-5</SimpleData>
		<SimpleData name="Latitud">-2.874542</SimpleData>
		<SimpleData name="Longitud">-79.020732</SimpleData>
	</SchemaData></ExtendedData>
  </Placemark>
  <Placemark>
	<ExtendedData><SchemaData schemaUrl="#Sheet1">
		<SimpleData name="Capa">cebollar/racar/cdla.Ingenieros/Flor de Plata/Totora/Euca</SimpleData>
		<SimpleData name="Nombre">SM5115-1</SimpleData>
		<SimpleData name="Latitud">-2.872875</SimpleData>
		<SimpleData name="Longitud">-79.021552</SimpleData>
	</SchemaData></ExtendedData>
  </Placemark>
  <Placemark>
	<ExtendedData><SchemaData schemaUrl="#Sheet1">
		<SimpleData name="Capa">cebollar/racar/cdla.Ingenieros/Flor de Plata/Totora/Euca</SimpleData>
		<SimpleData name="Nombre">SM5115-4</SimpleData>
		<SimpleData name="Latitud">-2.871998</SimpleData>
		<SimpleData name="Longitud">-79.02329</SimpleData>
	</SchemaData></ExtendedData>
  </Placemark>
  <Placemark>
	<ExtendedData><SchemaData schemaUrl="#Sheet1">
		<SimpleData name="Capa">cebollar/racar/cdla.Ingenieros/Flor de Plata/Totora/Euca</SimpleData>
		<SimpleData name="Nombre">SM5115-2</SimpleData>
		<SimpleData name="Latitud">-2.872014</SimpleData>
		<SimpleData name="Longitud">-79.024958</SimpleData>
	</SchemaData></ExtendedData>
  </Placemark>
  <Placemark>
	<ExtendedData><SchemaData schemaUrl="#Sheet1">
		<SimpleData name="Capa">cebollar/racar/cdla.Ingenieros/Flor de Plata/Totora/Euca</SimpleData>
		<SimpleData name="Nombre">SM5115-3</SimpleData>
		<SimpleData name="Latitud">-2.872657</SimpleData>
		<SimpleData name="Longitud">-79.025842</SimpleData>
	</SchemaData></ExtendedData>
  </Placemark>
  <Placemark>
	<ExtendedData><SchemaData schemaUrl="#Sheet1">
		<SimpleData name="Capa">cebollar/racar/cdla.Ingenieros/Flor de Plata/Totora/Euca</SimpleData>
		<SimpleData name="Nombre">SM5115-5</SimpleData>
		<SimpleData name="Latitud">-2.870885</SimpleData>
		<SimpleData name="Longitud">-79.024907</SimpleData>
	</SchemaData></ExtendedData>
  </Placemark>
  <Placemark>
	<ExtendedData><SchemaData schemaUrl="#Sheet1">
		<SimpleData name="Capa">cebollar/racar/cdla.Ingenieros/Flor de Plata/Totora/Euca</SimpleData>
		<SimpleData name="Nombre">SM5115-6</SimpleData>
		<SimpleData name="Latitud">-2.869893</SimpleData>
		<SimpleData name="Longitud">-79.024951</SimpleData>
	</SchemaData></ExtendedData>
  </Placemark>
  <Placemark>
	<ExtendedData><SchemaData schemaUrl="#Sheet1">
		<SimpleData name="Capa">cebollar/racar/cdla.Ingenieros/Flor de Plata/Totora/Euca</SimpleData>
		<SimpleData name="Nombre">SM5115-8</SimpleData>
		<SimpleData name="Latitud">-2.865097</SimpleData>
		<SimpleData name="Longitud">-79.027188</SimpleData>
	</SchemaData></ExtendedData>
  </Placemark>
  <Placemark>
	<ExtendedData><SchemaData schemaUrl="#Sheet1">
		<SimpleData name="Capa">cebollar/racar/cdla.Ingenieros/Flor de Plata/Totora/Euca</SimpleData>
		<SimpleData name="Nombre">SM5115-7</SimpleData>
		<SimpleData name="Latitud">-2.868001</SimpleData>
		<SimpleData name="Longitud">-79.026005</SimpleData>
	</SchemaData></ExtendedData>
  </Placemark>
  <Placemark>
	<ExtendedData><SchemaData schemaUrl="#Sheet1">
		<SimpleData name="Capa">cebollar/racar/cdla.Ingenieros/Flor de Plata/Totora/Euca</SimpleData>
		<SimpleData name="Nombre">SM5116-5</SimpleData>
		<SimpleData name="Latitud">-2.881915</SimpleData>
		<SimpleData name="Longitud">-79.024971</SimpleData>
	</SchemaData></ExtendedData>
  </Placemark>
  <Placemark>
	<ExtendedData><SchemaData schemaUrl="#Sheet1">
		<SimpleData name="Capa">cebollar/racar/cdla.Ingenieros/Flor de Plata/Totora/Euca</SimpleData>
		<SimpleData name="Nombre">SM5116-6</SimpleData>
		<SimpleData name="Latitud">-2.882864</SimpleData>
		<SimpleData name="Longitud">-79.025588</SimpleData>
	</SchemaData></ExtendedData>
  </Placemark>
  <Placemark>
	<ExtendedData><SchemaData schemaUrl="#Sheet1">
		<SimpleData name="Capa">cebollar/racar/cdla.Ingenieros/Flor de Plata/Totora/Euca</SimpleData>
		<SimpleData name="Nombre">SM5116-8</SimpleData>
		<SimpleData name="Latitud">-2.8875639</SimpleData>
		<SimpleData name="Longitud">-79.0251788</SimpleData>
	</SchemaData></ExtendedData>
  </Placemark>
  <Placemark>
	<ExtendedData><SchemaData schemaUrl="#Sheet1">
		<SimpleData name="Capa">cebollar/racar/cdla.Ingenieros/Flor de Plata/Totora/Euca</SimpleData>
		<SimpleData name="Nombre">SM5116-6 Ext</SimpleData>
		<SimpleData name="Latitud">-2.8841736</SimpleData>
		<SimpleData name="Longitud">-79.0262465</SimpleData>
	</SchemaData></ExtendedData>
  </Placemark>
  <Placemark>
	<ExtendedData><SchemaData schemaUrl="#Sheet1">
		<SimpleData name="Capa">cebollar/racar/cdla.Ingenieros/Flor de Plata/Totora/Euca</SimpleData>
		<SimpleData name="Nombre">SM5116-3</SimpleData>
		<SimpleData name="Latitud">-2.883161</SimpleData>
		<SimpleData name="Longitud">-79.024082</SimpleData>
	</SchemaData></ExtendedData>
  </Placemark>
  <Placemark>
	<ExtendedData><SchemaData schemaUrl="#Sheet1">
		<SimpleData name="Capa">cebollar/racar/cdla.Ingenieros/Flor de Plata/Totora/Euca</SimpleData>
		<SimpleData name="Nombre">SM5116-1</SimpleData>
		<SimpleData name="Latitud">-2.882209</SimpleData>
		<SimpleData name="Longitud">-79.022757</SimpleData>
	</SchemaData></ExtendedData>
  </Placemark>
  <Placemark>
	<ExtendedData><SchemaData schemaUrl="#Sheet1">
		<SimpleData name="Capa">cebollar/racar/cdla.Ingenieros/Flor de Plata/Totora/Euca</SimpleData>
		<SimpleData name="Nombre">SM5116-2</SimpleData>
		<SimpleData name="Latitud">-2.88297</SimpleData>
		<SimpleData name="Longitud">-79.022698</SimpleData>
	</SchemaData></ExtendedData>
  </Placemark>
  <Placemark>
	<ExtendedData><SchemaData schemaUrl="#Sheet1">
		<SimpleData name="Capa">cebollar/racar/cdla.Ingenieros/Flor de Plata/Totora/Euca</SimpleData>
		<SimpleData name="Nombre">SM5116-4</SimpleData>
		<SimpleData name="Latitud">-2.884761</SimpleData>
		<SimpleData name="Longitud">-79.022162</SimpleData>
	</SchemaData></ExtendedData>
  </Placemark>
  <Placemark>
	<ExtendedData><SchemaData schemaUrl="#Sheet1">
		<SimpleData name="Capa">cebollar/racar/cdla.Ingenieros/Flor de Plata/Totora/Euca</SimpleData>
		<SimpleData name="Nombre">SM5117-2</SimpleData>
		<SimpleData name="Latitud">-2.882128</SimpleData>
		<SimpleData name="Longitud">-79.027584</SimpleData>
	</SchemaData></ExtendedData>
  </Placemark>
  <Placemark>
	<ExtendedData><SchemaData schemaUrl="#Sheet1">
		<SimpleData name="Capa">cebollar/racar/cdla.Ingenieros/Flor de Plata/Totora/Euca</SimpleData>
		<SimpleData name="Nombre">SM5117-1</SimpleData>
		<SimpleData name="Latitud">-2.880487</SimpleData>
		<SimpleData name="Longitud">-79.02681</SimpleData>
	</SchemaData></ExtendedData>
  </Placemark>
  <Placemark>
	<ExtendedData><SchemaData schemaUrl="#Sheet1">
		<SimpleData name="Capa">cebollar/racar/cdla.Ingenieros/Flor de Plata/Totora/Euca</SimpleData>
		<SimpleData name="Nombre">SM5117-3</SimpleData>
		<SimpleData name="Latitud">-2.879421</SimpleData>
		<SimpleData name="Longitud">-79.028574</SimpleData>
	</SchemaData></ExtendedData>
  </Placemark>
  <Placemark>
	<ExtendedData><SchemaData schemaUrl="#Sheet1">
		<SimpleData name="Capa">cebollar/racar/cdla.Ingenieros/Flor de Plata/Totora/Euca</SimpleData>
		<SimpleData name="Nombre">SM5117-4</SimpleData>
		<SimpleData name="Latitud">-2.881674</SimpleData>
		<SimpleData name="Longitud">-79.029007</SimpleData>
	</SchemaData></ExtendedData>
  </Placemark>
  <Placemark>
	<ExtendedData><SchemaData schemaUrl="#Sheet1">
		<SimpleData name="Capa">cebollar/racar/cdla.Ingenieros/Flor de Plata/Totora/Euca</SimpleData>
		<SimpleData name="Nombre">SM5117-5</SimpleData>
		<SimpleData name="Latitud">-2.884329</SimpleData>
		<SimpleData name="Longitud">-79.030132</SimpleData>
	</SchemaData></ExtendedData>
  </Placemark>
  <Placemark>
	<ExtendedData><SchemaData schemaUrl="#Sheet1">
		<SimpleData name="Capa">cebollar/racar/cdla.Ingenieros/Flor de Plata/Totora/Euca</SimpleData>
		<SimpleData name="Nombre">SM5117-6</SimpleData>
		<SimpleData name="Latitud">-2.885082</SimpleData>
		<SimpleData name="Longitud">-79.028175</SimpleData>
	</SchemaData></ExtendedData>
  </Placemark>
  <Placemark>
	<ExtendedData><SchemaData schemaUrl="#Sheet1">
		<SimpleData name="Capa">cebollar/racar/cdla.Ingenieros/Flor de Plata/Totora/Euca</SimpleData>
		<SimpleData name="Nombre">SM5117-7</SimpleData>
		<SimpleData name="Latitud">-2.8864468</SimpleData>
		<SimpleData name="Longitud">-79.0334847</SimpleData>
	</SchemaData></ExtendedData>
  </Placemark>
  <Placemark>
	<ExtendedData><SchemaData schemaUrl="#Sheet1">
		<SimpleData name="Capa">cebollar/racar/cdla.Ingenieros/Flor de Plata/Totora/Euca</SimpleData>
		<SimpleData name="Nombre">SM5117-8</SimpleData>
		<SimpleData name="Latitud">-2.8868056</SimpleData>
		<SimpleData name="Longitud">-79.0374176</SimpleData>
	</SchemaData></ExtendedData>
  </Placemark>
  <Placemark>
	<ExtendedData><SchemaData schemaUrl="#Sheet1">
		<SimpleData name="Capa">cebollar/racar/cdla.Ingenieros/Flor de Plata/Totora/Euca</SimpleData>
		<SimpleData name="Nombre">SM5101-1</SimpleData>
		<SimpleData name="Latitud">-2.878321</SimpleData>
		<SimpleData name="Longitud">-78.987877</SimpleData>
	</SchemaData></ExtendedData>
  </Placemark>
  <Placemark>
	<ExtendedData><SchemaData schemaUrl="#Sheet1">
		<SimpleData name="Capa">cebollar/racar/cdla.Ingenieros/Flor de Plata/Totora/Euca</SimpleData>
		<SimpleData name="Nombre">SM5111-1</SimpleData>
		<SimpleData name="Latitud">-2.88375</SimpleData>
		<SimpleData name="Longitud">-79.016888</SimpleData>
	</SchemaData></ExtendedData>
  </Placemark>
  <Placemark>
	<ExtendedData><SchemaData schemaUrl="#Sheet1">
		<SimpleData name="Capa">cebollar/racar/cdla.Ingenieros/Flor de Plata/Totora/Euca</SimpleData>
		<SimpleData name="Nombre">SM5111-2</SimpleData>
		<SimpleData name="Latitud">-2.883799</SimpleData>
		<SimpleData name="Longitud">-79.015277</SimpleData>
	</SchemaData></ExtendedData>
  </Placemark>
  <Placemark>
	<ExtendedData><SchemaData schemaUrl="#Sheet1">
		<SimpleData name="Capa">cebollar/racar/cdla.Ingenieros/Flor de Plata/Totora/Euca</SimpleData>
		<SimpleData name="Nombre">SM5111-3</SimpleData>
		<SimpleData name="Latitud">-2.882702</SimpleData>
		<SimpleData name="Longitud">-79.015711</SimpleData>
	</SchemaData></ExtendedData>
  </Placemark>
  <Placemark>
	<ExtendedData><SchemaData schemaUrl="#Sheet1">
		<SimpleData name="Capa">cebollar/racar/cdla.Ingenieros/Flor de Plata/Totora/Euca</SimpleData>
		<SimpleData name="Nombre">SM5111-4</SimpleData>
		<SimpleData name="Latitud">-2.882572</SimpleData>
		<SimpleData name="Longitud">-79.014904</SimpleData>
	</SchemaData></ExtendedData>
  </Placemark>
  <Placemark>
	<ExtendedData><SchemaData schemaUrl="#Sheet1">
		<SimpleData name="Capa">cebollar/racar/cdla.Ingenieros/Flor de Plata/Totora/Euca</SimpleData>
		<SimpleData name="Nombre">SM5111-5</SimpleData>
		<SimpleData name="Latitud">-2.882809</SimpleData>
		<SimpleData name="Longitud">-79.014161</SimpleData>
	</SchemaData></ExtendedData>
  </Placemark>
  <Placemark>
	<ExtendedData><SchemaData schemaUrl="#Sheet1">
		<SimpleData name="Capa">cebollar/racar/cdla.Ingenieros/Flor de Plata/Totora/Euca</SimpleData>
		<SimpleData name="Nombre">SM5111-6</SimpleData>
		<SimpleData name="Latitud">-2.881488</SimpleData>
		<SimpleData name="Longitud">-79.012993</SimpleData>
	</SchemaData></ExtendedData>
  </Placemark>
  <Placemark>
	<ExtendedData><SchemaData schemaUrl="#Sheet1">
		<SimpleData name="Capa">cebollar/racar/cdla.Ingenieros/Flor de Plata/Totora/Euca</SimpleData>
		<SimpleData name="Nombre">SM5111-7</SimpleData>
		<SimpleData name="Latitud">-2.881923</SimpleData>
		<SimpleData name="Longitud">-79.011755</SimpleData>
	</SchemaData></ExtendedData>
  </Placemark>
  <Placemark>
	<ExtendedData><SchemaData schemaUrl="#Sheet1">
		<SimpleData name="Capa">cebollar/racar/cdla.Ingenieros/Flor de Plata/Totora/Euca</SimpleData>
		<SimpleData name="Nombre">SM5111-8</SimpleData>
		<SimpleData name="Latitud">-2.88031</SimpleData>
		<SimpleData name="Longitud">-79.012274</SimpleData>
	</SchemaData></ExtendedData>
  </Placemark>
  <Placemark>
	<ExtendedData><SchemaData schemaUrl="#Sheet1">
		<SimpleData name="Capa">cebollar/racar/cdla.Ingenieros/Flor de Plata/Totora/Euca</SimpleData>
		<SimpleData name="Nombre">SM5112-1</SimpleData>
		<SimpleData name="Latitud">-2.882694</SimpleData>
		<SimpleData name="Longitud">-79.017231</SimpleData>
	</SchemaData></ExtendedData>
  </Placemark>
  <Placemark>
	<ExtendedData><SchemaData schemaUrl="#Sheet1">
		<SimpleData name="Capa">cebollar/racar/cdla.Ingenieros/Flor de Plata/Totora/Euca</SimpleData>
		<SimpleData name="Nombre">SM5112-2</SimpleData>
		<SimpleData name="Latitud">-2.881609</SimpleData>
		<SimpleData name="Longitud">-79.017665</SimpleData>
	</SchemaData></ExtendedData>
  </Placemark>
  <Placemark>
	<ExtendedData><SchemaData schemaUrl="#Sheet1">
		<SimpleData name="Capa">cebollar/racar/cdla.Ingenieros/Flor de Plata/Totora/Euca</SimpleData>
		<SimpleData name="Nombre">SM5112-5</SimpleData>
		<SimpleData name="Latitud">-2.88139</SimpleData>
		<SimpleData name="Longitud">-79.01598</SimpleData>
	</SchemaData></ExtendedData>
  </Placemark>
  <Placemark>
	<ExtendedData><SchemaData schemaUrl="#Sheet1">
		<SimpleData name="Capa">cebollar/racar/cdla.Ingenieros/Flor de Plata/Totora/Euca</SimpleData>
		<SimpleData name="Nombre">SM5112-3</SimpleData>
		<SimpleData name="Latitud">-2.880672</SimpleData>
		<SimpleData name="Longitud">-79.01529</SimpleData>
	</SchemaData></ExtendedData>
  </Placemark>
  <Placemark>
	<ExtendedData><SchemaData schemaUrl="#Sheet1">
		<SimpleData name="Capa">cebollar/racar/cdla.Ingenieros/Flor de Plata/Totora/Euca</SimpleData>
		<SimpleData name="Nombre">SM5112-4</SimpleData>
		<SimpleData name="Latitud">-2.880942</SimpleData>
		<SimpleData name="Longitud">-79.014634</SimpleData>
	</SchemaData></ExtendedData>
  </Placemark>
  <Placemark>
	<ExtendedData><SchemaData schemaUrl="#Sheet1">
		<SimpleData name="Capa">cebollar/racar/cdla.Ingenieros/Flor de Plata/Totora/Euca</SimpleData>
		<SimpleData name="Nombre">SM5112-6</SimpleData>
		<SimpleData name="Latitud">-2.880678</SimpleData>
		<SimpleData name="Longitud">-79.01775</SimpleData>
	</SchemaData></ExtendedData>
  </Placemark>
  <Placemark>
	<ExtendedData><SchemaData schemaUrl="#Sheet1">
		<SimpleData name="Capa">cebollar/racar/cdla.Ingenieros/Flor de Plata/Totora/Euca</SimpleData>
		<SimpleData name="Nombre">SM5112-7</SimpleData>
		<SimpleData name="Latitud">-2.88016</SimpleData>
		<SimpleData name="Longitud">-79.018652</SimpleData>
	</SchemaData></ExtendedData>
  </Placemark>
  <Placemark>
	<ExtendedData><SchemaData schemaUrl="#Sheet1">
		<SimpleData name="Capa">cebollar/racar/cdla.Ingenieros/Flor de Plata/Totora/Euca</SimpleData>
		<SimpleData name="Nombre">SM5112-8</SimpleData>
		<SimpleData name="Latitud">-2.880603</SimpleData>
		<SimpleData name="Longitud">-79.020248</SimpleData>
	</SchemaData></ExtendedData>
  </Placemark>
  <Placemark>
	<ExtendedData><SchemaData schemaUrl="#Sheet1">
		<SimpleData name="Capa">cebollar/racar/cdla.Ingenieros/Flor de Plata/Totora/Euca</SimpleData>
		<SimpleData name="Nombre">SM5113-3</SimpleData>
		<SimpleData name="Latitud">-2.881343</SimpleData>
		<SimpleData name="Longitud">-79.019522</SimpleData>
	</SchemaData></ExtendedData>
  </Placemark>
  <Placemark>
	<ExtendedData><SchemaData schemaUrl="#Sheet1">
		<SimpleData name="Capa">cebollar/racar/cdla.Ingenieros/Flor de Plata/Totora/Euca</SimpleData>
		<SimpleData name="Nombre">SM5113-4</SimpleData>
		<SimpleData name="Latitud">-2.881979</SimpleData>
		<SimpleData name="Longitud">-79.020043</SimpleData>
	</SchemaData></ExtendedData>
  </Placemark>
  <Placemark>
	<ExtendedData><SchemaData schemaUrl="#Sheet1">
		<SimpleData name="Capa">cebollar/racar/cdla.Ingenieros/Flor de Plata/Totora/Euca</SimpleData>
		<SimpleData name="Nombre">SM5113-2</SimpleData>
		<SimpleData name="Latitud">-2.882006</SimpleData>
		<SimpleData name="Longitud">-79.021498</SimpleData>
	</SchemaData></ExtendedData>
  </Placemark>
  <Placemark>
	<ExtendedData><SchemaData schemaUrl="#Sheet1">
		<SimpleData name="Capa">cebollar/racar/cdla.Ingenieros/Flor de Plata/Totora/Euca</SimpleData>
		<SimpleData name="Nombre">SM5113-5</SimpleData>
		<SimpleData name="Latitud">-2.882869</SimpleData>
		<SimpleData name="Longitud">-79.021119</SimpleData>
	</SchemaData></ExtendedData>
  </Placemark>
  <Placemark>
	<ExtendedData><SchemaData schemaUrl="#Sheet1">
		<SimpleData name="Capa">cebollar/racar/cdla.Ingenieros/Flor de Plata/Totora/Euca</SimpleData>
		<SimpleData name="Nombre">SM5113-6</SimpleData>
		<SimpleData name="Latitud">-2.883618</SimpleData>
		<SimpleData name="Longitud">-79.020696</SimpleData>
	</SchemaData></ExtendedData>
  </Placemark>
  <Placemark>
	<ExtendedData><SchemaData schemaUrl="#Sheet1">
		<SimpleData name="Capa">cebollar/racar/cdla.Ingenieros/Flor de Plata/Totora/Euca</SimpleData>
		<SimpleData name="Nombre">SM5113-7</SimpleData>
		<SimpleData name="Latitud">-2.883444</SimpleData>
		<SimpleData name="Longitud">-79.019306</SimpleData>
	</SchemaData></ExtendedData>
  </Placemark>
  <Placemark>
	<ExtendedData><SchemaData schemaUrl="#Sheet1">
		<SimpleData name="Capa">cebollar/racar/cdla.Ingenieros/Flor de Plata/Totora/Euca</SimpleData>
		<SimpleData name="Nombre">SM5113-8</SimpleData>
		<SimpleData name="Latitud">-2.884362</SimpleData>
		<SimpleData name="Longitud">-79.019676</SimpleData>
	</SchemaData></ExtendedData>
  </Placemark>
  <Placemark>
	<ExtendedData><SchemaData schemaUrl="#Sheet1">
		<SimpleData name="Capa">cebollar/racar/cdla.Ingenieros/Flor de Plata/Totora/Euca</SimpleData>
		<SimpleData name="Nombre">SM5113-1</SimpleData>
		<SimpleData name="Latitud">-2.881017</SimpleData>
		<SimpleData name="Longitud">-79.021992</SimpleData>
	</SchemaData></ExtendedData>
  </Placemark>
  <Placemark>
	<ExtendedData><SchemaData schemaUrl="#Sheet1">
		<SimpleData name="Capa">cebollar/racar/cdla.Ingenieros/Flor de Plata/Totora/Euca</SimpleData>
		<SimpleData name="Nombre">SM0804-3</SimpleData>
		<SimpleData name="Latitud">-2.8844698</SimpleData>
		<SimpleData name="Longitud">-78.9532114</SimpleData>
	</SchemaData></ExtendedData>
  </Placemark>
  <Placemark>
	<ExtendedData><SchemaData schemaUrl="#Sheet1">
		<SimpleData name="Capa">cebollar/racar/cdla.Ingenieros/Flor de Plata/Totora/Euca</SimpleData>
		<SimpleData name="Nombre">SM0302-8</SimpleData>
		<SimpleData name="Latitud">-2.9038236</SimpleData>
		<SimpleData name="Longitud">-78.9982285</SimpleData>
	</SchemaData></ExtendedData>
  </Placemark>
  <Placemark>
	<ExtendedData><SchemaData schemaUrl="#Sheet1">
		<SimpleData name="Capa">cebollar/racar/cdla.Ingenieros/Flor de Plata/Totora/Euca</SimpleData>
		<SimpleData name="Nombre">SM0303-8</SimpleData>
		<SimpleData name="Latitud">-2.9005659</SimpleData>
		<SimpleData name="Longitud">-78.9982874</SimpleData>
	</SchemaData></ExtendedData>
  </Placemark>
  <Placemark>
	<ExtendedData><SchemaData schemaUrl="#Sheet1">
		<SimpleData name="Capa">cebollar/racar/cdla.Ingenieros/Flor de Plata/Totora/Euca</SimpleData>
		<SimpleData name="Nombre">SM5306-1</SimpleData>
		<SimpleData name="Latitud">-2.8974025</SimpleData>
		<SimpleData name="Longitud">-78.9896422</SimpleData>
	</SchemaData></ExtendedData>
  </Placemark>
  <Placemark>
	<ExtendedData><SchemaData schemaUrl="#Sheet1">
		<SimpleData name="Capa">cebollar/racar/cdla.Ingenieros/Flor de Plata/Totora/Euca</SimpleData>
		<SimpleData name="Nombre">SM5306-2</SimpleData>
		<SimpleData name="Latitud">-2.89668</SimpleData>
		<SimpleData name="Longitud">-78.9885781</SimpleData>
	</SchemaData></ExtendedData>
  </Placemark>
  <Placemark>
	<ExtendedData><SchemaData schemaUrl="#Sheet1">
		<SimpleData name="Capa">cebollar/racar/cdla.Ingenieros/Flor de Plata/Totora/Euca</SimpleData>
		<SimpleData name="Nombre">SM5306-4</SimpleData>
		<SimpleData name="Latitud">-2.8956543</SimpleData>
		<SimpleData name="Longitud">-78.9882429</SimpleData>
	</SchemaData></ExtendedData>
  </Placemark>
  <Placemark>
	<ExtendedData><SchemaData schemaUrl="#Sheet1">
		<SimpleData name="Capa">cebollar/racar/cdla.Ingenieros/Flor de Plata/Totora/Euca</SimpleData>
		<SimpleData name="Nombre">SM5306-5</SimpleData>
		<SimpleData name="Latitud">-2.8945608</SimpleData>
		<SimpleData name="Longitud">-78.9887026</SimpleData>
	</SchemaData></ExtendedData>
  </Placemark>
  <Placemark>
	<ExtendedData><SchemaData schemaUrl="#Sheet1">
		<SimpleData name="Capa">cebollar/racar/cdla.Ingenieros/Flor de Plata/Totora/Euca</SimpleData>
		<SimpleData name="Nombre">SM5306-8</SimpleData>
		<SimpleData name="Latitud">-2.8933642</SimpleData>
		<SimpleData name="Longitud">-78.9870233</SimpleData>
	</SchemaData></ExtendedData>
  </Placemark>
  <Placemark>
	<ExtendedData><SchemaData schemaUrl="#Sheet1">
		<SimpleData name="Capa">cebollar/racar/cdla.Ingenieros/Flor de Plata/Totora/Euca</SimpleData>
		<SimpleData name="Nombre">SM5306-6</SimpleData>
		<SimpleData name="Latitud">-2.8954445</SimpleData>
		<SimpleData name="Longitud">-78.9864021</SimpleData>
	</SchemaData></ExtendedData>
  </Placemark>
  <Placemark>
	<ExtendedData><SchemaData schemaUrl="#Sheet1">
		<SimpleData name="Capa">cebollar/racar/cdla.Ingenieros/Flor de Plata/Totora/Euca</SimpleData>
		<SimpleData name="Nombre">SM5306-3</SimpleData>
		<SimpleData name="Latitud">-2.896144</SimpleData>
		<SimpleData name="Longitud">-78.9872939</SimpleData>
	</SchemaData></ExtendedData>
  </Placemark>
  <Placemark>
	<ExtendedData><SchemaData schemaUrl="#Sheet1">
		<SimpleData name="Capa">cebollar/racar/cdla.Ingenieros/Flor de Plata/Totora/Euca</SimpleData>
		<SimpleData name="Nombre">SM5306-7</SimpleData>
		<SimpleData name="Latitud">-2.8970014</SimpleData>
		<SimpleData name="Longitud">-78.9865276</SimpleData>
	</SchemaData></ExtendedData>
  </Placemark>
  <Placemark>
	<ExtendedData><SchemaData schemaUrl="#Sheet1">
		<SimpleData name="Capa">cebollar/racar/cdla.Ingenieros/Flor de Plata/Totora/Euca</SimpleData>
		<SimpleData name="Nombre">SM5118-1</SimpleData>
		<SimpleData name="Latitud">-2.8734584</SimpleData>
		<SimpleData name="Longitud">-79.0345826</SimpleData>
	</SchemaData></ExtendedData>
  </Placemark>
  <Placemark>
	<ExtendedData><SchemaData schemaUrl="#Sheet1">
		<SimpleData name="Capa">cebollar/racar/cdla.Ingenieros/Flor de Plata/Totora/Euca</SimpleData>
		<SimpleData name="Nombre">SM5118-5</SimpleData>
		<SimpleData name="Latitud">-2.8702874</SimpleData>
		<SimpleData name="Longitud">-79.0369276</SimpleData>
	</SchemaData></ExtendedData>
  </Placemark>
  <Placemark>
	<ExtendedData><SchemaData schemaUrl="#Sheet1">
		<SimpleData name="Capa">cebollar/racar/cdla.Ingenieros/Flor de Plata/Totora/Euca</SimpleData>
		<SimpleData name="Nombre">SM5118-8</SimpleData>
		<SimpleData name="Latitud">-2.8706088</SimpleData>
		<SimpleData name="Longitud">-79.0411411</SimpleData>
	</SchemaData></ExtendedData>
  </Placemark>
  <Placemark>
	<ExtendedData><SchemaData schemaUrl="#Sheet1">
		<SimpleData name="Capa">cebollar/racar/cdla.Ingenieros/Flor de Plata/Totora/Euca</SimpleData>
		<SimpleData name="Nombre">SM5020-5</SimpleData>
		<SimpleData name="Latitud">-2.8573787</SimpleData>
		<SimpleData name="Longitud">-79.0195449</SimpleData>
	</SchemaData></ExtendedData>
  </Placemark>
  <Placemark>
	<ExtendedData><SchemaData schemaUrl="#Sheet1">
		<SimpleData name="Capa">cebollar/racar/cdla.Ingenieros/Flor de Plata/Totora/Euca</SimpleData>
		<SimpleData name="Nombre">SM5116-9</SimpleData>
		<SimpleData name="Latitud">-2.8878566</SimpleData>
		<SimpleData name="Longitud">-79.0217187</SimpleData>
	</SchemaData></ExtendedData>
  </Placemark>
  <Placemark>
	<ExtendedData><SchemaData schemaUrl="#Sheet1">
		<SimpleData name="Capa">cebollar/racar/cdla.Ingenieros/Flor de Plata/Totora/Euca</SimpleData>
		<SimpleData name="Nombre">SM0805-6</SimpleData>
		<SimpleData name="Latitud">-2.8830644</SimpleData>
		<SimpleData name="Longitud">-78.9660456</SimpleData>
	</SchemaData></ExtendedData>
  </Placemark>
  <Placemark>
	<ExtendedData><SchemaData schemaUrl="#Sheet1">
		<SimpleData name="Capa">cebollar/racar/cdla.Ingenieros/Flor de Plata/Totora/Euca</SimpleData>
		<SimpleData name="Nombre">SM0805-1</SimpleData>
		<SimpleData name="Latitud">-2.8837931</SimpleData>
		<SimpleData name="Longitud">-78.9636866</SimpleData>
	</SchemaData></ExtendedData>
  </Placemark>
  <Placemark>
	<ExtendedData><SchemaData schemaUrl="#Sheet1">
		<SimpleData name="Capa">cebollar/racar/cdla.Ingenieros/Flor de Plata/Totora/Euca</SimpleData>
		<SimpleData name="Nombre">SM0805-2</SimpleData>
		<SimpleData name="Latitud">-2.8842153</SimpleData>
		<SimpleData name="Longitud">-78.9609035</SimpleData>
	</SchemaData></ExtendedData>
  </Placemark>
  <Placemark>
	<ExtendedData><SchemaData schemaUrl="#Sheet1">
		<SimpleData name="Capa">cebollar/racar/cdla.Ingenieros/Flor de Plata/Totora/Euca</SimpleData>
		<SimpleData name="Nombre">SM0805-4</SimpleData>
		<SimpleData name="Latitud">-2.8849333</SimpleData>
		<SimpleData name="Longitud">-78.9586314</SimpleData>
	</SchemaData></ExtendedData>
  </Placemark>
  <Placemark>
	<ExtendedData><SchemaData schemaUrl="#Sheet1">
		<SimpleData name="Capa">cebollar/racar/cdla.Ingenieros/Flor de Plata/Totora/Euca</SimpleData>
		<SimpleData name="Nombre">SM0805-5</SimpleData>
		<SimpleData name="Latitud">-2.8851098</SimpleData>
		<SimpleData name="Longitud">-78.9602602</SimpleData>
	</SchemaData></ExtendedData>
  </Placemark>
  <Placemark>
	<ExtendedData><SchemaData schemaUrl="#Sheet1">
		<SimpleData name="Capa">cebollar/racar/cdla.Ingenieros/Flor de Plata/Totora/Euca</SimpleData>
		<SimpleData name="Nombre">SM5118-7</SimpleData>
		<SimpleData name="Latitud">-2.8643204</SimpleData>
		<SimpleData name="Longitud">-79.0374111</SimpleData>
	</SchemaData></ExtendedData>
  </Placemark>
  <Placemark>
	<ExtendedData><SchemaData schemaUrl="#Sheet1">
		<SimpleData name="Capa">cebollar/racar/cdla.Ingenieros/Flor de Plata/Totora/Euca</SimpleData>
		<SimpleData name="Nombre">SM5118-3</SimpleData>
		<SimpleData name="Latitud">-2.8632516</SimpleData>
		<SimpleData name="Longitud">-79.0378044</SimpleData>
	</SchemaData></ExtendedData>
  </Placemark>
  <Placemark>
	<ExtendedData><SchemaData schemaUrl="#Sheet1">
		<SimpleData name="Capa">cebollar/racar/cdla.Ingenieros/Flor de Plata/Totora/Euca</SimpleData>
		<SimpleData name="Nombre">SM5118-4</SimpleData>
		<SimpleData name="Latitud">-2.8612908</SimpleData>
		<SimpleData name="Longitud">-79.0379952</SimpleData>
	</SchemaData></ExtendedData>
  </Placemark>
  <Placemark>
	<ExtendedData><SchemaData schemaUrl="#Sheet1">
		<SimpleData name="Capa">cebollar/racar/cdla.Ingenieros/Flor de Plata/Totora/Euca</SimpleData>
		<SimpleData name="Nombre">SM5119-1 ED</SimpleData>
		<SimpleData name="Latitud">-2.8908245</SimpleData>
		<SimpleData name="Longitud">-79.0280426</SimpleData>
	</SchemaData></ExtendedData>
  </Placemark>
  <Placemark>
	<ExtendedData><SchemaData schemaUrl="#Sheet1">
		<SimpleData name="Capa">cebollar/racar/cdla.Ingenieros/Flor de Plata/Totora/Euca</SimpleData>
		<SimpleData name="Nombre">SM5119-2 ED</SimpleData>
		<SimpleData name="Latitud">-2.8916484</SimpleData>
		<SimpleData name="Longitud">-79.0261548</SimpleData>
	</SchemaData></ExtendedData>
  </Placemark>
  <Placemark>
	<ExtendedData><SchemaData schemaUrl="#Sheet1">
		<SimpleData name="Capa">cebollar/racar/cdla.Ingenieros/Flor de Plata/Totora/Euca</SimpleData>
		<SimpleData name="Nombre">SM5119-3 ED</SimpleData>
		<SimpleData name="Latitud">-2.8912357</SimpleData>
		<SimpleData name="Longitud">-79.0284267</SimpleData>
	</SchemaData></ExtendedData>
  </Placemark>
  <Placemark>
	<ExtendedData><SchemaData schemaUrl="#Sheet1">
		<SimpleData name="Capa">cebollar/racar/cdla.Ingenieros/Flor de Plata/Totora/Euca</SimpleData>
		<SimpleData name="Nombre">SM5119-4 ED</SimpleData>
		<SimpleData name="Latitud">-2.8900027</SimpleData>
		<SimpleData name="Longitud">-79.0248674</SimpleData>
	</SchemaData></ExtendedData>
  </Placemark>
  <Placemark>
	<ExtendedData><SchemaData schemaUrl="#Sheet1">
		<SimpleData name="Capa">cebollar/racar/cdla.Ingenieros/Flor de Plata/Totora/Euca</SimpleData>
		<SimpleData name="Nombre">SM0805-7</SimpleData>
		<SimpleData name="Latitud">-2.88632</SimpleData>
		<SimpleData name="Longitud">-78.9573727</SimpleData>
	</SchemaData></ExtendedData>
  </Placemark>
  <Placemark>
	<ExtendedData><SchemaData schemaUrl="#Sheet1">
		<SimpleData name="Capa">cebollar/racar/cdla.Ingenieros/Flor de Plata/Totora/Euca</SimpleData>
		<SimpleData name="Nombre">SM5119-6 ED</SimpleData>
		<SimpleData name="Latitud">-2.8917542</SimpleData>
		<SimpleData name="Longitud">-79.0265692</SimpleData>
	</SchemaData></ExtendedData>
  </Placemark>
  <Placemark>
	<ExtendedData><SchemaData schemaUrl="#Sheet1">
		<SimpleData name="Capa">cebollar/racar/cdla.Ingenieros/Flor de Plata/Totora/Euca</SimpleData>
		<SimpleData name="Nombre">SM5119-7 ED</SimpleData>
		<SimpleData name="Latitud">-2.8926576</SimpleData>
		<SimpleData name="Longitud">-79.0266586</SimpleData>
	</SchemaData></ExtendedData>
  </Placemark>
  <Placemark>
	<ExtendedData><SchemaData schemaUrl="#Sheet1">
		<SimpleData name="Capa">cebollar/racar/cdla.Ingenieros/Flor de Plata/Totora/Euca</SimpleData>
		<SimpleData name="Nombre">SM5119-8 ED</SimpleData>
		<SimpleData name="Latitud">-2.8906963</SimpleData>
		<SimpleData name="Longitud">-79.0301675</SimpleData>
	</SchemaData></ExtendedData>
  </Placemark>
  <Placemark>
	<ExtendedData><SchemaData schemaUrl="#Sheet1">
		<SimpleData name="Capa">cebollar/racar/cdla.Ingenieros/Flor de Plata/Totora/Euca</SimpleData>
		<SimpleData name="Nombre">SM5120-2</SimpleData>
		<SimpleData name="Latitud">-2.8930653</SimpleData>
		<SimpleData name="Longitud">-79.0305972</SimpleData>
	</SchemaData></ExtendedData>
  </Placemark>
  <Placemark>
	<ExtendedData><SchemaData schemaUrl="#Sheet1">
		<SimpleData name="Capa">cebollar/racar/cdla.Ingenieros/Flor de Plata/Totora/Euca</SimpleData>
		<SimpleData name="Nombre">SM5121-1</SimpleData>
		<SimpleData name="Latitud">-2.8896772</SimpleData>
		<SimpleData name="Longitud">-79.0297248</SimpleData>
	</SchemaData></ExtendedData>
  </Placemark>
  <Placemark>
	<ExtendedData><SchemaData schemaUrl="#Sheet1">
		<SimpleData name="Capa">cebollar/racar/cdla.Ingenieros/Flor de Plata/Totora/Euca</SimpleData>
		<SimpleData name="Nombre">SM5120-4 ED</SimpleData>
		<SimpleData name="Latitud">-2.8907591</SimpleData>
		<SimpleData name="Longitud">-79.0283288</SimpleData>
	</SchemaData></ExtendedData>
  </Placemark>
  <Placemark>
	<ExtendedData><SchemaData schemaUrl="#Sheet1">
		<SimpleData name="Capa">cebollar/racar/cdla.Ingenieros/Flor de Plata/Totora/Euca</SimpleData>
		<SimpleData name="Nombre">SM5120-5 ED</SimpleData>
		<SimpleData name="Latitud">-2.890845</SimpleData>
		<SimpleData name="Longitud">-79.0341103</SimpleData>
	</SchemaData></ExtendedData>
  </Placemark>
  <Placemark>
	<ExtendedData><SchemaData schemaUrl="#Sheet1">
		<SimpleData name="Capa">cebollar/racar/cdla.Ingenieros/Flor de Plata/Totora/Euca</SimpleData>
		<SimpleData name="Nombre">SM5120-6</SimpleData>
		<SimpleData name="Latitud">-2.8924632</SimpleData>
		<SimpleData name="Longitud">-79.0268329</SimpleData>
	</SchemaData></ExtendedData>
  </Placemark>
  <Placemark>
	<ExtendedData><SchemaData schemaUrl="#Sheet1">
		<SimpleData name="Capa">cebollar/racar/cdla.Ingenieros/Flor de Plata/Totora/Euca</SimpleData>
		<SimpleData name="Nombre">SM1208-1</SimpleData>
		<SimpleData name="Latitud">-2.9109684</SimpleData>
		<SimpleData name="Longitud">-78.9758553</SimpleData>
	</SchemaData></ExtendedData>
  </Placemark>
  <Placemark>
	<ExtendedData><SchemaData schemaUrl="#Sheet1">
		<SimpleData name="Capa">cebollar/racar/cdla.Ingenieros/Flor de Plata/Totora/Euca</SimpleData>
		<SimpleData name="Nombre">SM1305-1</SimpleData>
		<SimpleData name="Latitud">-2.8828951</SimpleData>
		<SimpleData name="Longitud">-78.976198</SimpleData>
	</SchemaData></ExtendedData>
  </Placemark>
  <Placemark>
	<ExtendedData><SchemaData schemaUrl="#Sheet1">
		<SimpleData name="Capa">cebollar/racar/cdla.Ingenieros/Flor de Plata/Totora/Euca</SimpleData>
		<SimpleData name="Nombre">SM7081-1</SimpleData>
		<SimpleData name="Latitud">-2.8917999</SimpleData>
		<SimpleData name="Longitud">-79.0039612</SimpleData>
	</SchemaData></ExtendedData>
  </Placemark>
  <Placemark>
	<ExtendedData><SchemaData schemaUrl="#Sheet1">
		<SimpleData name="Capa">cebollar/racar/cdla.Ingenieros/Flor de Plata/Totora/Euca</SimpleData>
		<SimpleData name="Nombre">SM0806-1</SimpleData>
		<SimpleData name="Latitud">-2.890926</SimpleData>
		<SimpleData name="Longitud">-78.9611502</SimpleData>
	</SchemaData></ExtendedData>
  </Placemark>
  <Placemark>
	<ExtendedData><SchemaData schemaUrl="#Sheet1">
		<SimpleData name="Capa">cebollar/racar/cdla.Ingenieros/Flor de Plata/Totora/Euca</SimpleData>
		<SimpleData name="Nombre">SM7081-2 piso 1</SimpleData>
		<SimpleData name="Latitud">-2.892442</SimpleData>
		<SimpleData name="Longitud">-79.0049266</SimpleData>
	</SchemaData></ExtendedData>
  </Placemark>
  <Placemark>
	<ExtendedData><SchemaData schemaUrl="#Sheet1">
		<SimpleData name="Capa">cebollar/racar/cdla.Ingenieros/Flor de Plata/Totora/Euca</SimpleData>
		<SimpleData name="Nombre">SM7081-3 piso 4</SimpleData>
		<SimpleData name="Latitud">-2.8925062</SimpleData>
		<SimpleData name="Longitud">-79.0049159</SimpleData>
	</SchemaData></ExtendedData>
  </Placemark>
  <Placemark>
	<ExtendedData><SchemaData schemaUrl="#Sheet1">
		<SimpleData name="Capa">cebollar/racar/cdla.Ingenieros/Flor de Plata/Totora/Euca</SimpleData>
		<SimpleData name="Nombre">SM5116-7</SimpleData>
		<SimpleData name="Latitud">-2.885434</SimpleData>
		<SimpleData name="Longitud">-79.022382</SimpleData>
	</SchemaData></ExtendedData>
  </Placemark>
  <Placemark>
	<ExtendedData><SchemaData schemaUrl="#Sheet1">
		<SimpleData name="Capa">cebollar/racar/cdla.Ingenieros/Flor de Plata/Totora/Euca</SimpleData>
		<SimpleData name="Nombre">Punto 286</SimpleData>
		<SimpleData name="Latitud">-2.8905986</SimpleData>
		<SimpleData name="Longitud">-79.0296495</SimpleData>
	</SchemaData></ExtendedData>
  </Placemark>
  <Placemark>
	<ExtendedData><SchemaData schemaUrl="#Sheet1">
		<SimpleData name="Capa">cebollar/racar/cdla.Ingenieros/Flor de Plata/Totora/Euca</SimpleData>
		<SimpleData name="Nombre">SM015811-1</SimpleData>
		<SimpleData name="Latitud">-2.8544777</SimpleData>
		<SimpleData name="Longitud">-78.9117897</SimpleData>
	</SchemaData></ExtendedData>
  </Placemark>
  <Placemark>
	<ExtendedData><SchemaData schemaUrl="#Sheet1">
		<SimpleData name="Capa">CAÑARIBAMBA/RIELES MONAY/tarqui/mayancela/bemani/Hosp.Niño/orqui.trigales</SimpleData>
		<SimpleData name="Nombre">SM1501-1</SimpleData>
		<SimpleData name="Latitud">-2.865193</SimpleData>
		<SimpleData name="Longitud">-78.989431</SimpleData>
	</SchemaData></ExtendedData>
  </Placemark>
  <Placemark>
	<ExtendedData><SchemaData schemaUrl="#Sheet1">
		<SimpleData name="Capa">CAÑARIBAMBA/RIELES MONAY/tarqui/mayancela/bemani/Hosp.Niño/orqui.trigales</SimpleData>
		<SimpleData name="Nombre">SM1501-2</SimpleData>
		<SimpleData name="Latitud">-2.864644</SimpleData>
		<SimpleData name="Longitud">-78.990103</SimpleData>
	</SchemaData></ExtendedData>
  </Placemark>
  <Placemark>
	<ExtendedData><SchemaData schemaUrl="#Sheet1">
		<SimpleData name="Capa">CAÑARIBAMBA/RIELES MONAY/tarqui/mayancela/bemani/Hosp.Niño/orqui.trigales</SimpleData>
		<SimpleData name="Nombre">SM1501-3</SimpleData>
		<SimpleData name="Latitud">-2.86448</SimpleData>
		<SimpleData name="Longitud">-78.989535</SimpleData>
	</SchemaData></ExtendedData>
  </Placemark>
  <Placemark>
	<ExtendedData><SchemaData schemaUrl="#Sheet1">
		<SimpleData name="Capa">CAÑARIBAMBA/RIELES MONAY/tarqui/mayancela/bemani/Hosp.Niño/orqui.trigales</SimpleData>
		<SimpleData name="Nombre">SM1501-4  SI caja llena</SimpleData>
		<SimpleData name="Latitud">-2.863923</SimpleData>
		<SimpleData name="Longitud">-78.989013</SimpleData>
	</SchemaData></ExtendedData>
  </Placemark>
  <Placemark>
	<ExtendedData><SchemaData schemaUrl="#Sheet1">
		<SimpleData name="Capa">CAÑARIBAMBA/RIELES MONAY/tarqui/mayancela/bemani/Hosp.Niño/orqui.trigales</SimpleData>
		<SimpleData name="Nombre">SM1501-5 SI caja llena</SimpleData>
		<SimpleData name="Latitud">-2.864762</SimpleData>
		<SimpleData name="Longitud">-78.989207</SimpleData>
	</SchemaData></ExtendedData>
  </Placemark>
  <Placemark>
	<ExtendedData><SchemaData schemaUrl="#Sheet1">
		<SimpleData name="Capa">CAÑARIBAMBA/RIELES MONAY/tarqui/mayancela/bemani/Hosp.Niño/orqui.trigales</SimpleData>
		<SimpleData name="Nombre">SM1501-6</SimpleData>
		<SimpleData name="Latitud">-2.865618</SimpleData>
		<SimpleData name="Longitud">-78.988502</SimpleData>
	</SchemaData></ExtendedData>
  </Placemark>
  <Placemark>
	<ExtendedData><SchemaData schemaUrl="#Sheet1">
		<SimpleData name="Capa">CAÑARIBAMBA/RIELES MONAY/tarqui/mayancela/bemani/Hosp.Niño/orqui.trigales</SimpleData>
		<SimpleData name="Nombre">SM1501-7 SI caja llena</SimpleData>
		<SimpleData name="Latitud">-2.863787</SimpleData>
		<SimpleData name="Longitud">-78.990301</SimpleData>
	</SchemaData></ExtendedData>
  </Placemark>
  <Placemark>
	<ExtendedData><SchemaData schemaUrl="#Sheet1">
		<SimpleData name="Capa">CAÑARIBAMBA/RIELES MONAY/tarqui/mayancela/bemani/Hosp.Niño/orqui.trigales</SimpleData>
		<SimpleData name="Nombre">SM1501-8</SimpleData>
		<SimpleData name="Latitud">-2.863447</SimpleData>
		<SimpleData name="Longitud">-78.990694</SimpleData>
	</SchemaData></ExtendedData>
  </Placemark>
  <Placemark>
	<ExtendedData><SchemaData schemaUrl="#Sheet1">
		<SimpleData name="Capa">CAÑARIBAMBA/RIELES MONAY/tarqui/mayancela/bemani/Hosp.Niño/orqui.trigales</SimpleData>
		<SimpleData name="Nombre">SM0901-3</SimpleData>
		<SimpleData name="Latitud">-2.898054</SimpleData>
		<SimpleData name="Longitud">-78.976576</SimpleData>
	</SchemaData></ExtendedData>
  </Placemark>
  <Placemark>
	<ExtendedData><SchemaData schemaUrl="#Sheet1">
		<SimpleData name="Capa">CAÑARIBAMBA/RIELES MONAY/tarqui/mayancela/bemani/Hosp.Niño/orqui.trigales</SimpleData>
		<SimpleData name="Nombre">SM0901-2</SimpleData>
		<SimpleData name="Latitud">-2.898583</SimpleData>
		<SimpleData name="Longitud">-78.97891</SimpleData>
	</SchemaData></ExtendedData>
  </Placemark>
  <Placemark>
	<ExtendedData><SchemaData schemaUrl="#Sheet1">
		<SimpleData name="Capa">CAÑARIBAMBA/RIELES MONAY/tarqui/mayancela/bemani/Hosp.Niño/orqui.trigales</SimpleData>
		<SimpleData name="Nombre">SM0901-1</SimpleData>
		<SimpleData name="Latitud">-2.898097</SimpleData>
		<SimpleData name="Longitud">-78.980381</SimpleData>
	</SchemaData></ExtendedData>
  </Placemark>
  <Placemark>
	<ExtendedData><SchemaData schemaUrl="#Sheet1">
		<SimpleData name="Capa">CAÑARIBAMBA/RIELES MONAY/tarqui/mayancela/bemani/Hosp.Niño/orqui.trigales</SimpleData>
		<SimpleData name="Nombre">SM0901-4</SimpleData>
		<SimpleData name="Latitud">-2.89773</SimpleData>
		<SimpleData name="Longitud">-78.981526</SimpleData>
	</SchemaData></ExtendedData>
  </Placemark>
  <Placemark>
	<ExtendedData><SchemaData schemaUrl="#Sheet1">
		<SimpleData name="Capa">CAÑARIBAMBA/RIELES MONAY/tarqui/mayancela/bemani/Hosp.Niño/orqui.trigales</SimpleData>
		<SimpleData name="Nombre">SM0902-1</SimpleData>
		<SimpleData name="Latitud">-2.900419</SimpleData>
		<SimpleData name="Longitud">-78.981784</SimpleData>
	</SchemaData></ExtendedData>
  </Placemark>
  <Placemark>
	<ExtendedData><SchemaData schemaUrl="#Sheet1">
		<SimpleData name="Capa">CAÑARIBAMBA/RIELES MONAY/tarqui/mayancela/bemani/Hosp.Niño/orqui.trigales</SimpleData>
		<SimpleData name="Nombre">SM0902-4</SimpleData>
		<SimpleData name="Latitud">-2.899795</SimpleData>
		<SimpleData name="Longitud">-78.978346</SimpleData>
	</SchemaData></ExtendedData>
  </Placemark>
  <Placemark>
	<ExtendedData><SchemaData schemaUrl="#Sheet1">
		<SimpleData name="Capa">CAÑARIBAMBA/RIELES MONAY/tarqui/mayancela/bemani/Hosp.Niño/orqui.trigales</SimpleData>
		<SimpleData name="Nombre">SM0902-3</SimpleData>
		<SimpleData name="Latitud">-2.900687</SimpleData>
		<SimpleData name="Longitud">-78.980248</SimpleData>
	</SchemaData></ExtendedData>
  </Placemark>
  <Placemark>
	<ExtendedData><SchemaData schemaUrl="#Sheet1">
		<SimpleData name="Capa">CAÑARIBAMBA/RIELES MONAY/tarqui/mayancela/bemani/Hosp.Niño/orqui.trigales</SimpleData>
		<SimpleData name="Nombre">SM0902-2</SimpleData>
		<SimpleData name="Latitud">-2.901648</SimpleData>
		<SimpleData name="Longitud">-78.981679</SimpleData>
	</SchemaData></ExtendedData>
  </Placemark>
  <Placemark>
	<ExtendedData><SchemaData schemaUrl="#Sheet1">
		<SimpleData name="Capa">CAÑARIBAMBA/RIELES MONAY/tarqui/mayancela/bemani/Hosp.Niño/orqui.trigales</SimpleData>
		<SimpleData name="Nombre">SM0903-4</SimpleData>
		<SimpleData name="Latitud">-2.899364</SimpleData>
		<SimpleData name="Longitud">-78.982768</SimpleData>
	</SchemaData></ExtendedData>
  </Placemark>
  <Placemark>
	<ExtendedData><SchemaData schemaUrl="#Sheet1">
		<SimpleData name="Capa">CAÑARIBAMBA/RIELES MONAY/tarqui/mayancela/bemani/Hosp.Niño/orqui.trigales</SimpleData>
		<SimpleData name="Nombre">SM0903-3</SimpleData>
		<SimpleData name="Latitud">-2.901136</SimpleData>
		<SimpleData name="Longitud">-78.983408</SimpleData>
	</SchemaData></ExtendedData>
  </Placemark>
  <Placemark>
	<ExtendedData><SchemaData schemaUrl="#Sheet1">
		<SimpleData name="Capa">CAÑARIBAMBA/RIELES MONAY/tarqui/mayancela/bemani/Hosp.Niño/orqui.trigales</SimpleData>
		<SimpleData name="Nombre">SM0903-2</SimpleData>
		<SimpleData name="Latitud">-2.903431</SimpleData>
		<SimpleData name="Longitud">-78.982222</SimpleData>
	</SchemaData></ExtendedData>
  </Placemark>
  <Placemark>
	<ExtendedData><SchemaData schemaUrl="#Sheet1">
		<SimpleData name="Capa">CAÑARIBAMBA/RIELES MONAY/tarqui/mayancela/bemani/Hosp.Niño/orqui.trigales</SimpleData>
		<SimpleData name="Nombre">SM0903-1</SimpleData>
		<SimpleData name="Latitud">-2.902965</SimpleData>
		<SimpleData name="Longitud">-78.983016</SimpleData>
	</SchemaData></ExtendedData>
  </Placemark>
  <Placemark>
	<ExtendedData><SchemaData schemaUrl="#Sheet1">
		<SimpleData name="Capa">CAÑARIBAMBA/RIELES MONAY/tarqui/mayancela/bemani/Hosp.Niño/orqui.trigales</SimpleData>
		<SimpleData name="Nombre">SM0201-2</SimpleData>
		<SimpleData name="Latitud">-2.903755</SimpleData>
		<SimpleData name="Longitud">-78.986952</SimpleData>
	</SchemaData></ExtendedData>
  </Placemark>
  <Placemark>
	<ExtendedData><SchemaData schemaUrl="#Sheet1">
		<SimpleData name="Capa">CAÑARIBAMBA/RIELES MONAY/tarqui/mayancela/bemani/Hosp.Niño/orqui.trigales</SimpleData>
		<SimpleData name="Nombre">SM0201-1</SimpleData>
		<SimpleData name="Latitud">-2.902628</SimpleData>
		<SimpleData name="Longitud">-78.986157</SimpleData>
	</SchemaData></ExtendedData>
  </Placemark>
  <Placemark>
	<ExtendedData><SchemaData schemaUrl="#Sheet1">
		<SimpleData name="Capa">CAÑARIBAMBA/RIELES MONAY/tarqui/mayancela/bemani/Hosp.Niño/orqui.trigales</SimpleData>
		<SimpleData name="Nombre">SM0201-4</SimpleData>
		<SimpleData name="Latitud">-2.906214</SimpleData>
		<SimpleData name="Longitud">-78.985302</SimpleData>
	</SchemaData></ExtendedData>
  </Placemark>
  <Placemark>
	<ExtendedData><SchemaData schemaUrl="#Sheet1">
		<SimpleData name="Capa">CAÑARIBAMBA/RIELES MONAY/tarqui/mayancela/bemani/Hosp.Niño/orqui.trigales</SimpleData>
		<SimpleData name="Nombre">SM0201-3</SimpleData>
		<SimpleData name="Latitud">-2.905105</SimpleData>
		<SimpleData name="Longitud">-78.985253</SimpleData>
	</SchemaData></ExtendedData>
  </Placemark>
  <Placemark>
	<ExtendedData><SchemaData schemaUrl="#Sheet1">
		<SimpleData name="Capa">CAÑARIBAMBA/RIELES MONAY/tarqui/mayancela/bemani/Hosp.Niño/orqui.trigales</SimpleData>
		<SimpleData name="Nombre">SM0202-4</SimpleData>
		<SimpleData name="Latitud">-2.905133</SimpleData>
		<SimpleData name="Longitud">-78.99033</SimpleData>
	</SchemaData></ExtendedData>
  </Placemark>
  <Placemark>
	<ExtendedData><SchemaData schemaUrl="#Sheet1">
		<SimpleData name="Capa">CAÑARIBAMBA/RIELES MONAY/tarqui/mayancela/bemani/Hosp.Niño/orqui.trigales</SimpleData>
		<SimpleData name="Nombre">SM0202-3</SimpleData>
		<SimpleData name="Latitud">-2.904463</SimpleData>
		<SimpleData name="Longitud">-78.988572</SimpleData>
	</SchemaData></ExtendedData>
  </Placemark>
  <Placemark>
	<ExtendedData><SchemaData schemaUrl="#Sheet1">
		<SimpleData name="Capa">CAÑARIBAMBA/RIELES MONAY/tarqui/mayancela/bemani/Hosp.Niño/orqui.trigales</SimpleData>
		<SimpleData name="Nombre">SM0202-1</SimpleData>
		<SimpleData name="Latitud">-2.905118</SimpleData>
		<SimpleData name="Longitud">-78.98774</SimpleData>
	</SchemaData></ExtendedData>
  </Placemark>
  <Placemark>
	<ExtendedData><SchemaData schemaUrl="#Sheet1">
		<SimpleData name="Capa">CAÑARIBAMBA/RIELES MONAY/tarqui/mayancela/bemani/Hosp.Niño/orqui.trigales</SimpleData>
		<SimpleData name="Nombre">SM0202-2</SimpleData>
		<SimpleData name="Latitud">-2.907158</SimpleData>
		<SimpleData name="Longitud">-78.986902</SimpleData>
	</SchemaData></ExtendedData>
  </Placemark>
  <Placemark>
	<ExtendedData><SchemaData schemaUrl="#Sheet1">
		<SimpleData name="Capa">CAÑARIBAMBA/RIELES MONAY/tarqui/mayancela/bemani/Hosp.Niño/orqui.trigales</SimpleData>
		<SimpleData name="Nombre">SM0203-3</SimpleData>
		<SimpleData name="Latitud">-2.905771</SimpleData>
		<SimpleData name="Longitud">-78.991828</SimpleData>
	</SchemaData></ExtendedData>
  </Placemark>
  <Placemark>
	<ExtendedData><SchemaData schemaUrl="#Sheet1">
		<SimpleData name="Capa">CAÑARIBAMBA/RIELES MONAY/tarqui/mayancela/bemani/Hosp.Niño/orqui.trigales</SimpleData>
		<SimpleData name="Nombre">SM0203-2</SimpleData>
		<SimpleData name="Latitud">-2.907302</SimpleData>
		<SimpleData name="Longitud">-78.988791</SimpleData>
	</SchemaData></ExtendedData>
  </Placemark>
  <Placemark>
	<ExtendedData><SchemaData schemaUrl="#Sheet1">
		<SimpleData name="Capa">CAÑARIBAMBA/RIELES MONAY/tarqui/mayancela/bemani/Hosp.Niño/orqui.trigales</SimpleData>
		<SimpleData name="Nombre">SM0203-1</SimpleData>
		<SimpleData name="Latitud">-2.90713</SimpleData>
		<SimpleData name="Longitud">-78.990015</SimpleData>
	</SchemaData></ExtendedData>
  </Placemark>
  <Placemark>
	<ExtendedData><SchemaData schemaUrl="#Sheet1">
		<SimpleData name="Capa">CAÑARIBAMBA/RIELES MONAY/tarqui/mayancela/bemani/Hosp.Niño/orqui.trigales</SimpleData>
		<SimpleData name="Nombre">SMP0204-2</SimpleData>
		<SimpleData name="Latitud">-2.909051</SimpleData>
		<SimpleData name="Longitud">-78.993235</SimpleData>
	</SchemaData></ExtendedData>
  </Placemark>
  <Placemark>
	<ExtendedData><SchemaData schemaUrl="#Sheet1">
		<SimpleData name="Capa">CAÑARIBAMBA/RIELES MONAY/tarqui/mayancela/bemani/Hosp.Niño/orqui.trigales</SimpleData>
		<SimpleData name="Nombre">SMP0204-1</SimpleData>
		<SimpleData name="Latitud">-2.908031</SimpleData>
		<SimpleData name="Longitud">-78.991447</SimpleData>
	</SchemaData></ExtendedData>
  </Placemark>
  <Placemark>
	<ExtendedData><SchemaData schemaUrl="#Sheet1">
		<SimpleData name="Capa">CAÑARIBAMBA/RIELES MONAY/tarqui/mayancela/bemani/Hosp.Niño/orqui.trigales</SimpleData>
		<SimpleData name="Nombre">Caja Bloque F1</SimpleData>
		<SimpleData name="Latitud">-2.897848</SimpleData>
		<SimpleData name="Longitud">-78.967742</SimpleData>
	</SchemaData></ExtendedData>
  </Placemark>
  <Placemark>
	<ExtendedData><SchemaData schemaUrl="#Sheet1">
		<SimpleData name="Capa">CAÑARIBAMBA/RIELES MONAY/tarqui/mayancela/bemani/Hosp.Niño/orqui.trigales</SimpleData>
		<SimpleData name="Nombre">SM0904-1</SimpleData>
		<SimpleData name="Latitud">-2.896409</SimpleData>
		<SimpleData name="Longitud">-78.968685</SimpleData>
	</SchemaData></ExtendedData>
  </Placemark>
  <Placemark>
	<ExtendedData><SchemaData schemaUrl="#Sheet1">
		<SimpleData name="Capa">CAÑARIBAMBA/RIELES MONAY/tarqui/mayancela/bemani/Hosp.Niño/orqui.trigales</SimpleData>
		<SimpleData name="Nombre">SM0904-2</SimpleData>
		<SimpleData name="Latitud">-2.896557</SimpleData>
		<SimpleData name="Longitud">-78.968645</SimpleData>
	</SchemaData></ExtendedData>
  </Placemark>
  <Placemark>
	<ExtendedData><SchemaData schemaUrl="#Sheet1">
		<SimpleData name="Capa">CAÑARIBAMBA/RIELES MONAY/tarqui/mayancela/bemani/Hosp.Niño/orqui.trigales</SimpleData>
		<SimpleData name="Nombre">SM0904-3</SimpleData>
		<SimpleData name="Latitud">-2.896661</SimpleData>
		<SimpleData name="Longitud">-78.968617</SimpleData>
	</SchemaData></ExtendedData>
  </Placemark>
  <Placemark>
	<ExtendedData><SchemaData schemaUrl="#Sheet1">
		<SimpleData name="Capa">CAÑARIBAMBA/RIELES MONAY/tarqui/mayancela/bemani/Hosp.Niño/orqui.trigales</SimpleData>
		<SimpleData name="Nombre">SM0905-3</SimpleData>
		<SimpleData name="Latitud">-2.896956</SimpleData>
		<SimpleData name="Longitud">-78.968293</SimpleData>
	</SchemaData></ExtendedData>
  </Placemark>
  <Placemark>
	<ExtendedData><SchemaData schemaUrl="#Sheet1">
		<SimpleData name="Capa">CAÑARIBAMBA/RIELES MONAY/tarqui/mayancela/bemani/Hosp.Niño/orqui.trigales</SimpleData>
		<SimpleData name="Nombre">SM0905-4</SimpleData>
		<SimpleData name="Latitud">-2.898147</SimpleData>
		<SimpleData name="Longitud">-78.967971</SimpleData>
	</SchemaData></ExtendedData>
  </Placemark>
  <Placemark>
	<ExtendedData><SchemaData schemaUrl="#Sheet1">
		<SimpleData name="Capa">CAÑARIBAMBA/RIELES MONAY/tarqui/mayancela/bemani/Hosp.Niño/orqui.trigales</SimpleData>
		<SimpleData name="Nombre">SM0905-1</SimpleData>
		<SimpleData name="Latitud">-2.897205</SimpleData>
		<SimpleData name="Longitud">-78.968647</SimpleData>
	</SchemaData></ExtendedData>
  </Placemark>
  <Placemark>
	<ExtendedData><SchemaData schemaUrl="#Sheet1">
		<SimpleData name="Capa">CAÑARIBAMBA/RIELES MONAY/tarqui/mayancela/bemani/Hosp.Niño/orqui.trigales</SimpleData>
		<SimpleData name="Nombre">SM0905-1</SimpleData>
		<SimpleData name="Latitud">-2.898246</SimpleData>
		<SimpleData name="Longitud">-78.968346</SimpleData>
	</SchemaData></ExtendedData>
  </Placemark>
  <Placemark>
	<ExtendedData><SchemaData schemaUrl="#Sheet1">
		<SimpleData name="Capa">CAÑARIBAMBA/RIELES MONAY/tarqui/mayancela/bemani/Hosp.Niño/orqui.trigales</SimpleData>
		<SimpleData name="Nombre">SM6801-1</SimpleData>
		<SimpleData name="Latitud">-2.950954</SimpleData>
		<SimpleData name="Longitud">-78.989483</SimpleData>
	</SchemaData></ExtendedData>
  </Placemark>
  <Placemark>
	<ExtendedData><SchemaData schemaUrl="#Sheet1">
		<SimpleData name="Capa">CAÑARIBAMBA/RIELES MONAY/tarqui/mayancela/bemani/Hosp.Niño/orqui.trigales</SimpleData>
		<SimpleData name="Nombre">SM6801-2</SimpleData>
		<SimpleData name="Latitud">-2.954149</SimpleData>
		<SimpleData name="Longitud">-78.988616</SimpleData>
	</SchemaData></ExtendedData>
  </Placemark>
  <Placemark>
	<ExtendedData><SchemaData schemaUrl="#Sheet1">
		<SimpleData name="Capa">CAÑARIBAMBA/RIELES MONAY/tarqui/mayancela/bemani/Hosp.Niño/orqui.trigales</SimpleData>
		<SimpleData name="Nombre">SM6801-3</SimpleData>
		<SimpleData name="Latitud">-2.954479</SimpleData>
		<SimpleData name="Longitud">-78.986035</SimpleData>
	</SchemaData></ExtendedData>
  </Placemark>
  <Placemark>
	<ExtendedData><SchemaData schemaUrl="#Sheet1">
		<SimpleData name="Capa">CAÑARIBAMBA/RIELES MONAY/tarqui/mayancela/bemani/Hosp.Niño/orqui.trigales</SimpleData>
		<SimpleData name="Nombre">SM6801-4</SimpleData>
		<SimpleData name="Latitud">-2.952842</SimpleData>
		<SimpleData name="Longitud">-78.98143</SimpleData>
	</SchemaData></ExtendedData>
  </Placemark>
  <Placemark>
	<ExtendedData><SchemaData schemaUrl="#Sheet1">
		<SimpleData name="Capa">CAÑARIBAMBA/RIELES MONAY/tarqui/mayancela/bemani/Hosp.Niño/orqui.trigales</SimpleData>
		<SimpleData name="Nombre">SM6801-5</SimpleData>
		<SimpleData name="Latitud">-2.951646</SimpleData>
		<SimpleData name="Longitud">-78.984719</SimpleData>
	</SchemaData></ExtendedData>
  </Placemark>
  <Placemark>
	<ExtendedData><SchemaData schemaUrl="#Sheet1">
		<SimpleData name="Capa">CAÑARIBAMBA/RIELES MONAY/tarqui/mayancela/bemani/Hosp.Niño/orqui.trigales</SimpleData>
		<SimpleData name="Nombre">SM6801-6</SimpleData>
		<SimpleData name="Latitud">-2.956001</SimpleData>
		<SimpleData name="Longitud">-78.983474</SimpleData>
	</SchemaData></ExtendedData>
  </Placemark>
  <Placemark>
	<ExtendedData><SchemaData schemaUrl="#Sheet1">
		<SimpleData name="Capa">CAÑARIBAMBA/RIELES MONAY/tarqui/mayancela/bemani/Hosp.Niño/orqui.trigales</SimpleData>
		<SimpleData name="Nombre">SM6801-7</SimpleData>
		<SimpleData name="Latitud">-2.958435</SimpleData>
		<SimpleData name="Longitud">-78.985031</SimpleData>
	</SchemaData></ExtendedData>
  </Placemark>
  <Placemark>
	<ExtendedData><SchemaData schemaUrl="#Sheet1">
		<SimpleData name="Capa">CAÑARIBAMBA/RIELES MONAY/tarqui/mayancela/bemani/Hosp.Niño/orqui.trigales</SimpleData>
		<SimpleData name="Nombre">SM6802-1</SimpleData>
		<SimpleData name="Latitud">-2.957151</SimpleData>
		<SimpleData name="Longitud">-78.989119</SimpleData>
	</SchemaData></ExtendedData>
  </Placemark>
  <Placemark>
	<ExtendedData><SchemaData schemaUrl="#Sheet1">
		<SimpleData name="Capa">CAÑARIBAMBA/RIELES MONAY/tarqui/mayancela/bemani/Hosp.Niño/orqui.trigales</SimpleData>
		<SimpleData name="Nombre">SM6803-1</SimpleData>
		<SimpleData name="Latitud">-2.966297</SimpleData>
		<SimpleData name="Longitud">-79.001454</SimpleData>
	</SchemaData></ExtendedData>
  </Placemark>
  <Placemark>
	<ExtendedData><SchemaData schemaUrl="#Sheet1">
		<SimpleData name="Capa">CAÑARIBAMBA/RIELES MONAY/tarqui/mayancela/bemani/Hosp.Niño/orqui.trigales</SimpleData>
		<SimpleData name="Nombre">SM6803-2</SimpleData>
		<SimpleData name="Latitud">-2.966636</SimpleData>
		<SimpleData name="Longitud">-79.00387</SimpleData>
	</SchemaData></ExtendedData>
  </Placemark>
  <Placemark>
	<ExtendedData><SchemaData schemaUrl="#Sheet1">
		<SimpleData name="Capa">CAÑARIBAMBA/RIELES MONAY/tarqui/mayancela/bemani/Hosp.Niño/orqui.trigales</SimpleData>
		<SimpleData name="Nombre">SM6803-3</SimpleData>
		<SimpleData name="Latitud">-2.971995</SimpleData>
		<SimpleData name="Longitud">-79.00063</SimpleData>
	</SchemaData></ExtendedData>
  </Placemark>
  <Placemark>
	<ExtendedData><SchemaData schemaUrl="#Sheet1">
		<SimpleData name="Capa">CAÑARIBAMBA/RIELES MONAY/tarqui/mayancela/bemani/Hosp.Niño/orqui.trigales</SimpleData>
		<SimpleData name="Nombre">SM6803-5</SimpleData>
		<SimpleData name="Latitud">-2.978949</SimpleData>
		<SimpleData name="Longitud">-78.99821</SimpleData>
	</SchemaData></ExtendedData>
  </Placemark>
  <Placemark>
	<ExtendedData><SchemaData schemaUrl="#Sheet1">
		<SimpleData name="Capa">CAÑARIBAMBA/RIELES MONAY/tarqui/mayancela/bemani/Hosp.Niño/orqui.trigales</SimpleData>
		<SimpleData name="Nombre">SM6803-4</SimpleData>
		<SimpleData name="Latitud">-2.97837</SimpleData>
		<SimpleData name="Longitud">-78.99966</SimpleData>
	</SchemaData></ExtendedData>
  </Placemark>
  <Placemark>
	<ExtendedData><SchemaData schemaUrl="#Sheet1">
		<SimpleData name="Capa">CAÑARIBAMBA/RIELES MONAY/tarqui/mayancela/bemani/Hosp.Niño/orqui.trigales</SimpleData>
		<SimpleData name="Nombre">SM6803-6</SimpleData>
		<SimpleData name="Latitud">-2.982287</SimpleData>
		<SimpleData name="Longitud">-79.000204</SimpleData>
	</SchemaData></ExtendedData>
  </Placemark>
  <Placemark>
	<ExtendedData><SchemaData schemaUrl="#Sheet1">
		<SimpleData name="Capa">CAÑARIBAMBA/RIELES MONAY/tarqui/mayancela/bemani/Hosp.Niño/orqui.trigales</SimpleData>
		<SimpleData name="Nombre">SM6802-2</SimpleData>
		<SimpleData name="Latitud">-2.959525</SimpleData>
		<SimpleData name="Longitud">-78.987046</SimpleData>
	</SchemaData></ExtendedData>
  </Placemark>
  <Placemark>
	<ExtendedData><SchemaData schemaUrl="#Sheet1">
		<SimpleData name="Capa">CAÑARIBAMBA/RIELES MONAY/tarqui/mayancela/bemani/Hosp.Niño/orqui.trigales</SimpleData>
		<SimpleData name="Nombre">SM6802-3</SimpleData>
		<SimpleData name="Latitud">-2.963385</SimpleData>
		<SimpleData name="Longitud">-78.988809</SimpleData>
	</SchemaData></ExtendedData>
  </Placemark>
  <Placemark>
	<ExtendedData><SchemaData schemaUrl="#Sheet1">
		<SimpleData name="Capa">CAÑARIBAMBA/RIELES MONAY/tarqui/mayancela/bemani/Hosp.Niño/orqui.trigales</SimpleData>
		<SimpleData name="Nombre">SM6802-4</SimpleData>
		<SimpleData name="Latitud">-2.964461</SimpleData>
		<SimpleData name="Longitud">-78.988614</SimpleData>
	</SchemaData></ExtendedData>
  </Placemark>
  <Placemark>
	<ExtendedData><SchemaData schemaUrl="#Sheet1">
		<SimpleData name="Capa">CAÑARIBAMBA/RIELES MONAY/tarqui/mayancela/bemani/Hosp.Niño/orqui.trigales</SimpleData>
		<SimpleData name="Nombre">SM6802-5</SimpleData>
		<SimpleData name="Latitud">-2.966023</SimpleData>
		<SimpleData name="Longitud">-78.987604</SimpleData>
	</SchemaData></ExtendedData>
  </Placemark>
  <Placemark>
	<ExtendedData><SchemaData schemaUrl="#Sheet1">
		<SimpleData name="Capa">CAÑARIBAMBA/RIELES MONAY/tarqui/mayancela/bemani/Hosp.Niño/orqui.trigales</SimpleData>
		<SimpleData name="Nombre">SM6802-6</SimpleData>
		<SimpleData name="Latitud">-2.968201</SimpleData>
		<SimpleData name="Longitud">-78.985597</SimpleData>
	</SchemaData></ExtendedData>
  </Placemark>
  <Placemark>
	<ExtendedData><SchemaData schemaUrl="#Sheet1">
		<SimpleData name="Capa">CAÑARIBAMBA/RIELES MONAY/tarqui/mayancela/bemani/Hosp.Niño/orqui.trigales</SimpleData>
		<SimpleData name="Nombre">SM6802-7</SimpleData>
		<SimpleData name="Latitud">-2.962882</SimpleData>
		<SimpleData name="Longitud">-78.994717</SimpleData>
	</SchemaData></ExtendedData>
  </Placemark>
  <Placemark>
	<ExtendedData><SchemaData schemaUrl="#Sheet1">
		<SimpleData name="Capa">CAÑARIBAMBA/RIELES MONAY/tarqui/mayancela/bemani/Hosp.Niño/orqui.trigales</SimpleData>
		<SimpleData name="Nombre">SM6803-7</SimpleData>
		<SimpleData name="Latitud">-2.978476</SimpleData>
		<SimpleData name="Longitud">-78.993122</SimpleData>
	</SchemaData></ExtendedData>
  </Placemark>
  <Placemark>
	<ExtendedData><SchemaData schemaUrl="#Sheet1">
		<SimpleData name="Capa">CAÑARIBAMBA/RIELES MONAY/tarqui/mayancela/bemani/Hosp.Niño/orqui.trigales</SimpleData>
		<SimpleData name="Nombre">SM016701-1</SimpleData>
		<SimpleData name="Latitud">-2.854165</SimpleData>
		<SimpleData name="Longitud">-78.991328</SimpleData>
	</SchemaData></ExtendedData>
  </Placemark>
  <Placemark>
	<ExtendedData><SchemaData schemaUrl="#Sheet1">
		<SimpleData name="Capa">CAÑARIBAMBA/RIELES MONAY/tarqui/mayancela/bemani/Hosp.Niño/orqui.trigales</SimpleData>
		<SimpleData name="Nombre">SM016701-2</SimpleData>
		<SimpleData name="Latitud">-2.855636</SimpleData>
		<SimpleData name="Longitud">-78.989759</SimpleData>
	</SchemaData></ExtendedData>
  </Placemark>
  <Placemark>
	<ExtendedData><SchemaData schemaUrl="#Sheet1">
		<SimpleData name="Capa">CAÑARIBAMBA/RIELES MONAY/tarqui/mayancela/bemani/Hosp.Niño/orqui.trigales</SimpleData>
		<SimpleData name="Nombre">SM016701-3</SimpleData>
		<SimpleData name="Latitud">-2.857768</SimpleData>
		<SimpleData name="Longitud">-78.98825</SimpleData>
	</SchemaData></ExtendedData>
  </Placemark>
  <Placemark>
	<ExtendedData><SchemaData schemaUrl="#Sheet1">
		<SimpleData name="Capa">CAÑARIBAMBA/RIELES MONAY/tarqui/mayancela/bemani/Hosp.Niño/orqui.trigales</SimpleData>
		<SimpleData name="Nombre">SM016701-4</SimpleData>
		<SimpleData name="Latitud">-2.853304</SimpleData>
		<SimpleData name="Longitud">-78.99112</SimpleData>
	</SchemaData></ExtendedData>
  </Placemark>
  <Placemark>
	<ExtendedData><SchemaData schemaUrl="#Sheet1">
		<SimpleData name="Capa">CAÑARIBAMBA/RIELES MONAY/tarqui/mayancela/bemani/Hosp.Niño/orqui.trigales</SimpleData>
		<SimpleData name="Nombre">SM016701-5</SimpleData>
		<SimpleData name="Latitud">-2.852531</SimpleData>
		<SimpleData name="Longitud">-78.992715</SimpleData>
	</SchemaData></ExtendedData>
  </Placemark>
  <Placemark>
	<ExtendedData><SchemaData schemaUrl="#Sheet1">
		<SimpleData name="Capa">CAÑARIBAMBA/RIELES MONAY/tarqui/mayancela/bemani/Hosp.Niño/orqui.trigales</SimpleData>
		<SimpleData name="Nombre">SM016701-6</SimpleData>
		<SimpleData name="Latitud">-2.852498</SimpleData>
		<SimpleData name="Longitud">-78.995323</SimpleData>
	</SchemaData></ExtendedData>
  </Placemark>
  <Placemark>
	<ExtendedData><SchemaData schemaUrl="#Sheet1">
		<SimpleData name="Capa">CAÑARIBAMBA/RIELES MONAY/tarqui/mayancela/bemani/Hosp.Niño/orqui.trigales</SimpleData>
		<SimpleData name="Nombre">SM016701-7</SimpleData>
		<SimpleData name="Latitud">-2.854252</SimpleData>
		<SimpleData name="Longitud">-78.995587</SimpleData>
	</SchemaData></ExtendedData>
  </Placemark>
  <Placemark>
	<ExtendedData><SchemaData schemaUrl="#Sheet1">
		<SimpleData name="Capa">CAÑARIBAMBA/RIELES MONAY/tarqui/mayancela/bemani/Hosp.Niño/orqui.trigales</SimpleData>
		<SimpleData name="Nombre">SM016701-8</SimpleData>
		<SimpleData name="Latitud">-2.855969</SimpleData>
		<SimpleData name="Longitud">-78.992927</SimpleData>
	</SchemaData></ExtendedData>
  </Placemark>
  <Placemark>
	<ExtendedData><SchemaData schemaUrl="#Sheet1">
		<SimpleData name="Capa">CAÑARIBAMBA/RIELES MONAY/tarqui/mayancela/bemani/Hosp.Niño/orqui.trigales</SimpleData>
		<SimpleData name="Nombre">SM016702-1</SimpleData>
		<SimpleData name="Latitud">-2.851462</SimpleData>
		<SimpleData name="Longitud">-78.993491</SimpleData>
	</SchemaData></ExtendedData>
  </Placemark>
  <Placemark>
	<ExtendedData><SchemaData schemaUrl="#Sheet1">
		<SimpleData name="Capa">CAÑARIBAMBA/RIELES MONAY/tarqui/mayancela/bemani/Hosp.Niño/orqui.trigales</SimpleData>
		<SimpleData name="Nombre">SM016702-2</SimpleData>
		<SimpleData name="Latitud">-2.849423</SimpleData>
		<SimpleData name="Longitud">-78.99358</SimpleData>
	</SchemaData></ExtendedData>
  </Placemark>
  <Placemark>
	<ExtendedData><SchemaData schemaUrl="#Sheet1">
		<SimpleData name="Capa">CAÑARIBAMBA/RIELES MONAY/tarqui/mayancela/bemani/Hosp.Niño/orqui.trigales</SimpleData>
		<SimpleData name="Nombre">SM016702-3</SimpleData>
		<SimpleData name="Latitud">-2.849187</SimpleData>
		<SimpleData name="Longitud">-78.992821</SimpleData>
	</SchemaData></ExtendedData>
  </Placemark>
  <Placemark>
	<ExtendedData><SchemaData schemaUrl="#Sheet1">
		<SimpleData name="Capa">CAÑARIBAMBA/RIELES MONAY/tarqui/mayancela/bemani/Hosp.Niño/orqui.trigales</SimpleData>
		<SimpleData name="Nombre">SM016702-4</SimpleData>
		<SimpleData name="Latitud">-2.848935</SimpleData>
		<SimpleData name="Longitud">-78.991994</SimpleData>
	</SchemaData></ExtendedData>
  </Placemark>
  <Placemark>
	<ExtendedData><SchemaData schemaUrl="#Sheet1">
		<SimpleData name="Capa">CAÑARIBAMBA/RIELES MONAY/tarqui/mayancela/bemani/Hosp.Niño/orqui.trigales</SimpleData>
		<SimpleData name="Nombre">SM016702-5</SimpleData>
		<SimpleData name="Latitud">-2.846851</SimpleData>
		<SimpleData name="Longitud">-78.992419</SimpleData>
	</SchemaData></ExtendedData>
  </Placemark>
  <Placemark>
	<ExtendedData><SchemaData schemaUrl="#Sheet1">
		<SimpleData name="Capa">CAÑARIBAMBA/RIELES MONAY/tarqui/mayancela/bemani/Hosp.Niño/orqui.trigales</SimpleData>
		<SimpleData name="Nombre">SM016702-6</SimpleData>
		<SimpleData name="Latitud">-2.845972</SimpleData>
		<SimpleData name="Longitud">-78.99296</SimpleData>
	</SchemaData></ExtendedData>
  </Placemark>
  <Placemark>
	<ExtendedData><SchemaData schemaUrl="#Sheet1">
		<SimpleData name="Capa">CAÑARIBAMBA/RIELES MONAY/tarqui/mayancela/bemani/Hosp.Niño/orqui.trigales</SimpleData>
		<SimpleData name="Nombre">SM016702-7</SimpleData>
		<SimpleData name="Latitud">-2.844828</SimpleData>
		<SimpleData name="Longitud">-78.994047</SimpleData>
	</SchemaData></ExtendedData>
  </Placemark>
  <Placemark>
	<ExtendedData><SchemaData schemaUrl="#Sheet1">
		<SimpleData name="Capa">CAÑARIBAMBA/RIELES MONAY/tarqui/mayancela/bemani/Hosp.Niño/orqui.trigales</SimpleData>
		<SimpleData name="Nombre">SM016702-8</SimpleData>
		<SimpleData name="Latitud">-2.851163</SimpleData>
		<SimpleData name="Longitud">-78.991527</SimpleData>
	</SchemaData></ExtendedData>
  </Placemark>
  <Placemark>
	<ExtendedData><SchemaData schemaUrl="#Sheet1">
		<SimpleData name="Capa">CAÑARIBAMBA/RIELES MONAY/tarqui/mayancela/bemani/Hosp.Niño/orqui.trigales</SimpleData>
		<SimpleData name="Nombre">SM016703-1</SimpleData>
		<SimpleData name="Latitud">-2.851189</SimpleData>
		<SimpleData name="Longitud">-78.994688</SimpleData>
	</SchemaData></ExtendedData>
  </Placemark>
  <Placemark>
	<ExtendedData><SchemaData schemaUrl="#Sheet1">
		<SimpleData name="Capa">CAÑARIBAMBA/RIELES MONAY/tarqui/mayancela/bemani/Hosp.Niño/orqui.trigales</SimpleData>
		<SimpleData name="Nombre">SM016703-2</SimpleData>
		<SimpleData name="Latitud">-2.850098</SimpleData>
		<SimpleData name="Longitud">-78.995262</SimpleData>
	</SchemaData></ExtendedData>
  </Placemark>
  <Placemark>
	<ExtendedData><SchemaData schemaUrl="#Sheet1">
		<SimpleData name="Capa">CAÑARIBAMBA/RIELES MONAY/tarqui/mayancela/bemani/Hosp.Niño/orqui.trigales</SimpleData>
		<SimpleData name="Nombre">SM016703-3</SimpleData>
		<SimpleData name="Latitud">-2.849039</SimpleData>
		<SimpleData name="Longitud">-78.994974</SimpleData>
	</SchemaData></ExtendedData>
  </Placemark>
  <Placemark>
	<ExtendedData><SchemaData schemaUrl="#Sheet1">
		<SimpleData name="Capa">CAÑARIBAMBA/RIELES MONAY/tarqui/mayancela/bemani/Hosp.Niño/orqui.trigales</SimpleData>
		<SimpleData name="Nombre">SM016703-4</SimpleData>
		<SimpleData name="Latitud">-2.847704</SimpleData>
		<SimpleData name="Longitud">-78.995491</SimpleData>
	</SchemaData></ExtendedData>
  </Placemark>
  <Placemark>
	<ExtendedData><SchemaData schemaUrl="#Sheet1">
		<SimpleData name="Capa">CAÑARIBAMBA/RIELES MONAY/tarqui/mayancela/bemani/Hosp.Niño/orqui.trigales</SimpleData>
		<SimpleData name="Nombre">SM016703-5</SimpleData>
		<SimpleData name="Latitud">-2.8361227</SimpleData>
		<SimpleData name="Longitud">-79.0029686</SimpleData>
	</SchemaData></ExtendedData>
  </Placemark>
  <Placemark>
	<ExtendedData><SchemaData schemaUrl="#Sheet1">
		<SimpleData name="Capa">CAÑARIBAMBA/RIELES MONAY/tarqui/mayancela/bemani/Hosp.Niño/orqui.trigales</SimpleData>
		<SimpleData name="Nombre">SM016703-6</SimpleData>
		<SimpleData name="Latitud">-2.848246</SimpleData>
		<SimpleData name="Longitud">-78.996139</SimpleData>
	</SchemaData></ExtendedData>
  </Placemark>
  <Placemark>
	<ExtendedData><SchemaData schemaUrl="#Sheet1">
		<SimpleData name="Capa">CAÑARIBAMBA/RIELES MONAY/tarqui/mayancela/bemani/Hosp.Niño/orqui.trigales</SimpleData>
		<SimpleData name="Nombre">SM016703-7</SimpleData>
		<SimpleData name="Latitud">-2.847763</SimpleData>
		<SimpleData name="Longitud">-78.999118</SimpleData>
	</SchemaData></ExtendedData>
  </Placemark>
  <Placemark>
	<ExtendedData><SchemaData schemaUrl="#Sheet1">
		<SimpleData name="Capa">CAÑARIBAMBA/RIELES MONAY/tarqui/mayancela/bemani/Hosp.Niño/orqui.trigales</SimpleData>
		<SimpleData name="Nombre">SM016703-8</SimpleData>
		<SimpleData name="Latitud">-2.848372</SimpleData>
		<SimpleData name="Longitud">-78.997249</SimpleData>
	</SchemaData></ExtendedData>
  </Placemark>
  <Placemark>
	<ExtendedData><SchemaData schemaUrl="#Sheet1">
		<SimpleData name="Capa">CAÑARIBAMBA/RIELES MONAY/tarqui/mayancela/bemani/Hosp.Niño/orqui.trigales</SimpleData>
		<SimpleData name="Nombre">SM016704-1</SimpleData>
		<SimpleData name="Latitud">-2.846076</SimpleData>
		<SimpleData name="Longitud">-78.998538</SimpleData>
	</SchemaData></ExtendedData>
  </Placemark>
  <Placemark>
	<ExtendedData><SchemaData schemaUrl="#Sheet1">
		<SimpleData name="Capa">CAÑARIBAMBA/RIELES MONAY/tarqui/mayancela/bemani/Hosp.Niño/orqui.trigales</SimpleData>
		<SimpleData name="Nombre">SM016704-2</SimpleData>
		<SimpleData name="Latitud">-2.84734</SimpleData>
		<SimpleData name="Longitud">-78.997859</SimpleData>
	</SchemaData></ExtendedData>
  </Placemark>
  <Placemark>
	<ExtendedData><SchemaData schemaUrl="#Sheet1">
		<SimpleData name="Capa">CAÑARIBAMBA/RIELES MONAY/tarqui/mayancela/bemani/Hosp.Niño/orqui.trigales</SimpleData>
		<SimpleData name="Nombre">SM016704-3</SimpleData>
		<SimpleData name="Latitud">-2.844912</SimpleData>
		<SimpleData name="Longitud">-78.999457</SimpleData>
	</SchemaData></ExtendedData>
  </Placemark>
  <Placemark>
	<ExtendedData><SchemaData schemaUrl="#Sheet1">
		<SimpleData name="Capa">CAÑARIBAMBA/RIELES MONAY/tarqui/mayancela/bemani/Hosp.Niño/orqui.trigales</SimpleData>
		<SimpleData name="Nombre">SM016704-4</SimpleData>
		<SimpleData name="Latitud">-2.845239</SimpleData>
		<SimpleData name="Longitud">-79.000894</SimpleData>
	</SchemaData></ExtendedData>
  </Placemark>
  <Placemark>
	<ExtendedData><SchemaData schemaUrl="#Sheet1">
		<SimpleData name="Capa">CAÑARIBAMBA/RIELES MONAY/tarqui/mayancela/bemani/Hosp.Niño/orqui.trigales</SimpleData>
		<SimpleData name="Nombre">SM016704-5</SimpleData>
		<SimpleData name="Latitud">-2.84661</SimpleData>
		<SimpleData name="Longitud">-79.00028</SimpleData>
	</SchemaData></ExtendedData>
  </Placemark>
  <Placemark>
	<ExtendedData><SchemaData schemaUrl="#Sheet1">
		<SimpleData name="Capa">CAÑARIBAMBA/RIELES MONAY/tarqui/mayancela/bemani/Hosp.Niño/orqui.trigales</SimpleData>
		<SimpleData name="Nombre">SM016704-6</SimpleData>
		<SimpleData name="Latitud">-2.845284</SimpleData>
		<SimpleData name="Longitud">-79.00198</SimpleData>
	</SchemaData></ExtendedData>
  </Placemark>
  <Placemark>
	<ExtendedData><SchemaData schemaUrl="#Sheet1">
		<SimpleData name="Capa">CAÑARIBAMBA/RIELES MONAY/tarqui/mayancela/bemani/Hosp.Niño/orqui.trigales</SimpleData>
		<SimpleData name="Nombre">SM016704-7</SimpleData>
		<SimpleData name="Latitud">-2.844022</SimpleData>
		<SimpleData name="Longitud">-78.997368</SimpleData>
	</SchemaData></ExtendedData>
  </Placemark>
  <Placemark>
	<ExtendedData><SchemaData schemaUrl="#Sheet1">
		<SimpleData name="Capa">CAÑARIBAMBA/RIELES MONAY/tarqui/mayancela/bemani/Hosp.Niño/orqui.trigales</SimpleData>
		<SimpleData name="Nombre">SM016704-8</SimpleData>
		<SimpleData name="Latitud">-2.843524</SimpleData>
		<SimpleData name="Longitud">-79.000702</SimpleData>
	</SchemaData></ExtendedData>
  </Placemark>
  <Placemark>
	<ExtendedData><SchemaData schemaUrl="#Sheet1">
		<SimpleData name="Capa">CAÑARIBAMBA/RIELES MONAY/tarqui/mayancela/bemani/Hosp.Niño/orqui.trigales</SimpleData>
		<SimpleData name="Nombre">SM1510-1</SimpleData>
		<SimpleData name="Latitud">-2.862701</SimpleData>
		<SimpleData name="Longitud">-78.983183</SimpleData>
	</SchemaData></ExtendedData>
  </Placemark>
  <Placemark>
	<ExtendedData><SchemaData schemaUrl="#Sheet1">
		<SimpleData name="Capa">CAÑARIBAMBA/RIELES MONAY/tarqui/mayancela/bemani/Hosp.Niño/orqui.trigales</SimpleData>
		<SimpleData name="Nombre">SM1510-2</SimpleData>
		<SimpleData name="Latitud">-2.86201</SimpleData>
		<SimpleData name="Longitud">-78.984878</SimpleData>
	</SchemaData></ExtendedData>
  </Placemark>
  <Placemark>
	<ExtendedData><SchemaData schemaUrl="#Sheet1">
		<SimpleData name="Capa">CAÑARIBAMBA/RIELES MONAY/tarqui/mayancela/bemani/Hosp.Niño/orqui.trigales</SimpleData>
		<SimpleData name="Nombre">SM1510-3</SimpleData>
		<SimpleData name="Latitud">-2.861594</SimpleData>
		<SimpleData name="Longitud">-78.986099</SimpleData>
	</SchemaData></ExtendedData>
  </Placemark>
  <Placemark>
	<ExtendedData><SchemaData schemaUrl="#Sheet1">
		<SimpleData name="Capa">CAÑARIBAMBA/RIELES MONAY/tarqui/mayancela/bemani/Hosp.Niño/orqui.trigales</SimpleData>
		<SimpleData name="Nombre">SM1510-4</SimpleData>
		<SimpleData name="Latitud">-2.86212</SimpleData>
		<SimpleData name="Longitud">-78.986813</SimpleData>
	</SchemaData></ExtendedData>
  </Placemark>
  <Placemark>
	<ExtendedData><SchemaData schemaUrl="#Sheet1">
		<SimpleData name="Capa">CAÑARIBAMBA/RIELES MONAY/tarqui/mayancela/bemani/Hosp.Niño/orqui.trigales</SimpleData>
		<SimpleData name="Nombre">SM1510-5</SimpleData>
		<SimpleData name="Latitud">-2.860586</SimpleData>
		<SimpleData name="Longitud">-78.987564</SimpleData>
	</SchemaData></ExtendedData>
  </Placemark>
  <Placemark>
	<ExtendedData><SchemaData schemaUrl="#Sheet1">
		<SimpleData name="Capa">CAÑARIBAMBA/RIELES MONAY/tarqui/mayancela/bemani/Hosp.Niño/orqui.trigales</SimpleData>
		<SimpleData name="Nombre">SM1510-6</SimpleData>
		<SimpleData name="Latitud">-2.864251</SimpleData>
		<SimpleData name="Longitud">-78.984786</SimpleData>
	</SchemaData></ExtendedData>
  </Placemark>
  <Placemark>
	<ExtendedData><SchemaData schemaUrl="#Sheet1">
		<SimpleData name="Capa">CAÑARIBAMBA/RIELES MONAY/tarqui/mayancela/bemani/Hosp.Niño/orqui.trigales</SimpleData>
		<SimpleData name="Nombre">SM1510-7</SimpleData>
		<SimpleData name="Latitud">-2.86256</SimpleData>
		<SimpleData name="Longitud">-78.986439</SimpleData>
	</SchemaData></ExtendedData>
  </Placemark>
  <Placemark>
	<ExtendedData><SchemaData schemaUrl="#Sheet1">
		<SimpleData name="Capa">CAÑARIBAMBA/RIELES MONAY/tarqui/mayancela/bemani/Hosp.Niño/orqui.trigales</SimpleData>
		<SimpleData name="Nombre">SM1510-8</SimpleData>
		<SimpleData name="Latitud">-2.864025</SimpleData>
		<SimpleData name="Longitud">-78.98333</SimpleData>
	</SchemaData></ExtendedData>
  </Placemark>
  <Placemark>
	<ExtendedData><SchemaData schemaUrl="#Sheet1">
		<SimpleData name="Capa">CAÑARIBAMBA/RIELES MONAY/tarqui/mayancela/bemani/Hosp.Niño/orqui.trigales</SimpleData>
		<SimpleData name="Nombre">SM1511-1</SimpleData>
		<SimpleData name="Latitud">-2.866988</SimpleData>
		<SimpleData name="Longitud">-78.981665</SimpleData>
	</SchemaData></ExtendedData>
  </Placemark>
  <Placemark>
	<ExtendedData><SchemaData schemaUrl="#Sheet1">
		<SimpleData name="Capa">CAÑARIBAMBA/RIELES MONAY/tarqui/mayancela/bemani/Hosp.Niño/orqui.trigales</SimpleData>
		<SimpleData name="Nombre">SM1511-2</SimpleData>
		<SimpleData name="Latitud">-2.866002</SimpleData>
		<SimpleData name="Longitud">-78.982657</SimpleData>
	</SchemaData></ExtendedData>
  </Placemark>
  <Placemark>
	<ExtendedData><SchemaData schemaUrl="#Sheet1">
		<SimpleData name="Capa">CAÑARIBAMBA/RIELES MONAY/tarqui/mayancela/bemani/Hosp.Niño/orqui.trigales</SimpleData>
		<SimpleData name="Nombre">SM1511-3</SimpleData>
		<SimpleData name="Latitud">-2.865803</SimpleData>
		<SimpleData name="Longitud">-78.981889</SimpleData>
	</SchemaData></ExtendedData>
  </Placemark>
  <Placemark>
	<ExtendedData><SchemaData schemaUrl="#Sheet1">
		<SimpleData name="Capa">CAÑARIBAMBA/RIELES MONAY/tarqui/mayancela/bemani/Hosp.Niño/orqui.trigales</SimpleData>
		<SimpleData name="Nombre">SM1511-4</SimpleData>
		<SimpleData name="Latitud">-2.866163</SimpleData>
		<SimpleData name="Longitud">-78.980886</SimpleData>
	</SchemaData></ExtendedData>
  </Placemark>
  <Placemark>
	<ExtendedData><SchemaData schemaUrl="#Sheet1">
		<SimpleData name="Capa">CAÑARIBAMBA/RIELES MONAY/tarqui/mayancela/bemani/Hosp.Niño/orqui.trigales</SimpleData>
		<SimpleData name="Nombre">SM1511-5</SimpleData>
		<SimpleData name="Latitud">-2.865267</SimpleData>
		<SimpleData name="Longitud">-78.981272</SimpleData>
	</SchemaData></ExtendedData>
  </Placemark>
  <Placemark>
	<ExtendedData><SchemaData schemaUrl="#Sheet1">
		<SimpleData name="Capa">CAÑARIBAMBA/RIELES MONAY/tarqui/mayancela/bemani/Hosp.Niño/orqui.trigales</SimpleData>
		<SimpleData name="Nombre">SM1511-6</SimpleData>
		<SimpleData name="Latitud">-2.865121</SimpleData>
		<SimpleData name="Longitud">-78.98217</SimpleData>
	</SchemaData></ExtendedData>
  </Placemark>
  <Placemark>
	<ExtendedData><SchemaData schemaUrl="#Sheet1">
		<SimpleData name="Capa">CAÑARIBAMBA/RIELES MONAY/tarqui/mayancela/bemani/Hosp.Niño/orqui.trigales</SimpleData>
		<SimpleData name="Nombre">SM1511-7</SimpleData>
		<SimpleData name="Latitud">-2.864513</SimpleData>
		<SimpleData name="Longitud">-78.982386</SimpleData>
	</SchemaData></ExtendedData>
  </Placemark>
  <Placemark>
	<ExtendedData><SchemaData schemaUrl="#Sheet1">
		<SimpleData name="Capa">CAÑARIBAMBA/RIELES MONAY/tarqui/mayancela/bemani/Hosp.Niño/orqui.trigales</SimpleData>
		<SimpleData name="Nombre">SM1511-8</SimpleData>
		<SimpleData name="Latitud">-2.865245</SimpleData>
		<SimpleData name="Longitud">-78.983445</SimpleData>
	</SchemaData></ExtendedData>
  </Placemark>
  <Placemark>
	<ExtendedData><SchemaData schemaUrl="#Sheet1">
		<SimpleData name="Capa">CAÑARIBAMBA/RIELES MONAY/tarqui/mayancela/bemani/Hosp.Niño/orqui.trigales</SimpleData>
		<SimpleData name="Nombre">SM100L1-1</SimpleData>
		<SimpleData name="Latitud">-2.846507</SimpleData>
		<SimpleData name="Longitud">-78.9903514</SimpleData>
	</SchemaData></ExtendedData>
  </Placemark>
  <Placemark>
	<ExtendedData><SchemaData schemaUrl="#Sheet1">
		<SimpleData name="Capa">CAÑARIBAMBA/RIELES MONAY/tarqui/mayancela/bemani/Hosp.Niño/orqui.trigales</SimpleData>
		<SimpleData name="Nombre">SM100L2-4</SimpleData>
		<SimpleData name="Latitud">-2.8465262</SimpleData>
		<SimpleData name="Longitud">-78.9901865</SimpleData>
	</SchemaData></ExtendedData>
  </Placemark>
  <Placemark>
	<ExtendedData><SchemaData schemaUrl="#Sheet1">
		<SimpleData name="Capa">CAÑARIBAMBA/RIELES MONAY/tarqui/mayancela/bemani/Hosp.Niño/orqui.trigales</SimpleData>
		<SimpleData name="Nombre">SM100L1-2</SimpleData>
		<SimpleData name="Latitud">-2.8463171</SimpleData>
		<SimpleData name="Longitud">-78.9903238</SimpleData>
	</SchemaData></ExtendedData>
  </Placemark>
  <Placemark>
	<ExtendedData><SchemaData schemaUrl="#Sheet1">
		<SimpleData name="Capa">CAÑARIBAMBA/RIELES MONAY/tarqui/mayancela/bemani/Hosp.Niño/orqui.trigales</SimpleData>
		<SimpleData name="Nombre">SM100L2-3</SimpleData>
		<SimpleData name="Latitud">-2.8463417</SimpleData>
		<SimpleData name="Longitud">-78.9901802</SimpleData>
	</SchemaData></ExtendedData>
  </Placemark>
  <Placemark>
	<ExtendedData><SchemaData schemaUrl="#Sheet1">
		<SimpleData name="Capa">CAÑARIBAMBA/RIELES MONAY/tarqui/mayancela/bemani/Hosp.Niño/orqui.trigales</SimpleData>
		<SimpleData name="Nombre">SM1502-1</SimpleData>
		<SimpleData name="Latitud">-2.862785</SimpleData>
		<SimpleData name="Longitud">-78.989367</SimpleData>
	</SchemaData></ExtendedData>
  </Placemark>
  <Placemark>
	<ExtendedData><SchemaData schemaUrl="#Sheet1">
		<SimpleData name="Capa">CAÑARIBAMBA/RIELES MONAY/tarqui/mayancela/bemani/Hosp.Niño/orqui.trigales</SimpleData>
		<SimpleData name="Nombre">SM1502-2 </SimpleData>
		<SimpleData name="Latitud">-2.863602</SimpleData>
		<SimpleData name="Longitud">-78.988288</SimpleData>
	</SchemaData></ExtendedData>
  </Placemark>
  <Placemark>
	<ExtendedData><SchemaData schemaUrl="#Sheet1">
		<SimpleData name="Capa">CAÑARIBAMBA/RIELES MONAY/tarqui/mayancela/bemani/Hosp.Niño/orqui.trigales</SimpleData>
		<SimpleData name="Nombre">SM1502-3</SimpleData>
		<SimpleData name="Latitud">-2.864314</SimpleData>
		<SimpleData name="Longitud">-78.987718</SimpleData>
	</SchemaData></ExtendedData>
  </Placemark>
  <Placemark>
	<ExtendedData><SchemaData schemaUrl="#Sheet1">
		<SimpleData name="Capa">CAÑARIBAMBA/RIELES MONAY/tarqui/mayancela/bemani/Hosp.Niño/orqui.trigales</SimpleData>
		<SimpleData name="Nombre">SM1502-4</SimpleData>
		<SimpleData name="Latitud">-2.864578</SimpleData>
		<SimpleData name="Longitud">-78.986881</SimpleData>
	</SchemaData></ExtendedData>
  </Placemark>
  <Placemark>
	<ExtendedData><SchemaData schemaUrl="#Sheet1">
		<SimpleData name="Capa">CAÑARIBAMBA/RIELES MONAY/tarqui/mayancela/bemani/Hosp.Niño/orqui.trigales</SimpleData>
		<SimpleData name="Nombre">SM1502-5</SimpleData>
		<SimpleData name="Latitud">-2.861696</SimpleData>
		<SimpleData name="Longitud">-78.9896</SimpleData>
	</SchemaData></ExtendedData>
  </Placemark>
  <Placemark>
	<ExtendedData><SchemaData schemaUrl="#Sheet1">
		<SimpleData name="Capa">CAÑARIBAMBA/RIELES MONAY/tarqui/mayancela/bemani/Hosp.Niño/orqui.trigales</SimpleData>
		<SimpleData name="Nombre">SM1502-6</SimpleData>
		<SimpleData name="Latitud">-2.861189</SimpleData>
		<SimpleData name="Longitud">-78.988803</SimpleData>
	</SchemaData></ExtendedData>
  </Placemark>
  <Placemark>
	<ExtendedData><SchemaData schemaUrl="#Sheet1">
		<SimpleData name="Capa">CAÑARIBAMBA/RIELES MONAY/tarqui/mayancela/bemani/Hosp.Niño/orqui.trigales</SimpleData>
		<SimpleData name="Nombre">SM1502-7</SimpleData>
		<SimpleData name="Latitud">-2.860486</SimpleData>
		<SimpleData name="Longitud">-78.98886</SimpleData>
	</SchemaData></ExtendedData>
  </Placemark>
  <Placemark>
	<ExtendedData><SchemaData schemaUrl="#Sheet1">
		<SimpleData name="Capa">CAÑARIBAMBA/RIELES MONAY/tarqui/mayancela/bemani/Hosp.Niño/orqui.trigales</SimpleData>
		<SimpleData name="Nombre">SM1502-8 </SimpleData>
		<SimpleData name="Latitud">-2.862561</SimpleData>
		<SimpleData name="Longitud">-78.988315</SimpleData>
	</SchemaData></ExtendedData>
  </Placemark>
  <Placemark>
	<ExtendedData><SchemaData schemaUrl="#Sheet1">
		<SimpleData name="Capa">CAÑARIBAMBA/RIELES MONAY/tarqui/mayancela/bemani/Hosp.Niño/orqui.trigales</SimpleData>
		<SimpleData name="Nombre">SM1503-1</SimpleData>
		<SimpleData name="Latitud">-2.860613</SimpleData>
		<SimpleData name="Longitud">-78.990248</SimpleData>
	</SchemaData></ExtendedData>
  </Placemark>
  <Placemark>
	<ExtendedData><SchemaData schemaUrl="#Sheet1">
		<SimpleData name="Capa">CAÑARIBAMBA/RIELES MONAY/tarqui/mayancela/bemani/Hosp.Niño/orqui.trigales</SimpleData>
		<SimpleData name="Nombre">SM1503-2</SimpleData>
		<SimpleData name="Latitud">-2.861247</SimpleData>
		<SimpleData name="Longitud">-78.992342</SimpleData>
	</SchemaData></ExtendedData>
  </Placemark>
  <Placemark>
	<ExtendedData><SchemaData schemaUrl="#Sheet1">
		<SimpleData name="Capa">CAÑARIBAMBA/RIELES MONAY/tarqui/mayancela/bemani/Hosp.Niño/orqui.trigales</SimpleData>
		<SimpleData name="Nombre">SM1503-3</SimpleData>
		<SimpleData name="Latitud">-2.859085</SimpleData>
		<SimpleData name="Longitud">-78.990578</SimpleData>
	</SchemaData></ExtendedData>
  </Placemark>
  <Placemark>
	<ExtendedData><SchemaData schemaUrl="#Sheet1">
		<SimpleData name="Capa">CAÑARIBAMBA/RIELES MONAY/tarqui/mayancela/bemani/Hosp.Niño/orqui.trigales</SimpleData>
		<SimpleData name="Nombre">SM1503-4</SimpleData>
		<SimpleData name="Latitud">-2.86043</SimpleData>
		<SimpleData name="Longitud">-78.993275</SimpleData>
	</SchemaData></ExtendedData>
  </Placemark>
  <Placemark>
	<ExtendedData><SchemaData schemaUrl="#Sheet1">
		<SimpleData name="Capa">CAÑARIBAMBA/RIELES MONAY/tarqui/mayancela/bemani/Hosp.Niño/orqui.trigales</SimpleData>
		<SimpleData name="Nombre">SM1503-5</SimpleData>
		<SimpleData name="Latitud">-2.857318</SimpleData>
		<SimpleData name="Longitud">-78.994293</SimpleData>
	</SchemaData></ExtendedData>
  </Placemark>
  <Placemark>
	<ExtendedData><SchemaData schemaUrl="#Sheet1">
		<SimpleData name="Capa">CAÑARIBAMBA/RIELES MONAY/tarqui/mayancela/bemani/Hosp.Niño/orqui.trigales</SimpleData>
		<SimpleData name="Nombre">SM1503-6</SimpleData>
		<SimpleData name="Latitud">-2.858129</SimpleData>
		<SimpleData name="Longitud">-78.994935</SimpleData>
	</SchemaData></ExtendedData>
  </Placemark>
  <Placemark>
	<ExtendedData><SchemaData schemaUrl="#Sheet1">
		<SimpleData name="Capa">CAÑARIBAMBA/RIELES MONAY/tarqui/mayancela/bemani/Hosp.Niño/orqui.trigales</SimpleData>
		<SimpleData name="Nombre">SM1503-7</SimpleData>
		<SimpleData name="Latitud">-2.861909</SimpleData>
		<SimpleData name="Longitud">-78.992541</SimpleData>
	</SchemaData></ExtendedData>
  </Placemark>
  <Placemark>
	<ExtendedData><SchemaData schemaUrl="#Sheet1">
		<SimpleData name="Capa">CAÑARIBAMBA/RIELES MONAY/tarqui/mayancela/bemani/Hosp.Niño/orqui.trigales</SimpleData>
		<SimpleData name="Nombre">SM1503-8</SimpleData>
		<SimpleData name="Latitud">-2.86122</SimpleData>
		<SimpleData name="Longitud">-78.995403</SimpleData>
	</SchemaData></ExtendedData>
  </Placemark>
  <Placemark>
	<ExtendedData><SchemaData schemaUrl="#Sheet1">
		<SimpleData name="Capa">CAÑARIBAMBA/RIELES MONAY/tarqui/mayancela/bemani/Hosp.Niño/orqui.trigales</SimpleData>
		<SimpleData name="Nombre">SM1504-1</SimpleData>
		<SimpleData name="Latitud">-2.86665</SimpleData>
		<SimpleData name="Longitud">-78.98964</SimpleData>
	</SchemaData></ExtendedData>
  </Placemark>
  <Placemark>
	<ExtendedData><SchemaData schemaUrl="#Sheet1">
		<SimpleData name="Capa">CAÑARIBAMBA/RIELES MONAY/tarqui/mayancela/bemani/Hosp.Niño/orqui.trigales</SimpleData>
		<SimpleData name="Nombre">SM1504-2</SimpleData>
		<SimpleData name="Latitud">-2.866043</SimpleData>
		<SimpleData name="Longitud">-78.990206</SimpleData>
	</SchemaData></ExtendedData>
  </Placemark>
  <Placemark>
	<ExtendedData><SchemaData schemaUrl="#Sheet1">
		<SimpleData name="Capa">CAÑARIBAMBA/RIELES MONAY/tarqui/mayancela/bemani/Hosp.Niño/orqui.trigales</SimpleData>
		<SimpleData name="Nombre">SM1504-3</SimpleData>
		<SimpleData name="Latitud">-2.866393</SimpleData>
		<SimpleData name="Longitud">-78.990813</SimpleData>
	</SchemaData></ExtendedData>
  </Placemark>
  <Placemark>
	<ExtendedData><SchemaData schemaUrl="#Sheet1">
		<SimpleData name="Capa">CAÑARIBAMBA/RIELES MONAY/tarqui/mayancela/bemani/Hosp.Niño/orqui.trigales</SimpleData>
		<SimpleData name="Nombre">SM1504-4</SimpleData>
		<SimpleData name="Latitud">-2.865501</SimpleData>
		<SimpleData name="Longitud">-78.991513</SimpleData>
	</SchemaData></ExtendedData>
  </Placemark>
  <Placemark>
	<ExtendedData><SchemaData schemaUrl="#Sheet1">
		<SimpleData name="Capa">CAÑARIBAMBA/RIELES MONAY/tarqui/mayancela/bemani/Hosp.Niño/orqui.trigales</SimpleData>
		<SimpleData name="Nombre">SM1504-5</SimpleData>
		<SimpleData name="Latitud">-2.866709</SimpleData>
		<SimpleData name="Longitud">-78.991507</SimpleData>
	</SchemaData></ExtendedData>
  </Placemark>
  <Placemark>
	<ExtendedData><SchemaData schemaUrl="#Sheet1">
		<SimpleData name="Capa">CAÑARIBAMBA/RIELES MONAY/tarqui/mayancela/bemani/Hosp.Niño/orqui.trigales</SimpleData>
		<SimpleData name="Nombre">SM1504-6</SimpleData>
		<SimpleData name="Latitud">-2.867376</SimpleData>
		<SimpleData name="Longitud">-78.991494</SimpleData>
	</SchemaData></ExtendedData>
  </Placemark>
  <Placemark>
	<ExtendedData><SchemaData schemaUrl="#Sheet1">
		<SimpleData name="Capa">CAÑARIBAMBA/RIELES MONAY/tarqui/mayancela/bemani/Hosp.Niño/orqui.trigales</SimpleData>
		<SimpleData name="Nombre">SM1505-1</SimpleData>
		<SimpleData name="Latitud">-2.867798</SimpleData>
		<SimpleData name="Longitud">-78.990688</SimpleData>
	</SchemaData></ExtendedData>
  </Placemark>
  <Placemark>
	<ExtendedData><SchemaData schemaUrl="#Sheet1">
		<SimpleData name="Capa">CAÑARIBAMBA/RIELES MONAY/tarqui/mayancela/bemani/Hosp.Niño/orqui.trigales</SimpleData>
		<SimpleData name="Nombre">SM1505-2</SimpleData>
		<SimpleData name="Latitud">-2.868473</SimpleData>
		<SimpleData name="Longitud">-78.990478</SimpleData>
	</SchemaData></ExtendedData>
  </Placemark>
  <Placemark>
	<ExtendedData><SchemaData schemaUrl="#Sheet1">
		<SimpleData name="Capa">CAÑARIBAMBA/RIELES MONAY/tarqui/mayancela/bemani/Hosp.Niño/orqui.trigales</SimpleData>
		<SimpleData name="Nombre">SM1505-3 </SimpleData>
		<SimpleData name="Latitud">-2.86862</SimpleData>
		<SimpleData name="Longitud">-78.991165</SimpleData>
	</SchemaData></ExtendedData>
  </Placemark>
  <Placemark>
	<ExtendedData><SchemaData schemaUrl="#Sheet1">
		<SimpleData name="Capa">CAÑARIBAMBA/RIELES MONAY/tarqui/mayancela/bemani/Hosp.Niño/orqui.trigales</SimpleData>
		<SimpleData name="Nombre">SM1505-4</SimpleData>
		<SimpleData name="Latitud">-2.868016</SimpleData>
		<SimpleData name="Longitud">-78.991338</SimpleData>
	</SchemaData></ExtendedData>
  </Placemark>
  <Placemark>
	<ExtendedData><SchemaData schemaUrl="#Sheet1">
		<SimpleData name="Capa">CAÑARIBAMBA/RIELES MONAY/tarqui/mayancela/bemani/Hosp.Niño/orqui.trigales</SimpleData>
		<SimpleData name="Nombre">SM1505-5</SimpleData>
		<SimpleData name="Latitud">-2.867542</SimpleData>
		<SimpleData name="Longitud">-78.991133</SimpleData>
	</SchemaData></ExtendedData>
  </Placemark>
  <Placemark>
	<ExtendedData><SchemaData schemaUrl="#Sheet1">
		<SimpleData name="Capa">CAÑARIBAMBA/RIELES MONAY/tarqui/mayancela/bemani/Hosp.Niño/orqui.trigales</SimpleData>
		<SimpleData name="Nombre">SM1505-6</SimpleData>
		<SimpleData name="Latitud">-2.867218</SimpleData>
		<SimpleData name="Longitud">-78.990834</SimpleData>
	</SchemaData></ExtendedData>
  </Placemark>
  <Placemark>
	<ExtendedData><SchemaData schemaUrl="#Sheet1">
		<SimpleData name="Capa">CAÑARIBAMBA/RIELES MONAY/tarqui/mayancela/bemani/Hosp.Niño/orqui.trigales</SimpleData>
		<SimpleData name="Nombre">SM1505-7</SimpleData>
		<SimpleData name="Latitud">-2.868352</SimpleData>
		<SimpleData name="Longitud">-78.99017</SimpleData>
	</SchemaData></ExtendedData>
  </Placemark>
  <Placemark>
	<ExtendedData><SchemaData schemaUrl="#Sheet1">
		<SimpleData name="Capa">CAÑARIBAMBA/RIELES MONAY/tarqui/mayancela/bemani/Hosp.Niño/orqui.trigales</SimpleData>
		<SimpleData name="Nombre">SM1505-8</SimpleData>
		<SimpleData name="Latitud">-2.867445</SimpleData>
		<SimpleData name="Longitud">-78.990409</SimpleData>
	</SchemaData></ExtendedData>
  </Placemark>
  <Placemark>
	<ExtendedData><SchemaData schemaUrl="#Sheet1">
		<SimpleData name="Capa">CAÑARIBAMBA/RIELES MONAY/tarqui/mayancela/bemani/Hosp.Niño/orqui.trigales</SimpleData>
		<SimpleData name="Nombre">SM1506-1</SimpleData>
		<SimpleData name="Latitud">-2.866958</SimpleData>
		<SimpleData name="Longitud">-78.986059</SimpleData>
	</SchemaData></ExtendedData>
  </Placemark>
  <Placemark>
	<ExtendedData><SchemaData schemaUrl="#Sheet1">
		<SimpleData name="Capa">CAÑARIBAMBA/RIELES MONAY/tarqui/mayancela/bemani/Hosp.Niño/orqui.trigales</SimpleData>
		<SimpleData name="Nombre">SM1506-2</SimpleData>
		<SimpleData name="Latitud">-2.867442</SimpleData>
		<SimpleData name="Longitud">-78.985834</SimpleData>
	</SchemaData></ExtendedData>
  </Placemark>
  <Placemark>
	<ExtendedData><SchemaData schemaUrl="#Sheet1">
		<SimpleData name="Capa">CAÑARIBAMBA/RIELES MONAY/tarqui/mayancela/bemani/Hosp.Niño/orqui.trigales</SimpleData>
		<SimpleData name="Nombre">SM1506-3</SimpleData>
		<SimpleData name="Latitud">-2.867868</SimpleData>
		<SimpleData name="Longitud">-78.985605</SimpleData>
	</SchemaData></ExtendedData>
  </Placemark>
  <Placemark>
	<ExtendedData><SchemaData schemaUrl="#Sheet1">
		<SimpleData name="Capa">CAÑARIBAMBA/RIELES MONAY/tarqui/mayancela/bemani/Hosp.Niño/orqui.trigales</SimpleData>
		<SimpleData name="Nombre">SM1506-4 </SimpleData>
		<SimpleData name="Latitud">-2.868339</SimpleData>
		<SimpleData name="Longitud">-78.985426</SimpleData>
	</SchemaData></ExtendedData>
  </Placemark>
  <Placemark>
	<ExtendedData><SchemaData schemaUrl="#Sheet1">
		<SimpleData name="Capa">CAÑARIBAMBA/RIELES MONAY/tarqui/mayancela/bemani/Hosp.Niño/orqui.trigales</SimpleData>
		<SimpleData name="Nombre">SM1506-5</SimpleData>
		<SimpleData name="Latitud">-2.867162</SimpleData>
		<SimpleData name="Longitud">-78.985005</SimpleData>
	</SchemaData></ExtendedData>
  </Placemark>
  <Placemark>
	<ExtendedData><SchemaData schemaUrl="#Sheet1">
		<SimpleData name="Capa">CAÑARIBAMBA/RIELES MONAY/tarqui/mayancela/bemani/Hosp.Niño/orqui.trigales</SimpleData>
		<SimpleData name="Nombre">SM1506-6</SimpleData>
		<SimpleData name="Latitud">-2.865905</SimpleData>
		<SimpleData name="Longitud">-78.985644</SimpleData>
	</SchemaData></ExtendedData>
  </Placemark>
  <Placemark>
	<ExtendedData><SchemaData schemaUrl="#Sheet1">
		<SimpleData name="Capa">CAÑARIBAMBA/RIELES MONAY/tarqui/mayancela/bemani/Hosp.Niño/orqui.trigales</SimpleData>
		<SimpleData name="Nombre">SM1506-7</SimpleData>
		<SimpleData name="Latitud">-2.866429</SimpleData>
		<SimpleData name="Longitud">-78.985184</SimpleData>
	</SchemaData></ExtendedData>
  </Placemark>
  <Placemark>
	<ExtendedData><SchemaData schemaUrl="#Sheet1">
		<SimpleData name="Capa">CAÑARIBAMBA/RIELES MONAY/tarqui/mayancela/bemani/Hosp.Niño/orqui.trigales</SimpleData>
		<SimpleData name="Nombre">SM1506-8</SimpleData>
		<SimpleData name="Latitud">-2.865545</SimpleData>
		<SimpleData name="Longitud">-78.986225</SimpleData>
	</SchemaData></ExtendedData>
  </Placemark>
  <Placemark>
	<ExtendedData><SchemaData schemaUrl="#Sheet1">
		<SimpleData name="Capa">CAÑARIBAMBA/RIELES MONAY/tarqui/mayancela/bemani/Hosp.Niño/orqui.trigales</SimpleData>
		<SimpleData name="Nombre">SM1507-1</SimpleData>
		<SimpleData name="Latitud">-2.868783</SimpleData>
		<SimpleData name="Longitud">-78.983186</SimpleData>
	</SchemaData></ExtendedData>
  </Placemark>
  <Placemark>
	<ExtendedData><SchemaData schemaUrl="#Sheet1">
		<SimpleData name="Capa">CAÑARIBAMBA/RIELES MONAY/tarqui/mayancela/bemani/Hosp.Niño/orqui.trigales</SimpleData>
		<SimpleData name="Nombre">SM1507-2</SimpleData>
		<SimpleData name="Latitud">-2.868987</SimpleData>
		<SimpleData name="Longitud">-78.982546</SimpleData>
	</SchemaData></ExtendedData>
  </Placemark>
  <Placemark>
	<ExtendedData><SchemaData schemaUrl="#Sheet1">
		<SimpleData name="Capa">CAÑARIBAMBA/RIELES MONAY/tarqui/mayancela/bemani/Hosp.Niño/orqui.trigales</SimpleData>
		<SimpleData name="Nombre">SM1507-3</SimpleData>
		<SimpleData name="Latitud">-2.868921</SimpleData>
		<SimpleData name="Longitud">-78.981997</SimpleData>
	</SchemaData></ExtendedData>
  </Placemark>
  <Placemark>
	<ExtendedData><SchemaData schemaUrl="#Sheet1">
		<SimpleData name="Capa">CAÑARIBAMBA/RIELES MONAY/tarqui/mayancela/bemani/Hosp.Niño/orqui.trigales</SimpleData>
		<SimpleData name="Nombre">SM1507-4</SimpleData>
		<SimpleData name="Latitud">-2.872539</SimpleData>
		<SimpleData name="Longitud">-78.983472</SimpleData>
	</SchemaData></ExtendedData>
  </Placemark>
  <Placemark>
	<ExtendedData><SchemaData schemaUrl="#Sheet1">
		<SimpleData name="Capa">CAÑARIBAMBA/RIELES MONAY/tarqui/mayancela/bemani/Hosp.Niño/orqui.trigales</SimpleData>
		<SimpleData name="Nombre">SM1507-5</SimpleData>
		<SimpleData name="Latitud">-2.871239</SimpleData>
		<SimpleData name="Longitud">-78.983481</SimpleData>
	</SchemaData></ExtendedData>
  </Placemark>
  <Placemark>
	<ExtendedData><SchemaData schemaUrl="#Sheet1">
		<SimpleData name="Capa">CAÑARIBAMBA/RIELES MONAY/tarqui/mayancela/bemani/Hosp.Niño/orqui.trigales</SimpleData>
		<SimpleData name="Nombre">SM1507-6</SimpleData>
		<SimpleData name="Latitud">-2.869967</SimpleData>
		<SimpleData name="Longitud">-78.983478</SimpleData>
	</SchemaData></ExtendedData>
  </Placemark>
  <Placemark>
	<ExtendedData><SchemaData schemaUrl="#Sheet1">
		<SimpleData name="Capa">CAÑARIBAMBA/RIELES MONAY/tarqui/mayancela/bemani/Hosp.Niño/orqui.trigales</SimpleData>
		<SimpleData name="Nombre">SM1508-1</SimpleData>
		<SimpleData name="Latitud">-2.870824</SimpleData>
		<SimpleData name="Longitud">-78.982848</SimpleData>
	</SchemaData></ExtendedData>
  </Placemark>
  <Placemark>
	<ExtendedData><SchemaData schemaUrl="#Sheet1">
		<SimpleData name="Capa">CAÑARIBAMBA/RIELES MONAY/tarqui/mayancela/bemani/Hosp.Niño/orqui.trigales</SimpleData>
		<SimpleData name="Nombre">SM1508-2</SimpleData>
		<SimpleData name="Latitud">-2.87154</SimpleData>
		<SimpleData name="Longitud">-78.982207</SimpleData>
	</SchemaData></ExtendedData>
  </Placemark>
  <Placemark>
	<ExtendedData><SchemaData schemaUrl="#Sheet1">
		<SimpleData name="Capa">CAÑARIBAMBA/RIELES MONAY/tarqui/mayancela/bemani/Hosp.Niño/orqui.trigales</SimpleData>
		<SimpleData name="Nombre">SM1508-3</SimpleData>
		<SimpleData name="Latitud">-2.872189</SimpleData>
		<SimpleData name="Longitud">-78.98208</SimpleData>
	</SchemaData></ExtendedData>
  </Placemark>
  <Placemark>
	<ExtendedData><SchemaData schemaUrl="#Sheet1">
		<SimpleData name="Capa">CAÑARIBAMBA/RIELES MONAY/tarqui/mayancela/bemani/Hosp.Niño/orqui.trigales</SimpleData>
		<SimpleData name="Nombre">SM1508-4</SimpleData>
		<SimpleData name="Latitud">-2.872838</SimpleData>
		<SimpleData name="Longitud">-78.981993</SimpleData>
	</SchemaData></ExtendedData>
  </Placemark>
  <Placemark>
	<ExtendedData><SchemaData schemaUrl="#Sheet1">
		<SimpleData name="Capa">CAÑARIBAMBA/RIELES MONAY/tarqui/mayancela/bemani/Hosp.Niño/orqui.trigales</SimpleData>
		<SimpleData name="Nombre">SM1508-5</SimpleData>
		<SimpleData name="Latitud">-2.873142</SimpleData>
		<SimpleData name="Longitud">-78.981359</SimpleData>
	</SchemaData></ExtendedData>
  </Placemark>
  <Placemark>
	<ExtendedData><SchemaData schemaUrl="#Sheet1">
		<SimpleData name="Capa">CAÑARIBAMBA/RIELES MONAY/tarqui/mayancela/bemani/Hosp.Niño/orqui.trigales</SimpleData>
		<SimpleData name="Nombre">SM1508-6 </SimpleData>
		<SimpleData name="Latitud">-2.872111</SimpleData>
		<SimpleData name="Longitud">-78.982668</SimpleData>
	</SchemaData></ExtendedData>
  </Placemark>
  <Placemark>
	<ExtendedData><SchemaData schemaUrl="#Sheet1">
		<SimpleData name="Capa">CAÑARIBAMBA/RIELES MONAY/tarqui/mayancela/bemani/Hosp.Niño/orqui.trigales</SimpleData>
		<SimpleData name="Nombre">SM1508-7</SimpleData>
		<SimpleData name="Latitud">-2.873432</SimpleData>
		<SimpleData name="Longitud">-78.982322</SimpleData>
	</SchemaData></ExtendedData>
  </Placemark>
  <Placemark>
	<ExtendedData><SchemaData schemaUrl="#Sheet1">
		<SimpleData name="Capa">CAÑARIBAMBA/RIELES MONAY/tarqui/mayancela/bemani/Hosp.Niño/orqui.trigales</SimpleData>
		<SimpleData name="Nombre">SM1508-8</SimpleData>
		<SimpleData name="Latitud">-2.872474</SimpleData>
		<SimpleData name="Longitud">-78.981374</SimpleData>
	</SchemaData></ExtendedData>
  </Placemark>
  <Placemark>
	<ExtendedData><SchemaData schemaUrl="#Sheet1">
		<SimpleData name="Capa">CAÑARIBAMBA/RIELES MONAY/tarqui/mayancela/bemani/Hosp.Niño/orqui.trigales</SimpleData>
		<SimpleData name="Nombre">SM1509-1</SimpleData>
		<SimpleData name="Latitud">-2.871357</SimpleData>
		<SimpleData name="Longitud">-78.981025</SimpleData>
	</SchemaData></ExtendedData>
  </Placemark>
  <Placemark>
	<ExtendedData><SchemaData schemaUrl="#Sheet1">
		<SimpleData name="Capa">CAÑARIBAMBA/RIELES MONAY/tarqui/mayancela/bemani/Hosp.Niño/orqui.trigales</SimpleData>
		<SimpleData name="Nombre">SM1509-2</SimpleData>
		<SimpleData name="Latitud">-2.871756</SimpleData>
		<SimpleData name="Longitud">-78.980182</SimpleData>
	</SchemaData></ExtendedData>
  </Placemark>
  <Placemark>
	<ExtendedData><SchemaData schemaUrl="#Sheet1">
		<SimpleData name="Capa">CAÑARIBAMBA/RIELES MONAY/tarqui/mayancela/bemani/Hosp.Niño/orqui.trigales</SimpleData>
		<SimpleData name="Nombre">SM1509-3</SimpleData>
		<SimpleData name="Latitud">-2.87094</SimpleData>
		<SimpleData name="Longitud">-78.98076</SimpleData>
	</SchemaData></ExtendedData>
  </Placemark>
  <Placemark>
	<ExtendedData><SchemaData schemaUrl="#Sheet1">
		<SimpleData name="Capa">CAÑARIBAMBA/RIELES MONAY/tarqui/mayancela/bemani/Hosp.Niño/orqui.trigales</SimpleData>
		<SimpleData name="Nombre">SM1509-4</SimpleData>
		<SimpleData name="Latitud">-2.87056</SimpleData>
		<SimpleData name="Longitud">-78.98044</SimpleData>
	</SchemaData></ExtendedData>
  </Placemark>
  <Placemark>
	<ExtendedData><SchemaData schemaUrl="#Sheet1">
		<SimpleData name="Capa">CAÑARIBAMBA/RIELES MONAY/tarqui/mayancela/bemani/Hosp.Niño/orqui.trigales</SimpleData>
		<SimpleData name="Nombre">SM1509-5</SimpleData>
		<SimpleData name="Latitud">-2.870906</SimpleData>
		<SimpleData name="Longitud">-78.97986</SimpleData>
	</SchemaData></ExtendedData>
  </Placemark>
  <Placemark>
	<ExtendedData><SchemaData schemaUrl="#Sheet1">
		<SimpleData name="Capa">CAÑARIBAMBA/RIELES MONAY/tarqui/mayancela/bemani/Hosp.Niño/orqui.trigales</SimpleData>
		<SimpleData name="Nombre">SM1509-6</SimpleData>
		<SimpleData name="Latitud">-2.86986</SimpleData>
		<SimpleData name="Longitud">-78.979921</SimpleData>
	</SchemaData></ExtendedData>
  </Placemark>
  <Placemark>
	<ExtendedData><SchemaData schemaUrl="#Sheet1">
		<SimpleData name="Capa">CAÑARIBAMBA/RIELES MONAY/tarqui/mayancela/bemani/Hosp.Niño/orqui.trigales</SimpleData>
		<SimpleData name="Nombre">SM1509-7</SimpleData>
		<SimpleData name="Latitud">-2.872403</SimpleData>
		<SimpleData name="Longitud">-78.979556</SimpleData>
	</SchemaData></ExtendedData>
  </Placemark>
  <Placemark>
	<ExtendedData><SchemaData schemaUrl="#Sheet1">
		<SimpleData name="Capa">CAÑARIBAMBA/RIELES MONAY/tarqui/mayancela/bemani/Hosp.Niño/orqui.trigales</SimpleData>
		<SimpleData name="Nombre">SM1509-8</SimpleData>
		<SimpleData name="Latitud">-2.872067</SimpleData>
		<SimpleData name="Longitud">-78.979372</SimpleData>
	</SchemaData></ExtendedData>
  </Placemark>
  <Placemark>
	<ExtendedData><SchemaData schemaUrl="#Sheet1">
		<SimpleData name="Capa">CAÑARIBAMBA/RIELES MONAY/tarqui/mayancela/bemani/Hosp.Niño/orqui.trigales</SimpleData>
		<SimpleData name="Nombre">SM1512-3</SimpleData>
		<SimpleData name="Latitud">-2.867368</SimpleData>
		<SimpleData name="Longitud">-78.986821</SimpleData>
	</SchemaData></ExtendedData>
  </Placemark>
  <Placemark>
	<ExtendedData><SchemaData schemaUrl="#Sheet1">
		<SimpleData name="Capa">CAÑARIBAMBA/RIELES MONAY/tarqui/mayancela/bemani/Hosp.Niño/orqui.trigales</SimpleData>
		<SimpleData name="Nombre">SM1512-2</SimpleData>
		<SimpleData name="Latitud">-2.866637</SimpleData>
		<SimpleData name="Longitud">-78.987083</SimpleData>
	</SchemaData></ExtendedData>
  </Placemark>
  <Placemark>
	<ExtendedData><SchemaData schemaUrl="#Sheet1">
		<SimpleData name="Capa">CAÑARIBAMBA/RIELES MONAY/tarqui/mayancela/bemani/Hosp.Niño/orqui.trigales</SimpleData>
		<SimpleData name="Nombre">SM1512-1</SimpleData>
		<SimpleData name="Latitud">-2.866105</SimpleData>
		<SimpleData name="Longitud">-78.987272</SimpleData>
	</SchemaData></ExtendedData>
  </Placemark>
  <Placemark>
	<ExtendedData><SchemaData schemaUrl="#Sheet1">
		<SimpleData name="Capa">CAÑARIBAMBA/RIELES MONAY/tarqui/mayancela/bemani/Hosp.Niño/orqui.trigales</SimpleData>
		<SimpleData name="Nombre">SM1514-1</SimpleData>
		<SimpleData name="Latitud">-2.8611591</SimpleData>
		<SimpleData name="Longitud">-78.9961944</SimpleData>
	</SchemaData></ExtendedData>
  </Placemark>
  <Placemark>
	<ExtendedData><SchemaData schemaUrl="#Sheet1">
		<SimpleData name="Capa">CAÑARIBAMBA/RIELES MONAY/tarqui/mayancela/bemani/Hosp.Niño/orqui.trigales</SimpleData>
		<SimpleData name="Nombre">SM1513-3</SimpleData>
		<SimpleData name="Latitud">-2.8708131</SimpleData>
		<SimpleData name="Longitud">-78.9846531</SimpleData>
	</SchemaData></ExtendedData>
  </Placemark>
  <Placemark>
	<ExtendedData><SchemaData schemaUrl="#Sheet1">
		<SimpleData name="Capa">CAÑARIBAMBA/RIELES MONAY/tarqui/mayancela/bemani/Hosp.Niño/orqui.trigales</SimpleData>
		<SimpleData name="Nombre">SM1513-4</SimpleData>
		<SimpleData name="Latitud">-2.871187</SimpleData>
		<SimpleData name="Longitud">-78.9855444</SimpleData>
	</SchemaData></ExtendedData>
  </Placemark>
  <Placemark>
	<ExtendedData><SchemaData schemaUrl="#Sheet1">
		<SimpleData name="Capa">CAÑARIBAMBA/RIELES MONAY/tarqui/mayancela/bemani/Hosp.Niño/orqui.trigales</SimpleData>
		<SimpleData name="Nombre">SM1513-5</SimpleData>
		<SimpleData name="Latitud">-2.8706653</SimpleData>
		<SimpleData name="Longitud">-78.986404</SimpleData>
	</SchemaData></ExtendedData>
  </Placemark>
  <Placemark>
	<ExtendedData><SchemaData schemaUrl="#Sheet1">
		<SimpleData name="Capa">CAÑARIBAMBA/RIELES MONAY/tarqui/mayancela/bemani/Hosp.Niño/orqui.trigales</SimpleData>
		<SimpleData name="Nombre">SM1513-6</SimpleData>
		<SimpleData name="Latitud">-2.8701056</SimpleData>
		<SimpleData name="Longitud">-78.9871644</SimpleData>
	</SchemaData></ExtendedData>
  </Placemark>
  <Placemark>
	<ExtendedData><SchemaData schemaUrl="#Sheet1">
		<SimpleData name="Capa">CAÑARIBAMBA/RIELES MONAY/tarqui/mayancela/bemani/Hosp.Niño/orqui.trigales</SimpleData>
		<SimpleData name="Nombre">BLOQUE  I2</SimpleData>
		<SimpleData name="Latitud">-2.8469026</SimpleData>
		<SimpleData name="Longitud">-78.9902686</SimpleData>
	</SchemaData></ExtendedData>
  </Placemark>
  <Placemark>
	<ExtendedData><SchemaData schemaUrl="#Sheet1">
		<SimpleData name="Capa">CAÑARIBAMBA/RIELES MONAY/tarqui/mayancela/bemani/Hosp.Niño/orqui.trigales</SimpleData>
		<SimpleData name="Nombre">KM0917-7</SimpleData>
		<SimpleData name="Latitud">-2.9201254</SimpleData>
		<SimpleData name="Longitud">-79.0216569</SimpleData>
	</SchemaData></ExtendedData>
  </Placemark>
  <Placemark>
	<ExtendedData><SchemaData schemaUrl="#Sheet1">
		<SimpleData name="Capa">CAÑARIBAMBA/RIELES MONAY/tarqui/mayancela/bemani/Hosp.Niño/orqui.trigales</SimpleData>
		<SimpleData name="Nombre">KM0918-2</SimpleData>
		<SimpleData name="Latitud">-2.9179105</SimpleData>
		<SimpleData name="Longitud">-79.009217</SimpleData>
	</SchemaData></ExtendedData>
  </Placemark>
  <Placemark>
	<ExtendedData><SchemaData schemaUrl="#Sheet1">
		<SimpleData name="Capa">CAÑARIBAMBA/RIELES MONAY/tarqui/mayancela/bemani/Hosp.Niño/orqui.trigales</SimpleData>
		<SimpleData name="Nombre">KM0917-8  ED</SimpleData>
		<SimpleData name="Latitud">-2.9200429</SimpleData>
		<SimpleData name="Longitud">-79.0265186</SimpleData>
	</SchemaData></ExtendedData>
  </Placemark>
  <Placemark>
	<ExtendedData><SchemaData schemaUrl="#Sheet1">
		<SimpleData name="Capa">CAÑARIBAMBA/RIELES MONAY/tarqui/mayancela/bemani/Hosp.Niño/orqui.trigales</SimpleData>
		<SimpleData name="Nombre">KM0918-3</SimpleData>
		<SimpleData name="Latitud">-2.9212691</SimpleData>
		<SimpleData name="Longitud">-79.0088967</SimpleData>
	</SchemaData></ExtendedData>
  </Placemark>
  <Placemark>
	<ExtendedData><SchemaData schemaUrl="#Sheet1">
		<SimpleData name="Capa">CAÑARIBAMBA/RIELES MONAY/tarqui/mayancela/bemani/Hosp.Niño/orqui.trigales</SimpleData>
		<SimpleData name="Nombre">KM0918-4 ED</SimpleData>
		<SimpleData name="Latitud">-2.9193164</SimpleData>
		<SimpleData name="Longitud">-79.0077578</SimpleData>
	</SchemaData></ExtendedData>
  </Placemark>
  <Placemark>
	<ExtendedData><SchemaData schemaUrl="#Sheet1">
		<SimpleData name="Capa">CAÑARIBAMBA/RIELES MONAY/tarqui/mayancela/bemani/Hosp.Niño/orqui.trigales</SimpleData>
		<SimpleData name="Nombre">Ext. SM7071-7</SimpleData>
		<SimpleData name="Latitud">-2.8864701</SimpleData>
		<SimpleData name="Longitud">-78.9826577</SimpleData>
	</SchemaData></ExtendedData>
  </Placemark>
  <Placemark>
	<ExtendedData><SchemaData schemaUrl="#Sheet1">
		<SimpleData name="Capa">CAÑARIBAMBA/RIELES MONAY/tarqui/mayancela/bemani/Hosp.Niño/orqui.trigales</SimpleData>
		<SimpleData name="Nombre">SM6907-1</SimpleData>
		<SimpleData name="Latitud">-2.9248749</SimpleData>
		<SimpleData name="Longitud">-79.0068527</SimpleData>
	</SchemaData></ExtendedData>
  </Placemark>
  <Placemark>
	<ExtendedData><SchemaData schemaUrl="#Sheet1">
		<SimpleData name="Capa">CAÑARIBAMBA/RIELES MONAY/tarqui/mayancela/bemani/Hosp.Niño/orqui.trigales</SimpleData>
		<SimpleData name="Nombre">SM6907-2</SimpleData>
		<SimpleData name="Latitud">-2.9207858</SimpleData>
		<SimpleData name="Longitud">-79.0133222</SimpleData>
	</SchemaData></ExtendedData>
  </Placemark>
  <Placemark>
	<ExtendedData><SchemaData schemaUrl="#Sheet1">
		<SimpleData name="Capa">CAÑARIBAMBA/RIELES MONAY/tarqui/mayancela/bemani/Hosp.Niño/orqui.trigales</SimpleData>
		<SimpleData name="Nombre">SM6907-3</SimpleData>
		<SimpleData name="Latitud">-2.9208393</SimpleData>
		<SimpleData name="Longitud">-79.0133051</SimpleData>
	</SchemaData></ExtendedData>
  </Placemark>
  <Placemark>
	<ExtendedData><SchemaData schemaUrl="#Sheet1">
		<SimpleData name="Capa">CAÑARIBAMBA/RIELES MONAY/tarqui/mayancela/bemani/Hosp.Niño/orqui.trigales</SimpleData>
		<SimpleData name="Nombre">KM0920-1</SimpleData>
		<SimpleData name="Latitud">-2.9223426</SimpleData>
		<SimpleData name="Longitud">-79.0245354</SimpleData>
	</SchemaData></ExtendedData>
  </Placemark>
  <Placemark>
	<ExtendedData><SchemaData schemaUrl="#Sheet1">
		<SimpleData name="Capa">CAÑARIBAMBA/RIELES MONAY/tarqui/mayancela/bemani/Hosp.Niño/orqui.trigales</SimpleData>
		<SimpleData name="Nombre">KM0920-2</SimpleData>
		<SimpleData name="Latitud">-2.923224</SimpleData>
		<SimpleData name="Longitud">-79.0226912</SimpleData>
	</SchemaData></ExtendedData>
  </Placemark>
  <Placemark>
	<ExtendedData><SchemaData schemaUrl="#Sheet1">
		<SimpleData name="Capa">CAÑARIBAMBA/RIELES MONAY/tarqui/mayancela/bemani/Hosp.Niño/orqui.trigales</SimpleData>
		<SimpleData name="Nombre">SM6008-1</SimpleData>
		<SimpleData name="Latitud">-2.8929863</SimpleData>
		<SimpleData name="Longitud">-78.9610997</SimpleData>
	</SchemaData></ExtendedData>
  </Placemark>
  <Placemark>
	<ExtendedData><SchemaData schemaUrl="#Sheet1">
		<SimpleData name="Capa">CAÑARIBAMBA/RIELES MONAY/tarqui/mayancela/bemani/Hosp.Niño/orqui.trigales</SimpleData>
		<SimpleData name="Nombre">SM6008-2</SimpleData>
		<SimpleData name="Latitud">-2.8930961</SimpleData>
		<SimpleData name="Longitud">-78.9611305</SimpleData>
	</SchemaData></ExtendedData>
  </Placemark>
  <Placemark>
	<ExtendedData><SchemaData schemaUrl="#Sheet1">
		<SimpleData name="Capa">CAÑARIBAMBA/RIELES MONAY/tarqui/mayancela/bemani/Hosp.Niño/orqui.trigales</SimpleData>
		<SimpleData name="Nombre">SM6008-3</SimpleData>
		<SimpleData name="Latitud">-2.893159</SimpleData>
		<SimpleData name="Longitud">-78.9612848</SimpleData>
	</SchemaData></ExtendedData>
  </Placemark>
  <Placemark>
	<ExtendedData><SchemaData schemaUrl="#Sheet1">
		<SimpleData name="Capa">CAÑARIBAMBA/RIELES MONAY/tarqui/mayancela/bemani/Hosp.Niño/orqui.trigales</SimpleData>
		<SimpleData name="Nombre">SM6008-4</SimpleData>
		<SimpleData name="Latitud">-2.893068</SimpleData>
		<SimpleData name="Longitud">-78.9614377</SimpleData>
	</SchemaData></ExtendedData>
  </Placemark>
  <Placemark>
	<ExtendedData><SchemaData schemaUrl="#Sheet1">
		<SimpleData name="Capa">Patamarca/Calderon/bosque/valle</SimpleData>
		<SimpleData name="Nombre">SM7037-1</SimpleData>
		<SimpleData name="Latitud">-2.901753</SimpleData>
		<SimpleData name="Longitud">-78.971702</SimpleData>
	</SchemaData></ExtendedData>
  </Placemark>
  <Placemark>
	<ExtendedData><SchemaData schemaUrl="#Sheet1">
		<SimpleData name="Capa">Patamarca/Calderon/bosque/valle</SimpleData>
		<SimpleData name="Nombre">SM7037-2</SimpleData>
		<SimpleData name="Latitud">-2.900915</SimpleData>
		<SimpleData name="Longitud">-78.971905</SimpleData>
	</SchemaData></ExtendedData>
  </Placemark>
  <Placemark>
	<ExtendedData><SchemaData schemaUrl="#Sheet1">
		<SimpleData name="Capa">Patamarca/Calderon/bosque/valle</SimpleData>
		<SimpleData name="Nombre">SM7037-3</SimpleData>
		<SimpleData name="Latitud">-2.901794</SimpleData>
		<SimpleData name="Longitud">-78.972955</SimpleData>
	</SchemaData></ExtendedData>
  </Placemark>
  <Placemark>
	<ExtendedData><SchemaData schemaUrl="#Sheet1">
		<SimpleData name="Capa">Patamarca/Calderon/bosque/valle</SimpleData>
		<SimpleData name="Nombre">SM7037-4</SimpleData>
		<SimpleData name="Latitud">-2.902839</SimpleData>
		<SimpleData name="Longitud">-78.972876</SimpleData>
	</SchemaData></ExtendedData>
  </Placemark>
  <Placemark>
	<ExtendedData><SchemaData schemaUrl="#Sheet1">
		<SimpleData name="Capa">Patamarca/Calderon/bosque/valle</SimpleData>
		<SimpleData name="Nombre">SM7037-5</SimpleData>
		<SimpleData name="Latitud">-2.90382</SimpleData>
		<SimpleData name="Longitud">-78.973103</SimpleData>
	</SchemaData></ExtendedData>
  </Placemark>
  <Placemark>
	<ExtendedData><SchemaData schemaUrl="#Sheet1">
		<SimpleData name="Capa">Patamarca/Calderon/bosque/valle</SimpleData>
		<SimpleData name="Nombre">SM7037-6</SimpleData>
		<SimpleData name="Latitud">-2.903003</SimpleData>
		<SimpleData name="Longitud">-78.972454</SimpleData>
	</SchemaData></ExtendedData>
  </Placemark>
  <Placemark>
	<ExtendedData><SchemaData schemaUrl="#Sheet1">
		<SimpleData name="Capa">Patamarca/Calderon/bosque/valle</SimpleData>
		<SimpleData name="Nombre">SM0801-5</SimpleData>
		<SimpleData name="Latitud">-2.8641653</SimpleData>
		<SimpleData name="Longitud">-78.9791255</SimpleData>
	</SchemaData></ExtendedData>
  </Placemark>
  <Placemark>
	<ExtendedData><SchemaData schemaUrl="#Sheet1">
		<SimpleData name="Capa">Patamarca/Calderon/bosque/valle</SimpleData>
		<SimpleData name="Nombre">SM0801-7</SimpleData>
		<SimpleData name="Latitud">-2.8618528</SimpleData>
		<SimpleData name="Longitud">-78.9789972</SimpleData>
	</SchemaData></ExtendedData>
  </Placemark>
  <Placemark>
	<ExtendedData><SchemaData schemaUrl="#Sheet1">
		<SimpleData name="Capa">Patamarca/Calderon/bosque/valle</SimpleData>
		<SimpleData name="Nombre">SM0801-6</SimpleData>
		<SimpleData name="Latitud">-2.859455</SimpleData>
		<SimpleData name="Longitud">-78.980764</SimpleData>
	</SchemaData></ExtendedData>
  </Placemark>
  <Placemark>
	<ExtendedData><SchemaData schemaUrl="#Sheet1">
		<SimpleData name="Capa">Patamarca/Calderon/bosque/valle</SimpleData>
		<SimpleData name="Nombre">SM4001-1</SimpleData>
		<SimpleData name="Latitud">-2.880587</SimpleData>
		<SimpleData name="Longitud">-78.981254</SimpleData>
	</SchemaData></ExtendedData>
  </Placemark>
  <Placemark>
	<ExtendedData><SchemaData schemaUrl="#Sheet1">
		<SimpleData name="Capa">Patamarca/Calderon/bosque/valle</SimpleData>
		<SimpleData name="Nombre">SM4001-2</SimpleData>
		<SimpleData name="Latitud">-2.882218</SimpleData>
		<SimpleData name="Longitud">-78.980884</SimpleData>
	</SchemaData></ExtendedData>
  </Placemark>
  <Placemark>
	<ExtendedData><SchemaData schemaUrl="#Sheet1">
		<SimpleData name="Capa">Patamarca/Calderon/bosque/valle</SimpleData>
		<SimpleData name="Nombre">SM4001-3</SimpleData>
		<SimpleData name="Latitud">-2.87939</SimpleData>
		<SimpleData name="Longitud">-78.980439</SimpleData>
	</SchemaData></ExtendedData>
  </Placemark>
  <Placemark>
	<ExtendedData><SchemaData schemaUrl="#Sheet1">
		<SimpleData name="Capa">Patamarca/Calderon/bosque/valle</SimpleData>
		<SimpleData name="Nombre">SM4001-4</SimpleData>
		<SimpleData name="Latitud">-2.880697</SimpleData>
		<SimpleData name="Longitud">-78.980327</SimpleData>
	</SchemaData></ExtendedData>
  </Placemark>
  <Placemark>
	<ExtendedData><SchemaData schemaUrl="#Sheet1">
		<SimpleData name="Capa">Patamarca/Calderon/bosque/valle</SimpleData>
		<SimpleData name="Nombre">SM4001-5</SimpleData>
		<SimpleData name="Latitud">-2.88029</SimpleData>
		<SimpleData name="Longitud">-78.97948</SimpleData>
	</SchemaData></ExtendedData>
  </Placemark>
  <Placemark>
	<ExtendedData><SchemaData schemaUrl="#Sheet1">
		<SimpleData name="Capa">Patamarca/Calderon/bosque/valle</SimpleData>
		<SimpleData name="Nombre">SM4001-6</SimpleData>
		<SimpleData name="Latitud">-2.881189</SimpleData>
		<SimpleData name="Longitud">-78.979151</SimpleData>
	</SchemaData></ExtendedData>
  </Placemark>
  <Placemark>
	<ExtendedData><SchemaData schemaUrl="#Sheet1">
		<SimpleData name="Capa">Patamarca/Calderon/bosque/valle</SimpleData>
		<SimpleData name="Nombre">SM4001-7</SimpleData>
		<SimpleData name="Latitud">-2.881004</SimpleData>
		<SimpleData name="Longitud">-78.977597</SimpleData>
	</SchemaData></ExtendedData>
  </Placemark>
  <Placemark>
	<ExtendedData><SchemaData schemaUrl="#Sheet1">
		<SimpleData name="Capa">Patamarca/Calderon/bosque/valle</SimpleData>
		<SimpleData name="Nombre">SM4001-8</SimpleData>
		<SimpleData name="Latitud">-2.881236</SimpleData>
		<SimpleData name="Longitud">-78.976373</SimpleData>
	</SchemaData></ExtendedData>
  </Placemark>
  <Placemark>
	<ExtendedData><SchemaData schemaUrl="#Sheet1">
		<SimpleData name="Capa">Patamarca/Calderon/bosque/valle</SimpleData>
		<SimpleData name="Nombre">SM7042-4</SimpleData>
		<SimpleData name="Latitud">-2.897635</SimpleData>
		<SimpleData name="Longitud">-78.950741</SimpleData>
	</SchemaData></ExtendedData>
  </Placemark>
  <Placemark>
	<ExtendedData><SchemaData schemaUrl="#Sheet1">
		<SimpleData name="Capa">Patamarca/Calderon/bosque/valle</SimpleData>
		<SimpleData name="Nombre">SM7042-3</SimpleData>
		<SimpleData name="Latitud">-2.898674</SimpleData>
		<SimpleData name="Longitud">-78.959507</SimpleData>
	</SchemaData></ExtendedData>
  </Placemark>
  <Placemark>
	<ExtendedData><SchemaData schemaUrl="#Sheet1">
		<SimpleData name="Capa">Patamarca/Calderon/bosque/valle</SimpleData>
		<SimpleData name="Nombre">SM7042-2</SimpleData>
		<SimpleData name="Latitud">-2.898365</SimpleData>
		<SimpleData name="Longitud">-78.957329</SimpleData>
	</SchemaData></ExtendedData>
  </Placemark>
  <Placemark>
	<ExtendedData><SchemaData schemaUrl="#Sheet1">
		<SimpleData name="Capa">Patamarca/Calderon/bosque/valle</SimpleData>
		<SimpleData name="Nombre">SM7042-1</SimpleData>
		<SimpleData name="Latitud">-2.901625</SimpleData>
		<SimpleData name="Longitud">-78.955676</SimpleData>
	</SchemaData></ExtendedData>
  </Placemark>
  <Placemark>
	<ExtendedData><SchemaData schemaUrl="#Sheet1">
		<SimpleData name="Capa">Patamarca/Calderon/bosque/valle</SimpleData>
		<SimpleData name="Nombre">SM7007-8</SimpleData>
		<SimpleData name="Latitud">-2.94748</SimpleData>
		<SimpleData name="Longitud">-78.961876</SimpleData>
	</SchemaData></ExtendedData>
  </Placemark>
  <Placemark>
	<ExtendedData><SchemaData schemaUrl="#Sheet1">
		<SimpleData name="Capa">Patamarca/Calderon/bosque/valle</SimpleData>
		<SimpleData name="Nombre">SM7030-1</SimpleData>
		<SimpleData name="Latitud">-2.951384</SimpleData>
		<SimpleData name="Longitud">-78.969716</SimpleData>
	</SchemaData></ExtendedData>
  </Placemark>
  <Placemark>
	<ExtendedData><SchemaData schemaUrl="#Sheet1">
		<SimpleData name="Capa">Patamarca/Calderon/bosque/valle</SimpleData>
		<SimpleData name="Nombre">SM7030-2</SimpleData>
		<SimpleData name="Latitud">-2.952312</SimpleData>
		<SimpleData name="Longitud">-78.971654</SimpleData>
	</SchemaData></ExtendedData>
  </Placemark>
  <Placemark>
	<ExtendedData><SchemaData schemaUrl="#Sheet1">
		<SimpleData name="Capa">Patamarca/Calderon/bosque/valle</SimpleData>
		<SimpleData name="Nombre">SM7030-3</SimpleData>
		<SimpleData name="Latitud">-2.953625</SimpleData>
		<SimpleData name="Longitud">-78.973027</SimpleData>
	</SchemaData></ExtendedData>
  </Placemark>
  <Placemark>
	<ExtendedData><SchemaData schemaUrl="#Sheet1">
		<SimpleData name="Capa">Patamarca/Calderon/bosque/valle</SimpleData>
		<SimpleData name="Nombre">SM7030-4</SimpleData>
		<SimpleData name="Latitud">-2.949771</SimpleData>
		<SimpleData name="Longitud">-78.967166</SimpleData>
	</SchemaData></ExtendedData>
  </Placemark>
  <Placemark>
	<ExtendedData><SchemaData schemaUrl="#Sheet1">
		<SimpleData name="Capa">Patamarca/Calderon/bosque/valle</SimpleData>
		<SimpleData name="Nombre">SM7036-2</SimpleData>
		<SimpleData name="Latitud">-2.952361</SimpleData>
		<SimpleData name="Longitud">-78.980026</SimpleData>
	</SchemaData></ExtendedData>
  </Placemark>
  <Placemark>
	<ExtendedData><SchemaData schemaUrl="#Sheet1">
		<SimpleData name="Capa">Patamarca/Calderon/bosque/valle</SimpleData>
		<SimpleData name="Nombre">SM7036-1</SimpleData>
		<SimpleData name="Latitud">-2.953829</SimpleData>
		<SimpleData name="Longitud">-78.978218</SimpleData>
	</SchemaData></ExtendedData>
  </Placemark>
  <Placemark>
	<ExtendedData><SchemaData schemaUrl="#Sheet1">
		<SimpleData name="Capa">Patamarca/Calderon/bosque/valle</SimpleData>
		<SimpleData name="Nombre">SM7036-3</SimpleData>
		<SimpleData name="Latitud">-2.954964</SimpleData>
		<SimpleData name="Longitud">-78.97553</SimpleData>
	</SchemaData></ExtendedData>
  </Placemark>
  <Placemark>
	<ExtendedData><SchemaData schemaUrl="#Sheet1">
		<SimpleData name="Capa">Patamarca/Calderon/bosque/valle</SimpleData>
		<SimpleData name="Nombre">SM7036-4</SimpleData>
		<SimpleData name="Latitud">-2.957644</SimpleData>
		<SimpleData name="Longitud">-78.973945</SimpleData>
	</SchemaData></ExtendedData>
  </Placemark>
  <Placemark>
	<ExtendedData><SchemaData schemaUrl="#Sheet1">
		<SimpleData name="Capa">Patamarca/Calderon/bosque/valle</SimpleData>
		<SimpleData name="Nombre">SM7036-5</SimpleData>
		<SimpleData name="Latitud">-2.956296</SimpleData>
		<SimpleData name="Longitud">-78.976884</SimpleData>
	</SchemaData></ExtendedData>
  </Placemark>
  <Placemark>
	<ExtendedData><SchemaData schemaUrl="#Sheet1">
		<SimpleData name="Capa">Patamarca/Calderon/bosque/valle</SimpleData>
		<SimpleData name="Nombre">SM7101-1</SimpleData>
		<SimpleData name="Latitud">-2.926095</SimpleData>
		<SimpleData name="Longitud">-78.980782</SimpleData>
	</SchemaData></ExtendedData>
  </Placemark>
  <Placemark>
	<ExtendedData><SchemaData schemaUrl="#Sheet1">
		<SimpleData name="Capa">Patamarca/Calderon/bosque/valle</SimpleData>
		<SimpleData name="Nombre">SM7101-2</SimpleData>
		<SimpleData name="Latitud">-2.927369</SimpleData>
		<SimpleData name="Longitud">-78.982329</SimpleData>
	</SchemaData></ExtendedData>
  </Placemark>
  <Placemark>
	<ExtendedData><SchemaData schemaUrl="#Sheet1">
		<SimpleData name="Capa">Patamarca/Calderon/bosque/valle</SimpleData>
		<SimpleData name="Nombre">SM7101-3</SimpleData>
		<SimpleData name="Latitud">-2.9287</SimpleData>
		<SimpleData name="Longitud">-78.984618</SimpleData>
	</SchemaData></ExtendedData>
  </Placemark>
  <Placemark>
	<ExtendedData><SchemaData schemaUrl="#Sheet1">
		<SimpleData name="Capa">Patamarca/Calderon/bosque/valle</SimpleData>
		<SimpleData name="Nombre">SM7101-4</SimpleData>
		<SimpleData name="Latitud">-2.929732</SimpleData>
		<SimpleData name="Longitud">-78.987378</SimpleData>
	</SchemaData></ExtendedData>
  </Placemark>
  <Placemark>
	<ExtendedData><SchemaData schemaUrl="#Sheet1">
		<SimpleData name="Capa">Patamarca/Calderon/bosque/valle</SimpleData>
		<SimpleData name="Nombre">SM7101-5</SimpleData>
		<SimpleData name="Latitud">-2.93013</SimpleData>
		<SimpleData name="Longitud">-78.989647</SimpleData>
	</SchemaData></ExtendedData>
  </Placemark>
  <Placemark>
	<ExtendedData><SchemaData schemaUrl="#Sheet1">
		<SimpleData name="Capa">Patamarca/Calderon/bosque/valle</SimpleData>
		<SimpleData name="Nombre">SM7101-6</SimpleData>
		<SimpleData name="Latitud">-2.931303</SimpleData>
		<SimpleData name="Longitud">-78.991101</SimpleData>
	</SchemaData></ExtendedData>
  </Placemark>
  <Placemark>
	<ExtendedData><SchemaData schemaUrl="#Sheet1">
		<SimpleData name="Capa">Patamarca/Calderon/bosque/valle</SimpleData>
		<SimpleData name="Nombre">SM7101-7</SimpleData>
		<SimpleData name="Latitud">-2.933066</SimpleData>
		<SimpleData name="Longitud">-78.989481</SimpleData>
	</SchemaData></ExtendedData>
  </Placemark>
  <Placemark>
	<ExtendedData><SchemaData schemaUrl="#Sheet1">
		<SimpleData name="Capa">Patamarca/Calderon/bosque/valle</SimpleData>
		<SimpleData name="Nombre">SM7101-8</SimpleData>
		<SimpleData name="Latitud">-2.936295</SimpleData>
		<SimpleData name="Longitud">-78.987598</SimpleData>
	</SchemaData></ExtendedData>
  </Placemark>
  <Placemark>
	<ExtendedData><SchemaData schemaUrl="#Sheet1">
		<SimpleData name="Capa">Patamarca/Calderon/bosque/valle</SimpleData>
		<SimpleData name="Nombre">SM7001-1</SimpleData>
		<SimpleData name="Latitud">-2.914379</SimpleData>
		<SimpleData name="Longitud">-78.962743</SimpleData>
	</SchemaData></ExtendedData>
  </Placemark>
  <Placemark>
	<ExtendedData><SchemaData schemaUrl="#Sheet1">
		<SimpleData name="Capa">Patamarca/Calderon/bosque/valle</SimpleData>
		<SimpleData name="Nombre">SM7001-2</SimpleData>
		<SimpleData name="Latitud">-2.913339</SimpleData>
		<SimpleData name="Longitud">-78.961886</SimpleData>
	</SchemaData></ExtendedData>
  </Placemark>
  <Placemark>
	<ExtendedData><SchemaData schemaUrl="#Sheet1">
		<SimpleData name="Capa">Patamarca/Calderon/bosque/valle</SimpleData>
		<SimpleData name="Nombre">SM7001-3</SimpleData>
		<SimpleData name="Latitud">-2.911404</SimpleData>
		<SimpleData name="Longitud">-78.960139</SimpleData>
	</SchemaData></ExtendedData>
  </Placemark>
  <Placemark>
	<ExtendedData><SchemaData schemaUrl="#Sheet1">
		<SimpleData name="Capa">Patamarca/Calderon/bosque/valle</SimpleData>
		<SimpleData name="Nombre">SM7001-4</SimpleData>
		<SimpleData name="Latitud">-2.91278</SimpleData>
		<SimpleData name="Longitud">-78.960748</SimpleData>
	</SchemaData></ExtendedData>
  </Placemark>
  <Placemark>
	<ExtendedData><SchemaData schemaUrl="#Sheet1">
		<SimpleData name="Capa">Patamarca/Calderon/bosque/valle</SimpleData>
		<SimpleData name="Nombre">SM7001-5</SimpleData>
		<SimpleData name="Latitud">-2.9122909</SimpleData>
		<SimpleData name="Longitud">-78.959562</SimpleData>
	</SchemaData></ExtendedData>
  </Placemark>
  <Placemark>
	<ExtendedData><SchemaData schemaUrl="#Sheet1">
		<SimpleData name="Capa">Patamarca/Calderon/bosque/valle</SimpleData>
		<SimpleData name="Nombre">SM7001-6</SimpleData>
		<SimpleData name="Latitud">-2.911705</SimpleData>
		<SimpleData name="Longitud">-78.957412</SimpleData>
	</SchemaData></ExtendedData>
  </Placemark>
  <Placemark>
	<ExtendedData><SchemaData schemaUrl="#Sheet1">
		<SimpleData name="Capa">Patamarca/Calderon/bosque/valle</SimpleData>
		<SimpleData name="Nombre">SM7001-7</SimpleData>
		<SimpleData name="Latitud">-2.910974</SimpleData>
		<SimpleData name="Longitud">-78.956342</SimpleData>
	</SchemaData></ExtendedData>
  </Placemark>
  <Placemark>
	<ExtendedData><SchemaData schemaUrl="#Sheet1">
		<SimpleData name="Capa">Patamarca/Calderon/bosque/valle</SimpleData>
		<SimpleData name="Nombre">SM7001-8</SimpleData>
		<SimpleData name="Latitud">-2.90792</SimpleData>
		<SimpleData name="Longitud">-78.952463</SimpleData>
	</SchemaData></ExtendedData>
  </Placemark>
  <Placemark>
	<ExtendedData><SchemaData schemaUrl="#Sheet1">
		<SimpleData name="Capa">Patamarca/Calderon/bosque/valle</SimpleData>
		<SimpleData name="Nombre">SM7002-1</SimpleData>
		<SimpleData name="Latitud">-2.917533</SimpleData>
		<SimpleData name="Longitud">-78.96081</SimpleData>
	</SchemaData></ExtendedData>
  </Placemark>
  <Placemark>
	<ExtendedData><SchemaData schemaUrl="#Sheet1">
		<SimpleData name="Capa">Patamarca/Calderon/bosque/valle</SimpleData>
		<SimpleData name="Nombre">SM7002-2</SimpleData>
		<SimpleData name="Latitud">-2.917104</SimpleData>
		<SimpleData name="Longitud">-78.958696</SimpleData>
	</SchemaData></ExtendedData>
  </Placemark>
  <Placemark>
	<ExtendedData><SchemaData schemaUrl="#Sheet1">
		<SimpleData name="Capa">Patamarca/Calderon/bosque/valle</SimpleData>
		<SimpleData name="Nombre">SM7002-3 </SimpleData>
		<SimpleData name="Latitud">-2.919152</SimpleData>
		<SimpleData name="Longitud">-78.958271</SimpleData>
	</SchemaData></ExtendedData>
  </Placemark>
  <Placemark>
	<ExtendedData><SchemaData schemaUrl="#Sheet1">
		<SimpleData name="Capa">Patamarca/Calderon/bosque/valle</SimpleData>
		<SimpleData name="Nombre">SM7002-4</SimpleData>
		<SimpleData name="Latitud">-2.920295</SimpleData>
		<SimpleData name="Longitud">-78.956414</SimpleData>
	</SchemaData></ExtendedData>
  </Placemark>
  <Placemark>
	<ExtendedData><SchemaData schemaUrl="#Sheet1">
		<SimpleData name="Capa">Patamarca/Calderon/bosque/valle</SimpleData>
		<SimpleData name="Nombre">SM7002-5</SimpleData>
		<SimpleData name="Latitud">-2.92087</SimpleData>
		<SimpleData name="Longitud">-78.95442</SimpleData>
	</SchemaData></ExtendedData>
  </Placemark>
  <Placemark>
	<ExtendedData><SchemaData schemaUrl="#Sheet1">
		<SimpleData name="Capa">Patamarca/Calderon/bosque/valle</SimpleData>
		<SimpleData name="Nombre">SM7002-6</SimpleData>
		<SimpleData name="Latitud">-2.916919</SimpleData>
		<SimpleData name="Longitud">-78.955864</SimpleData>
	</SchemaData></ExtendedData>
  </Placemark>
  <Placemark>
	<ExtendedData><SchemaData schemaUrl="#Sheet1">
		<SimpleData name="Capa">Patamarca/Calderon/bosque/valle</SimpleData>
		<SimpleData name="Nombre">SM7002-7</SimpleData>
		<SimpleData name="Latitud">-2.916646</SimpleData>
		<SimpleData name="Longitud">-78.952786</SimpleData>
	</SchemaData></ExtendedData>
  </Placemark>
  <Placemark>
	<ExtendedData><SchemaData schemaUrl="#Sheet1">
		<SimpleData name="Capa">Patamarca/Calderon/bosque/valle</SimpleData>
		<SimpleData name="Nombre">SM7002-8</SimpleData>
		<SimpleData name="Latitud">-2.917703</SimpleData>
		<SimpleData name="Longitud">-78.951383</SimpleData>
	</SchemaData></ExtendedData>
  </Placemark>
  <Placemark>
	<ExtendedData><SchemaData schemaUrl="#Sheet1">
		<SimpleData name="Capa">Patamarca/Calderon/bosque/valle</SimpleData>
		<SimpleData name="Nombre">SM7003-7</SimpleData>
		<SimpleData name="Latitud">-2.923093</SimpleData>
		<SimpleData name="Longitud">-78.959644</SimpleData>
	</SchemaData></ExtendedData>
  </Placemark>
  <Placemark>
	<ExtendedData><SchemaData schemaUrl="#Sheet1">
		<SimpleData name="Capa">Patamarca/Calderon/bosque/valle</SimpleData>
		<SimpleData name="Nombre">SM7003-8</SimpleData>
		<SimpleData name="Latitud">-2.92279</SimpleData>
		<SimpleData name="Longitud">-78.958545</SimpleData>
	</SchemaData></ExtendedData>
  </Placemark>
  <Placemark>
	<ExtendedData><SchemaData schemaUrl="#Sheet1">
		<SimpleData name="Capa">Patamarca/Calderon/bosque/valle</SimpleData>
		<SimpleData name="Nombre">SM7003-6</SimpleData>
		<SimpleData name="Latitud">-2.921388</SimpleData>
		<SimpleData name="Longitud">-78.961647</SimpleData>
	</SchemaData></ExtendedData>
  </Placemark>
  <Placemark>
	<ExtendedData><SchemaData schemaUrl="#Sheet1">
		<SimpleData name="Capa">Patamarca/Calderon/bosque/valle</SimpleData>
		<SimpleData name="Nombre">SM7003-5</SimpleData>
		<SimpleData name="Latitud">-2.92033</SimpleData>
		<SimpleData name="Longitud">-78.962448</SimpleData>
	</SchemaData></ExtendedData>
  </Placemark>
  <Placemark>
	<ExtendedData><SchemaData schemaUrl="#Sheet1">
		<SimpleData name="Capa">Patamarca/Calderon/bosque/valle</SimpleData>
		<SimpleData name="Nombre">SM7003-4  ED</SimpleData>
		<SimpleData name="Latitud">-2.9189344</SimpleData>
		<SimpleData name="Longitud">-78.9620984</SimpleData>
	</SchemaData></ExtendedData>
  </Placemark>
  <Placemark>
	<ExtendedData><SchemaData schemaUrl="#Sheet1">
		<SimpleData name="Capa">Patamarca/Calderon/bosque/valle</SimpleData>
		<SimpleData name="Nombre">SM7003-3</SimpleData>
		<SimpleData name="Latitud">-2.918184</SimpleData>
		<SimpleData name="Longitud">-78.963297</SimpleData>
	</SchemaData></ExtendedData>
  </Placemark>
  <Placemark>
	<ExtendedData><SchemaData schemaUrl="#Sheet1">
		<SimpleData name="Capa">Patamarca/Calderon/bosque/valle</SimpleData>
		<SimpleData name="Nombre">SM7003-2</SimpleData>
		<SimpleData name="Latitud">-2.917362</SimpleData>
		<SimpleData name="Longitud">-78.963135</SimpleData>
	</SchemaData></ExtendedData>
  </Placemark>
  <Placemark>
	<ExtendedData><SchemaData schemaUrl="#Sheet1">
		<SimpleData name="Capa">Patamarca/Calderon/bosque/valle</SimpleData>
		<SimpleData name="Nombre">SM7004-8</SimpleData>
		<SimpleData name="Latitud">-2.927923</SimpleData>
		<SimpleData name="Longitud">-78.952469</SimpleData>
	</SchemaData></ExtendedData>
  </Placemark>
  <Placemark>
	<ExtendedData><SchemaData schemaUrl="#Sheet1">
		<SimpleData name="Capa">Patamarca/Calderon/bosque/valle</SimpleData>
		<SimpleData name="Nombre">SM7004-7</SimpleData>
		<SimpleData name="Latitud">-2.929094</SimpleData>
		<SimpleData name="Longitud">-78.956882</SimpleData>
	</SchemaData></ExtendedData>
  </Placemark>
  <Placemark>
	<ExtendedData><SchemaData schemaUrl="#Sheet1">
		<SimpleData name="Capa">Patamarca/Calderon/bosque/valle</SimpleData>
		<SimpleData name="Nombre">SM7004-5</SimpleData>
		<SimpleData name="Latitud">-2.927842</SimpleData>
		<SimpleData name="Longitud">-78.959197</SimpleData>
	</SchemaData></ExtendedData>
  </Placemark>
  <Placemark>
	<ExtendedData><SchemaData schemaUrl="#Sheet1">
		<SimpleData name="Capa">Patamarca/Calderon/bosque/valle</SimpleData>
		<SimpleData name="Nombre">SM7004-6</SimpleData>
		<SimpleData name="Latitud">-2.925526</SimpleData>
		<SimpleData name="Longitud">-78.95726</SimpleData>
	</SchemaData></ExtendedData>
  </Placemark>
  <Placemark>
	<ExtendedData><SchemaData schemaUrl="#Sheet1">
		<SimpleData name="Capa">Patamarca/Calderon/bosque/valle</SimpleData>
		<SimpleData name="Nombre">SM7004-4</SimpleData>
		<SimpleData name="Latitud">-2.935276</SimpleData>
		<SimpleData name="Longitud">-78.960141</SimpleData>
	</SchemaData></ExtendedData>
  </Placemark>
  <Placemark>
	<ExtendedData><SchemaData schemaUrl="#Sheet1">
		<SimpleData name="Capa">Patamarca/Calderon/bosque/valle</SimpleData>
		<SimpleData name="Nombre">SM7004-3</SimpleData>
		<SimpleData name="Latitud">-2.930989</SimpleData>
		<SimpleData name="Longitud">-78.962143</SimpleData>
	</SchemaData></ExtendedData>
  </Placemark>
  <Placemark>
	<ExtendedData><SchemaData schemaUrl="#Sheet1">
		<SimpleData name="Capa">Patamarca/Calderon/bosque/valle</SimpleData>
		<SimpleData name="Nombre">SM7004-2</SimpleData>
		<SimpleData name="Latitud">-2.929007</SimpleData>
		<SimpleData name="Longitud">-78.960099</SimpleData>
	</SchemaData></ExtendedData>
  </Placemark>
  <Placemark>
	<ExtendedData><SchemaData schemaUrl="#Sheet1">
		<SimpleData name="Capa">Patamarca/Calderon/bosque/valle</SimpleData>
		<SimpleData name="Nombre">SM7004-1</SimpleData>
		<SimpleData name="Latitud">-2.926736</SimpleData>
		<SimpleData name="Longitud">-78.96118</SimpleData>
	</SchemaData></ExtendedData>
  </Placemark>
  <Placemark>
	<ExtendedData><SchemaData schemaUrl="#Sheet1">
		<SimpleData name="Capa">Patamarca/Calderon/bosque/valle</SimpleData>
		<SimpleData name="Nombre">SM7005-7</SimpleData>
		<SimpleData name="Latitud">-2.937364</SimpleData>
		<SimpleData name="Longitud">-78.96182</SimpleData>
	</SchemaData></ExtendedData>
  </Placemark>
  <Placemark>
	<ExtendedData><SchemaData schemaUrl="#Sheet1">
		<SimpleData name="Capa">Patamarca/Calderon/bosque/valle</SimpleData>
		<SimpleData name="Nombre">SM7005-6</SimpleData>
		<SimpleData name="Latitud">-2.937212</SimpleData>
		<SimpleData name="Longitud">-78.962688</SimpleData>
	</SchemaData></ExtendedData>
  </Placemark>
  <Placemark>
	<ExtendedData><SchemaData schemaUrl="#Sheet1">
		<SimpleData name="Capa">Patamarca/Calderon/bosque/valle</SimpleData>
		<SimpleData name="Nombre">SM7005-4</SimpleData>
		<SimpleData name="Latitud">-2.937102</SimpleData>
		<SimpleData name="Longitud">-78.963661</SimpleData>
	</SchemaData></ExtendedData>
  </Placemark>
  <Placemark>
	<ExtendedData><SchemaData schemaUrl="#Sheet1">
		<SimpleData name="Capa">Patamarca/Calderon/bosque/valle</SimpleData>
		<SimpleData name="Nombre">SM7005-3</SimpleData>
		<SimpleData name="Latitud">-2.937892</SimpleData>
		<SimpleData name="Longitud">-78.963917</SimpleData>
	</SchemaData></ExtendedData>
  </Placemark>
  <Placemark>
	<ExtendedData><SchemaData schemaUrl="#Sheet1">
		<SimpleData name="Capa">Patamarca/Calderon/bosque/valle</SimpleData>
		<SimpleData name="Nombre">SM7005-2</SimpleData>
		<SimpleData name="Latitud">-2.939669</SimpleData>
		<SimpleData name="Longitud">-78.966493</SimpleData>
	</SchemaData></ExtendedData>
  </Placemark>
  <Placemark>
	<ExtendedData><SchemaData schemaUrl="#Sheet1">
		<SimpleData name="Capa">Patamarca/Calderon/bosque/valle</SimpleData>
		<SimpleData name="Nombre">SM7005-1</SimpleData>
		<SimpleData name="Latitud">-2.938038</SimpleData>
		<SimpleData name="Longitud">-78.965832</SimpleData>
	</SchemaData></ExtendedData>
  </Placemark>
  <Placemark>
	<ExtendedData><SchemaData schemaUrl="#Sheet1">
		<SimpleData name="Capa">Patamarca/Calderon/bosque/valle</SimpleData>
		<SimpleData name="Nombre">SM7005-5</SimpleData>
		<SimpleData name="Latitud">-2.938424</SimpleData>
		<SimpleData name="Longitud">-78.965185</SimpleData>
	</SchemaData></ExtendedData>
  </Placemark>
  <Placemark>
	<ExtendedData><SchemaData schemaUrl="#Sheet1">
		<SimpleData name="Capa">Patamarca/Calderon/bosque/valle</SimpleData>
		<SimpleData name="Nombre">SM7007-1</SimpleData>
		<SimpleData name="Latitud">-2.940692</SimpleData>
		<SimpleData name="Longitud">-78.963217</SimpleData>
	</SchemaData></ExtendedData>
  </Placemark>
  <Placemark>
	<ExtendedData><SchemaData schemaUrl="#Sheet1">
		<SimpleData name="Capa">Patamarca/Calderon/bosque/valle</SimpleData>
		<SimpleData name="Nombre">SM7007-3 </SimpleData>
		<SimpleData name="Latitud">-2.944049</SimpleData>
		<SimpleData name="Longitud">-78.963769</SimpleData>
	</SchemaData></ExtendedData>
  </Placemark>
  <Placemark>
	<ExtendedData><SchemaData schemaUrl="#Sheet1">
		<SimpleData name="Capa">Patamarca/Calderon/bosque/valle</SimpleData>
		<SimpleData name="Nombre">SM7007-4</SimpleData>
		<SimpleData name="Latitud">-2.939136</SimpleData>
		<SimpleData name="Longitud">-78.960879</SimpleData>
	</SchemaData></ExtendedData>
  </Placemark>
  <Placemark>
	<ExtendedData><SchemaData schemaUrl="#Sheet1">
		<SimpleData name="Capa">Patamarca/Calderon/bosque/valle</SimpleData>
		<SimpleData name="Nombre">SM7007-5</SimpleData>
		<SimpleData name="Latitud">-2.946264</SimpleData>
		<SimpleData name="Longitud">-78.965044</SimpleData>
	</SchemaData></ExtendedData>
  </Placemark>
  <Placemark>
	<ExtendedData><SchemaData schemaUrl="#Sheet1">
		<SimpleData name="Capa">Patamarca/Calderon/bosque/valle</SimpleData>
		<SimpleData name="Nombre">SM7007-6</SimpleData>
		<SimpleData name="Latitud">-2.946493</SimpleData>
		<SimpleData name="Longitud">-78.9586</SimpleData>
	</SchemaData></ExtendedData>
  </Placemark>
  <Placemark>
	<ExtendedData><SchemaData schemaUrl="#Sheet1">
		<SimpleData name="Capa">Patamarca/Calderon/bosque/valle</SimpleData>
		<SimpleData name="Nombre">SM7007-7</SimpleData>
		<SimpleData name="Latitud">-2.942175</SimpleData>
		<SimpleData name="Longitud">-78.952263</SimpleData>
	</SchemaData></ExtendedData>
  </Placemark>
  <Placemark>
	<ExtendedData><SchemaData schemaUrl="#Sheet1">
		<SimpleData name="Capa">Patamarca/Calderon/bosque/valle</SimpleData>
		<SimpleData name="Nombre">SM7008-2</SimpleData>
		<SimpleData name="Latitud">-2.941797</SimpleData>
		<SimpleData name="Longitud">-78.95728</SimpleData>
	</SchemaData></ExtendedData>
  </Placemark>
  <Placemark>
	<ExtendedData><SchemaData schemaUrl="#Sheet1">
		<SimpleData name="Capa">Patamarca/Calderon/bosque/valle</SimpleData>
		<SimpleData name="Nombre">SM7008-4 </SimpleData>
		<SimpleData name="Latitud">-2.940194</SimpleData>
		<SimpleData name="Longitud">-78.957344</SimpleData>
	</SchemaData></ExtendedData>
  </Placemark>
  <Placemark>
	<ExtendedData><SchemaData schemaUrl="#Sheet1">
		<SimpleData name="Capa">Patamarca/Calderon/bosque/valle</SimpleData>
		<SimpleData name="Nombre">SM7008-3 </SimpleData>
		<SimpleData name="Latitud">-2.942485</SimpleData>
		<SimpleData name="Longitud">-78.957115</SimpleData>
	</SchemaData></ExtendedData>
  </Placemark>
  <Placemark>
	<ExtendedData><SchemaData schemaUrl="#Sheet1">
		<SimpleData name="Capa">Patamarca/Calderon/bosque/valle</SimpleData>
		<SimpleData name="Nombre">SM7008-1 </SimpleData>
		<SimpleData name="Latitud">-2.941923</SimpleData>
		<SimpleData name="Longitud">-78.957952</SimpleData>
	</SchemaData></ExtendedData>
  </Placemark>
  <Placemark>
	<ExtendedData><SchemaData schemaUrl="#Sheet1">
		<SimpleData name="Capa">Patamarca/Calderon/bosque/valle</SimpleData>
		<SimpleData name="Nombre">SM7008-6 </SimpleData>
		<SimpleData name="Latitud">-2.941334</SimpleData>
		<SimpleData name="Longitud">-78.958244</SimpleData>
	</SchemaData></ExtendedData>
  </Placemark>
  <Placemark>
	<ExtendedData><SchemaData schemaUrl="#Sheet1">
		<SimpleData name="Capa">Patamarca/Calderon/bosque/valle</SimpleData>
		<SimpleData name="Nombre">SM7008-5 </SimpleData>
		<SimpleData name="Latitud">-2.941041</SimpleData>
		<SimpleData name="Longitud">-78.958441</SimpleData>
	</SchemaData></ExtendedData>
  </Placemark>
  <Placemark>
	<ExtendedData><SchemaData schemaUrl="#Sheet1">
		<SimpleData name="Capa">Patamarca/Calderon/bosque/valle</SimpleData>
		<SimpleData name="Nombre">SM7008-8 </SimpleData>
		<SimpleData name="Latitud">-2.939939</SimpleData>
		<SimpleData name="Longitud">-78.958179</SimpleData>
	</SchemaData></ExtendedData>
  </Placemark>
  <Placemark>
	<ExtendedData><SchemaData schemaUrl="#Sheet1">
		<SimpleData name="Capa">Patamarca/Calderon/bosque/valle</SimpleData>
		<SimpleData name="Nombre">SM7008-7 </SimpleData>
		<SimpleData name="Latitud">-2.940763</SimpleData>
		<SimpleData name="Longitud">-78.95861</SimpleData>
	</SchemaData></ExtendedData>
  </Placemark>
  <Placemark>
	<ExtendedData><SchemaData schemaUrl="#Sheet1">
		<SimpleData name="Capa">Patamarca/Calderon/bosque/valle</SimpleData>
		<SimpleData name="Nombre">SM7013-8</SimpleData>
		<SimpleData name="Latitud">-2.915048</SimpleData>
		<SimpleData name="Longitud">-78.970217</SimpleData>
	</SchemaData></ExtendedData>
  </Placemark>
  <Placemark>
	<ExtendedData><SchemaData schemaUrl="#Sheet1">
		<SimpleData name="Capa">Patamarca/Calderon/bosque/valle</SimpleData>
		<SimpleData name="Nombre">SM7013-7</SimpleData>
		<SimpleData name="Latitud">-2.915609</SimpleData>
		<SimpleData name="Longitud">-78.970946</SimpleData>
	</SchemaData></ExtendedData>
  </Placemark>
  <Placemark>
	<ExtendedData><SchemaData schemaUrl="#Sheet1">
		<SimpleData name="Capa">Patamarca/Calderon/bosque/valle</SimpleData>
		<SimpleData name="Nombre">SM7013-6</SimpleData>
		<SimpleData name="Latitud">-2.916538</SimpleData>
		<SimpleData name="Longitud">-78.972058</SimpleData>
	</SchemaData></ExtendedData>
  </Placemark>
  <Placemark>
	<ExtendedData><SchemaData schemaUrl="#Sheet1">
		<SimpleData name="Capa">Patamarca/Calderon/bosque/valle</SimpleData>
		<SimpleData name="Nombre">SM7013-5</SimpleData>
		<SimpleData name="Latitud">-2.917118</SimpleData>
		<SimpleData name="Longitud">-78.972672</SimpleData>
	</SchemaData></ExtendedData>
  </Placemark>
  <Placemark>
	<ExtendedData><SchemaData schemaUrl="#Sheet1">
		<SimpleData name="Capa">Patamarca/Calderon/bosque/valle</SimpleData>
		<SimpleData name="Nombre">SM7013-4</SimpleData>
		<SimpleData name="Latitud">-2.922576</SimpleData>
		<SimpleData name="Longitud">-78.974304</SimpleData>
	</SchemaData></ExtendedData>
  </Placemark>
  <Placemark>
	<ExtendedData><SchemaData schemaUrl="#Sheet1">
		<SimpleData name="Capa">Patamarca/Calderon/bosque/valle</SimpleData>
		<SimpleData name="Nombre">SM7013-3</SimpleData>
		<SimpleData name="Latitud">-2.921843</SimpleData>
		<SimpleData name="Longitud">-78.974642</SimpleData>
	</SchemaData></ExtendedData>
  </Placemark>
  <Placemark>
	<ExtendedData><SchemaData schemaUrl="#Sheet1">
		<SimpleData name="Capa">Patamarca/Calderon/bosque/valle</SimpleData>
		<SimpleData name="Nombre">SM7013-2</SimpleData>
		<SimpleData name="Latitud">-2.920742</SimpleData>
		<SimpleData name="Longitud">-78.974471</SimpleData>
	</SchemaData></ExtendedData>
  </Placemark>
  <Placemark>
	<ExtendedData><SchemaData schemaUrl="#Sheet1">
		<SimpleData name="Capa">Patamarca/Calderon/bosque/valle</SimpleData>
		<SimpleData name="Nombre">SM7013-1</SimpleData>
		<SimpleData name="Latitud">-2.918616</SimpleData>
		<SimpleData name="Longitud">-78.973466</SimpleData>
	</SchemaData></ExtendedData>
  </Placemark>
  <Placemark>
	<ExtendedData><SchemaData schemaUrl="#Sheet1">
		<SimpleData name="Capa">Patamarca/Calderon/bosque/valle</SimpleData>
		<SimpleData name="Nombre">SM7014-8</SimpleData>
		<SimpleData name="Latitud">-2.920665</SimpleData>
		<SimpleData name="Longitud">-78.979964</SimpleData>
	</SchemaData></ExtendedData>
  </Placemark>
  <Placemark>
	<ExtendedData><SchemaData schemaUrl="#Sheet1">
		<SimpleData name="Capa">Patamarca/Calderon/bosque/valle</SimpleData>
		<SimpleData name="Nombre">SM7014-7</SimpleData>
		<SimpleData name="Latitud">-2.919718</SimpleData>
		<SimpleData name="Longitud">-78.979188</SimpleData>
	</SchemaData></ExtendedData>
  </Placemark>
  <Placemark>
	<ExtendedData><SchemaData schemaUrl="#Sheet1">
		<SimpleData name="Capa">Patamarca/Calderon/bosque/valle</SimpleData>
		<SimpleData name="Nombre">SM7014-6</SimpleData>
		<SimpleData name="Latitud">-2.917959</SimpleData>
		<SimpleData name="Longitud">-78.97824</SimpleData>
	</SchemaData></ExtendedData>
  </Placemark>
  <Placemark>
	<ExtendedData><SchemaData schemaUrl="#Sheet1">
		<SimpleData name="Capa">Patamarca/Calderon/bosque/valle</SimpleData>
		<SimpleData name="Nombre">SM7014-5</SimpleData>
		<SimpleData name="Latitud">-2.91873</SimpleData>
		<SimpleData name="Longitud">-78.977691</SimpleData>
	</SchemaData></ExtendedData>
  </Placemark>
  <Placemark>
	<ExtendedData><SchemaData schemaUrl="#Sheet1">
		<SimpleData name="Capa">Patamarca/Calderon/bosque/valle</SimpleData>
		<SimpleData name="Nombre">SM7014-4</SimpleData>
		<SimpleData name="Latitud">-2.91837</SimpleData>
		<SimpleData name="Longitud">-78.97629</SimpleData>
	</SchemaData></ExtendedData>
  </Placemark>
  <Placemark>
	<ExtendedData><SchemaData schemaUrl="#Sheet1">
		<SimpleData name="Capa">Patamarca/Calderon/bosque/valle</SimpleData>
		<SimpleData name="Nombre">SM7014-3</SimpleData>
		<SimpleData name="Latitud">-2.918493</SimpleData>
		<SimpleData name="Longitud">-78.974897</SimpleData>
	</SchemaData></ExtendedData>
  </Placemark>
  <Placemark>
	<ExtendedData><SchemaData schemaUrl="#Sheet1">
		<SimpleData name="Capa">Patamarca/Calderon/bosque/valle</SimpleData>
		<SimpleData name="Nombre">SM7014-2</SimpleData>
		<SimpleData name="Latitud">-2.919316</SimpleData>
		<SimpleData name="Longitud">-78.975914</SimpleData>
	</SchemaData></ExtendedData>
  </Placemark>
  <Placemark>
	<ExtendedData><SchemaData schemaUrl="#Sheet1">
		<SimpleData name="Capa">Patamarca/Calderon/bosque/valle</SimpleData>
		<SimpleData name="Nombre">SM7014-1</SimpleData>
		<SimpleData name="Latitud">-2.920357</SimpleData>
		<SimpleData name="Longitud">-78.975048</SimpleData>
	</SchemaData></ExtendedData>
  </Placemark>
  <Placemark>
	<ExtendedData><SchemaData schemaUrl="#Sheet1">
		<SimpleData name="Capa">Patamarca/Calderon/bosque/valle</SimpleData>
		<SimpleData name="Nombre">SM7015-8</SimpleData>
		<SimpleData name="Latitud">-2.922475</SimpleData>
		<SimpleData name="Longitud">-78.976686</SimpleData>
	</SchemaData></ExtendedData>
  </Placemark>
  <Placemark>
	<ExtendedData><SchemaData schemaUrl="#Sheet1">
		<SimpleData name="Capa">Patamarca/Calderon/bosque/valle</SimpleData>
		<SimpleData name="Nombre">SM7015-7</SimpleData>
		<SimpleData name="Latitud">-2.923265</SimpleData>
		<SimpleData name="Longitud">-78.975984</SimpleData>
	</SchemaData></ExtendedData>
  </Placemark>
  <Placemark>
	<ExtendedData><SchemaData schemaUrl="#Sheet1">
		<SimpleData name="Capa">Patamarca/Calderon/bosque/valle</SimpleData>
		<SimpleData name="Nombre">SM7015-6</SimpleData>
		<SimpleData name="Latitud">-2.92374</SimpleData>
		<SimpleData name="Longitud">-78.976449</SimpleData>
	</SchemaData></ExtendedData>
  </Placemark>
  <Placemark>
	<ExtendedData><SchemaData schemaUrl="#Sheet1">
		<SimpleData name="Capa">Patamarca/Calderon/bosque/valle</SimpleData>
		<SimpleData name="Nombre">SM7015-5</SimpleData>
		<SimpleData name="Latitud">-2.924616</SimpleData>
		<SimpleData name="Longitud">-78.975578</SimpleData>
	</SchemaData></ExtendedData>
  </Placemark>
  <Placemark>
	<ExtendedData><SchemaData schemaUrl="#Sheet1">
		<SimpleData name="Capa">Patamarca/Calderon/bosque/valle</SimpleData>
		<SimpleData name="Nombre">SM7015-4</SimpleData>
		<SimpleData name="Latitud">-2.923813</SimpleData>
		<SimpleData name="Longitud">-78.974648</SimpleData>
	</SchemaData></ExtendedData>
  </Placemark>
  <Placemark>
	<ExtendedData><SchemaData schemaUrl="#Sheet1">
		<SimpleData name="Capa">Patamarca/Calderon/bosque/valle</SimpleData>
		<SimpleData name="Nombre">SM7015-3</SimpleData>
		<SimpleData name="Latitud">-2.92446</SimpleData>
		<SimpleData name="Longitud">-78.974656</SimpleData>
	</SchemaData></ExtendedData>
  </Placemark>
  <Placemark>
	<ExtendedData><SchemaData schemaUrl="#Sheet1">
		<SimpleData name="Capa">Patamarca/Calderon/bosque/valle</SimpleData>
		<SimpleData name="Nombre">SM7015-2</SimpleData>
		<SimpleData name="Latitud">-2.924217</SimpleData>
		<SimpleData name="Longitud">-78.974042</SimpleData>
	</SchemaData></ExtendedData>
  </Placemark>
  <Placemark>
	<ExtendedData><SchemaData schemaUrl="#Sheet1">
		<SimpleData name="Capa">Patamarca/Calderon/bosque/valle</SimpleData>
		<SimpleData name="Nombre">SM7015-1</SimpleData>
		<SimpleData name="Latitud">-2.923976</SimpleData>
		<SimpleData name="Longitud">-78.97385</SimpleData>
	</SchemaData></ExtendedData>
  </Placemark>
  <Placemark>
	<ExtendedData><SchemaData schemaUrl="#Sheet1">
		<SimpleData name="Capa">Patamarca/Calderon/bosque/valle</SimpleData>
		<SimpleData name="Nombre">SM7016-4</SimpleData>
		<SimpleData name="Latitud">-2.923275</SimpleData>
		<SimpleData name="Longitud">-78.965179</SimpleData>
	</SchemaData></ExtendedData>
  </Placemark>
  <Placemark>
	<ExtendedData><SchemaData schemaUrl="#Sheet1">
		<SimpleData name="Capa">Patamarca/Calderon/bosque/valle</SimpleData>
		<SimpleData name="Nombre">SM7016-8</SimpleData>
		<SimpleData name="Latitud">-2.925117</SimpleData>
		<SimpleData name="Longitud">-78.965947</SimpleData>
	</SchemaData></ExtendedData>
  </Placemark>
  <Placemark>
	<ExtendedData><SchemaData schemaUrl="#Sheet1">
		<SimpleData name="Capa">Patamarca/Calderon/bosque/valle</SimpleData>
		<SimpleData name="Nombre">SM7016-3</SimpleData>
		<SimpleData name="Latitud">-2.924568</SimpleData>
		<SimpleData name="Longitud">-78.970162</SimpleData>
	</SchemaData></ExtendedData>
  </Placemark>
  <Placemark>
	<ExtendedData><SchemaData schemaUrl="#Sheet1">
		<SimpleData name="Capa">Patamarca/Calderon/bosque/valle</SimpleData>
		<SimpleData name="Nombre">SM7016-7</SimpleData>
		<SimpleData name="Latitud">-2.925683</SimpleData>
		<SimpleData name="Longitud">-78.96992</SimpleData>
	</SchemaData></ExtendedData>
  </Placemark>
  <Placemark>
	<ExtendedData><SchemaData schemaUrl="#Sheet1">
		<SimpleData name="Capa">Patamarca/Calderon/bosque/valle</SimpleData>
		<SimpleData name="Nombre">SM7016-6</SimpleData>
		<SimpleData name="Latitud">-2.926776</SimpleData>
		<SimpleData name="Longitud">-78.970571</SimpleData>
	</SchemaData></ExtendedData>
  </Placemark>
  <Placemark>
	<ExtendedData><SchemaData schemaUrl="#Sheet1">
		<SimpleData name="Capa">Patamarca/Calderon/bosque/valle</SimpleData>
		<SimpleData name="Nombre">SM7016-5</SimpleData>
		<SimpleData name="Latitud">-2.92545</SimpleData>
		<SimpleData name="Longitud">-78.972198</SimpleData>
	</SchemaData></ExtendedData>
  </Placemark>
  <Placemark>
	<ExtendedData><SchemaData schemaUrl="#Sheet1">
		<SimpleData name="Capa">Patamarca/Calderon/bosque/valle</SimpleData>
		<SimpleData name="Nombre">SM7016-2</SimpleData>
		<SimpleData name="Latitud">-2.924451</SimpleData>
		<SimpleData name="Longitud">-78.972006</SimpleData>
	</SchemaData></ExtendedData>
  </Placemark>
  <Placemark>
	<ExtendedData><SchemaData schemaUrl="#Sheet1">
		<SimpleData name="Capa">Patamarca/Calderon/bosque/valle</SimpleData>
		<SimpleData name="Nombre">SM7016-1</SimpleData>
		<SimpleData name="Latitud">-2.925119</SimpleData>
		<SimpleData name="Longitud">-78.972898</SimpleData>
	</SchemaData></ExtendedData>
  </Placemark>
  <Placemark>
	<ExtendedData><SchemaData schemaUrl="#Sheet1">
		<SimpleData name="Capa">Patamarca/Calderon/bosque/valle</SimpleData>
		<SimpleData name="Nombre">SM7017-8</SimpleData>
		<SimpleData name="Latitud">-2.922377</SimpleData>
		<SimpleData name="Longitud">-78.978501</SimpleData>
	</SchemaData></ExtendedData>
  </Placemark>
  <Placemark>
	<ExtendedData><SchemaData schemaUrl="#Sheet1">
		<SimpleData name="Capa">Patamarca/Calderon/bosque/valle</SimpleData>
		<SimpleData name="Nombre">SM7017-7</SimpleData>
		<SimpleData name="Latitud">-2.923795</SimpleData>
		<SimpleData name="Longitud">-78.97749</SimpleData>
	</SchemaData></ExtendedData>
  </Placemark>
  <Placemark>
	<ExtendedData><SchemaData schemaUrl="#Sheet1">
		<SimpleData name="Capa">Patamarca/Calderon/bosque/valle</SimpleData>
		<SimpleData name="Nombre">SM7017-6</SimpleData>
		<SimpleData name="Latitud">-2.92472</SimpleData>
		<SimpleData name="Longitud">-78.976394</SimpleData>
	</SchemaData></ExtendedData>
  </Placemark>
  <Placemark>
	<ExtendedData><SchemaData schemaUrl="#Sheet1">
		<SimpleData name="Capa">Patamarca/Calderon/bosque/valle</SimpleData>
		<SimpleData name="Nombre">SM7017-5</SimpleData>
		<SimpleData name="Latitud">-2.92522</SimpleData>
		<SimpleData name="Longitud">-78.975538</SimpleData>
	</SchemaData></ExtendedData>
  </Placemark>
  <Placemark>
	<ExtendedData><SchemaData schemaUrl="#Sheet1">
		<SimpleData name="Capa">Patamarca/Calderon/bosque/valle</SimpleData>
		<SimpleData name="Nombre">SM7017-4</SimpleData>
		<SimpleData name="Latitud">-2.926315</SimpleData>
		<SimpleData name="Longitud">-78.972214</SimpleData>
	</SchemaData></ExtendedData>
  </Placemark>
  <Placemark>
	<ExtendedData><SchemaData schemaUrl="#Sheet1">
		<SimpleData name="Capa">Patamarca/Calderon/bosque/valle</SimpleData>
		<SimpleData name="Nombre">SM7017-3</SimpleData>
		<SimpleData name="Latitud">-2.927223</SimpleData>
		<SimpleData name="Longitud">-78.972289</SimpleData>
	</SchemaData></ExtendedData>
  </Placemark>
  <Placemark>
	<ExtendedData><SchemaData schemaUrl="#Sheet1">
		<SimpleData name="Capa">Patamarca/Calderon/bosque/valle</SimpleData>
		<SimpleData name="Nombre">SM7017-2</SimpleData>
		<SimpleData name="Latitud">-2.925401</SimpleData>
		<SimpleData name="Longitud">-78.974242</SimpleData>
	</SchemaData></ExtendedData>
  </Placemark>
  <Placemark>
	<ExtendedData><SchemaData schemaUrl="#Sheet1">
		<SimpleData name="Capa">Patamarca/Calderon/bosque/valle</SimpleData>
		<SimpleData name="Nombre">SM7017-1</SimpleData>
		<SimpleData name="Latitud">-2.926684</SimpleData>
		<SimpleData name="Longitud">-78.973471</SimpleData>
	</SchemaData></ExtendedData>
  </Placemark>
  <Placemark>
	<ExtendedData><SchemaData schemaUrl="#Sheet1">
		<SimpleData name="Capa">Patamarca/Calderon/bosque/valle</SimpleData>
		<SimpleData name="Nombre">SM7018-8</SimpleData>
		<SimpleData name="Latitud">-2.932404</SimpleData>
		<SimpleData name="Longitud">-78.981038</SimpleData>
	</SchemaData></ExtendedData>
  </Placemark>
  <Placemark>
	<ExtendedData><SchemaData schemaUrl="#Sheet1">
		<SimpleData name="Capa">Patamarca/Calderon/bosque/valle</SimpleData>
		<SimpleData name="Nombre">SM7018-7</SimpleData>
		<SimpleData name="Latitud">-2.93024</SimpleData>
		<SimpleData name="Longitud">-78.980004</SimpleData>
	</SchemaData></ExtendedData>
  </Placemark>
  <Placemark>
	<ExtendedData><SchemaData schemaUrl="#Sheet1">
		<SimpleData name="Capa">Patamarca/Calderon/bosque/valle</SimpleData>
		<SimpleData name="Nombre">SM7018-6 cAJALLENA</SimpleData>
		<SimpleData name="Latitud">-2.928993</SimpleData>
		<SimpleData name="Longitud">-78.97921</SimpleData>
	</SchemaData></ExtendedData>
  </Placemark>
  <Placemark>
	<ExtendedData><SchemaData schemaUrl="#Sheet1">
		<SimpleData name="Capa">Patamarca/Calderon/bosque/valle</SimpleData>
		<SimpleData name="Nombre">SM7018-5</SimpleData>
		<SimpleData name="Latitud">-2.92792</SimpleData>
		<SimpleData name="Longitud">-78.978462</SimpleData>
	</SchemaData></ExtendedData>
  </Placemark>
  <Placemark>
	<ExtendedData><SchemaData schemaUrl="#Sheet1">
		<SimpleData name="Capa">Patamarca/Calderon/bosque/valle</SimpleData>
		<SimpleData name="Nombre">SM7018-4</SimpleData>
		<SimpleData name="Latitud">-2.926566</SimpleData>
		<SimpleData name="Longitud">-78.977264</SimpleData>
	</SchemaData></ExtendedData>
  </Placemark>
  <Placemark>
	<ExtendedData><SchemaData schemaUrl="#Sheet1">
		<SimpleData name="Capa">Patamarca/Calderon/bosque/valle</SimpleData>
		<SimpleData name="Nombre">SM7018-3</SimpleData>
		<SimpleData name="Latitud">-2.925501</SimpleData>
		<SimpleData name="Longitud">-78.976076</SimpleData>
	</SchemaData></ExtendedData>
  </Placemark>
  <Placemark>
	<ExtendedData><SchemaData schemaUrl="#Sheet1">
		<SimpleData name="Capa">Patamarca/Calderon/bosque/valle</SimpleData>
		<SimpleData name="Nombre">SM7018-2</SimpleData>
		<SimpleData name="Latitud">-2.925857</SimpleData>
		<SimpleData name="Longitud">-78.975364</SimpleData>
	</SchemaData></ExtendedData>
  </Placemark>
  <Placemark>
	<ExtendedData><SchemaData schemaUrl="#Sheet1">
		<SimpleData name="Capa">Patamarca/Calderon/bosque/valle</SimpleData>
		<SimpleData name="Nombre">SM7018-1</SimpleData>
		<SimpleData name="Latitud">-2.926348</SimpleData>
		<SimpleData name="Longitud">-78.974557</SimpleData>
	</SchemaData></ExtendedData>
  </Placemark>
  <Placemark>
	<ExtendedData><SchemaData schemaUrl="#Sheet1">
		<SimpleData name="Capa">Patamarca/Calderon/bosque/valle</SimpleData>
		<SimpleData name="Nombre">SM7019-8</SimpleData>
		<SimpleData name="Latitud">-2.927052</SimpleData>
		<SimpleData name="Longitud">-78.973874</SimpleData>
	</SchemaData></ExtendedData>
  </Placemark>
  <Placemark>
	<ExtendedData><SchemaData schemaUrl="#Sheet1">
		<SimpleData name="Capa">Patamarca/Calderon/bosque/valle</SimpleData>
		<SimpleData name="Nombre">SM7019-7</SimpleData>
		<SimpleData name="Latitud">-2.928288</SimpleData>
		<SimpleData name="Longitud">-78.974198</SimpleData>
	</SchemaData></ExtendedData>
  </Placemark>
  <Placemark>
	<ExtendedData><SchemaData schemaUrl="#Sheet1">
		<SimpleData name="Capa">Patamarca/Calderon/bosque/valle</SimpleData>
		<SimpleData name="Nombre">SM7019-6</SimpleData>
		<SimpleData name="Latitud">-2.927782</SimpleData>
		<SimpleData name="Longitud">-78.972048</SimpleData>
	</SchemaData></ExtendedData>
  </Placemark>
  <Placemark>
	<ExtendedData><SchemaData schemaUrl="#Sheet1">
		<SimpleData name="Capa">Patamarca/Calderon/bosque/valle</SimpleData>
		<SimpleData name="Nombre">SM7019-5</SimpleData>
		<SimpleData name="Latitud">-2.929522</SimpleData>
		<SimpleData name="Longitud">-78.973091</SimpleData>
	</SchemaData></ExtendedData>
  </Placemark>
  <Placemark>
	<ExtendedData><SchemaData schemaUrl="#Sheet1">
		<SimpleData name="Capa">Patamarca/Calderon/bosque/valle</SimpleData>
		<SimpleData name="Nombre">SM7019-4</SimpleData>
		<SimpleData name="Latitud">-2.929946</SimpleData>
		<SimpleData name="Longitud">-78.97237</SimpleData>
	</SchemaData></ExtendedData>
  </Placemark>
  <Placemark>
	<ExtendedData><SchemaData schemaUrl="#Sheet1">
		<SimpleData name="Capa">Patamarca/Calderon/bosque/valle</SimpleData>
		<SimpleData name="Nombre">SM7019-3</SimpleData>
		<SimpleData name="Latitud">-2.927703</SimpleData>
		<SimpleData name="Longitud">-78.970953</SimpleData>
	</SchemaData></ExtendedData>
  </Placemark>
  <Placemark>
	<ExtendedData><SchemaData schemaUrl="#Sheet1">
		<SimpleData name="Capa">Patamarca/Calderon/bosque/valle</SimpleData>
		<SimpleData name="Nombre">SM7019-2</SimpleData>
		<SimpleData name="Latitud">-2.929404</SimpleData>
		<SimpleData name="Longitud">-78.971593</SimpleData>
	</SchemaData></ExtendedData>
  </Placemark>
  <Placemark>
	<ExtendedData><SchemaData schemaUrl="#Sheet1">
		<SimpleData name="Capa">Patamarca/Calderon/bosque/valle</SimpleData>
		<SimpleData name="Nombre">SM7019-1</SimpleData>
		<SimpleData name="Latitud">-2.928375</SimpleData>
		<SimpleData name="Longitud">-78.971603</SimpleData>
	</SchemaData></ExtendedData>
  </Placemark>
  <Placemark>
	<ExtendedData><SchemaData schemaUrl="#Sheet1">
		<SimpleData name="Capa">Patamarca/Calderon/bosque/valle</SimpleData>
		<SimpleData name="Nombre">SM7020-8</SimpleData>
		<SimpleData name="Latitud">-2.933665</SimpleData>
		<SimpleData name="Longitud">-78.968205</SimpleData>
	</SchemaData></ExtendedData>
  </Placemark>
  <Placemark>
	<ExtendedData><SchemaData schemaUrl="#Sheet1">
		<SimpleData name="Capa">Patamarca/Calderon/bosque/valle</SimpleData>
		<SimpleData name="Nombre">SM7020-7</SimpleData>
		<SimpleData name="Latitud">-2.932593</SimpleData>
		<SimpleData name="Longitud">-78.968102</SimpleData>
	</SchemaData></ExtendedData>
  </Placemark>
  <Placemark>
	<ExtendedData><SchemaData schemaUrl="#Sheet1">
		<SimpleData name="Capa">Patamarca/Calderon/bosque/valle</SimpleData>
		<SimpleData name="Nombre">SM7020-6</SimpleData>
		<SimpleData name="Latitud">-2.931607</SimpleData>
		<SimpleData name="Longitud">-78.967326</SimpleData>
	</SchemaData></ExtendedData>
  </Placemark>
  <Placemark>
	<ExtendedData><SchemaData schemaUrl="#Sheet1">
		<SimpleData name="Capa">Patamarca/Calderon/bosque/valle</SimpleData>
		<SimpleData name="Nombre">SM7020-5</SimpleData>
		<SimpleData name="Latitud">-2.931083</SimpleData>
		<SimpleData name="Longitud">-78.965886</SimpleData>
	</SchemaData></ExtendedData>
  </Placemark>
  <Placemark>
	<ExtendedData><SchemaData schemaUrl="#Sheet1">
		<SimpleData name="Capa">Patamarca/Calderon/bosque/valle</SimpleData>
		<SimpleData name="Nombre">SM7020-4</SimpleData>
		<SimpleData name="Latitud">-2.929421</SimpleData>
		<SimpleData name="Longitud">-78.965361</SimpleData>
	</SchemaData></ExtendedData>
  </Placemark>
  <Placemark>
	<ExtendedData><SchemaData schemaUrl="#Sheet1">
		<SimpleData name="Capa">Patamarca/Calderon/bosque/valle</SimpleData>
		<SimpleData name="Nombre">SM7020-3</SimpleData>
		<SimpleData name="Latitud">-2.930108</SimpleData>
		<SimpleData name="Longitud">-78.965993</SimpleData>
	</SchemaData></ExtendedData>
  </Placemark>
  <Placemark>
	<ExtendedData><SchemaData schemaUrl="#Sheet1">
		<SimpleData name="Capa">Patamarca/Calderon/bosque/valle</SimpleData>
		<SimpleData name="Nombre">SM7020-2</SimpleData>
		<SimpleData name="Latitud">-2.930904</SimpleData>
		<SimpleData name="Longitud">-78.968393</SimpleData>
	</SchemaData></ExtendedData>
  </Placemark>
  <Placemark>
	<ExtendedData><SchemaData schemaUrl="#Sheet1">
		<SimpleData name="Capa">Patamarca/Calderon/bosque/valle</SimpleData>
		<SimpleData name="Nombre">SM7020-1</SimpleData>
		<SimpleData name="Latitud">-2.929931</SimpleData>
		<SimpleData name="Longitud">-78.969825</SimpleData>
	</SchemaData></ExtendedData>
  </Placemark>
  <Placemark>
	<ExtendedData><SchemaData schemaUrl="#Sheet1">
		<SimpleData name="Capa">Patamarca/Calderon/bosque/valle</SimpleData>
		<SimpleData name="Nombre">SM7025-8</SimpleData>
		<SimpleData name="Latitud">-2.930193</SimpleData>
		<SimpleData name="Longitud">-78.970659</SimpleData>
	</SchemaData></ExtendedData>
  </Placemark>
  <Placemark>
	<ExtendedData><SchemaData schemaUrl="#Sheet1">
		<SimpleData name="Capa">Patamarca/Calderon/bosque/valle</SimpleData>
		<SimpleData name="Nombre">SM7025-7</SimpleData>
		<SimpleData name="Latitud">-2.930828</SimpleData>
		<SimpleData name="Longitud">-78.972127</SimpleData>
	</SchemaData></ExtendedData>
  </Placemark>
  <Placemark>
	<ExtendedData><SchemaData schemaUrl="#Sheet1">
		<SimpleData name="Capa">Patamarca/Calderon/bosque/valle</SimpleData>
		<SimpleData name="Nombre">SM7025-6</SimpleData>
		<SimpleData name="Latitud">-2.932861</SimpleData>
		<SimpleData name="Longitud">-78.973146</SimpleData>
	</SchemaData></ExtendedData>
  </Placemark>
  <Placemark>
	<ExtendedData><SchemaData schemaUrl="#Sheet1">
		<SimpleData name="Capa">Patamarca/Calderon/bosque/valle</SimpleData>
		<SimpleData name="Nombre">SM7025-5</SimpleData>
		<SimpleData name="Latitud">-2.934031</SimpleData>
		<SimpleData name="Longitud">-78.971393</SimpleData>
	</SchemaData></ExtendedData>
  </Placemark>
  <Placemark>
	<ExtendedData><SchemaData schemaUrl="#Sheet1">
		<SimpleData name="Capa">Patamarca/Calderon/bosque/valle</SimpleData>
		<SimpleData name="Nombre">SM7025-4</SimpleData>
		<SimpleData name="Latitud">-2.931849</SimpleData>
		<SimpleData name="Longitud">-78.97147</SimpleData>
	</SchemaData></ExtendedData>
  </Placemark>
  <Placemark>
	<ExtendedData><SchemaData schemaUrl="#Sheet1">
		<SimpleData name="Capa">Patamarca/Calderon/bosque/valle</SimpleData>
		<SimpleData name="Nombre">SM7025-3</SimpleData>
		<SimpleData name="Latitud">-2.931955</SimpleData>
		<SimpleData name="Longitud">-78.971823</SimpleData>
	</SchemaData></ExtendedData>
  </Placemark>
  <Placemark>
	<ExtendedData><SchemaData schemaUrl="#Sheet1">
		<SimpleData name="Capa">Patamarca/Calderon/bosque/valle</SimpleData>
		<SimpleData name="Nombre">SM7025-2</SimpleData>
		<SimpleData name="Latitud">-2.932766</SimpleData>
		<SimpleData name="Longitud">-78.971724</SimpleData>
	</SchemaData></ExtendedData>
  </Placemark>
  <Placemark>
	<ExtendedData><SchemaData schemaUrl="#Sheet1">
		<SimpleData name="Capa">Patamarca/Calderon/bosque/valle</SimpleData>
		<SimpleData name="Nombre">SM7026-8</SimpleData>
		<SimpleData name="Latitud">-2.944668</SimpleData>
		<SimpleData name="Longitud">-78.976299</SimpleData>
	</SchemaData></ExtendedData>
  </Placemark>
  <Placemark>
	<ExtendedData><SchemaData schemaUrl="#Sheet1">
		<SimpleData name="Capa">Patamarca/Calderon/bosque/valle</SimpleData>
		<SimpleData name="Nombre">SM7026-7</SimpleData>
		<SimpleData name="Latitud">-2.948907</SimpleData>
		<SimpleData name="Longitud">-78.970802</SimpleData>
	</SchemaData></ExtendedData>
  </Placemark>
  <Placemark>
	<ExtendedData><SchemaData schemaUrl="#Sheet1">
		<SimpleData name="Capa">Patamarca/Calderon/bosque/valle</SimpleData>
		<SimpleData name="Nombre">SM7026-6</SimpleData>
		<SimpleData name="Latitud">-2.942155</SimpleData>
		<SimpleData name="Longitud">-78.972461</SimpleData>
	</SchemaData></ExtendedData>
  </Placemark>
  <Placemark>
	<ExtendedData><SchemaData schemaUrl="#Sheet1">
		<SimpleData name="Capa">Patamarca/Calderon/bosque/valle</SimpleData>
		<SimpleData name="Nombre">SM7026-5</SimpleData>
		<SimpleData name="Latitud">-2.939869</SimpleData>
		<SimpleData name="Longitud">-78.972281</SimpleData>
	</SchemaData></ExtendedData>
  </Placemark>
  <Placemark>
	<ExtendedData><SchemaData schemaUrl="#Sheet1">
		<SimpleData name="Capa">Patamarca/Calderon/bosque/valle</SimpleData>
		<SimpleData name="Nombre">SM7026-4</SimpleData>
		<SimpleData name="Latitud">-2.936339</SimpleData>
		<SimpleData name="Longitud">-78.974157</SimpleData>
	</SchemaData></ExtendedData>
  </Placemark>
  <Placemark>
	<ExtendedData><SchemaData schemaUrl="#Sheet1">
		<SimpleData name="Capa">Patamarca/Calderon/bosque/valle</SimpleData>
		<SimpleData name="Nombre">SM7026-3</SimpleData>
		<SimpleData name="Latitud">-2.929269</SimpleData>
		<SimpleData name="Longitud">-78.976038</SimpleData>
	</SchemaData></ExtendedData>
  </Placemark>
  <Placemark>
	<ExtendedData><SchemaData schemaUrl="#Sheet1">
		<SimpleData name="Capa">Patamarca/Calderon/bosque/valle</SimpleData>
		<SimpleData name="Nombre">SM7026-2</SimpleData>
		<SimpleData name="Latitud">-2.930916</SimpleData>
		<SimpleData name="Longitud">-78.975209</SimpleData>
	</SchemaData></ExtendedData>
  </Placemark>
  <Placemark>
	<ExtendedData><SchemaData schemaUrl="#Sheet1">
		<SimpleData name="Capa">Patamarca/Calderon/bosque/valle</SimpleData>
		<SimpleData name="Nombre">SM7026-1</SimpleData>
		<SimpleData name="Latitud">-2.933315</SimpleData>
		<SimpleData name="Longitud">-78.974726</SimpleData>
	</SchemaData></ExtendedData>
  </Placemark>
  <Placemark>
	<ExtendedData><SchemaData schemaUrl="#Sheet1">
		<SimpleData name="Capa">Patamarca/Calderon/bosque/valle</SimpleData>
		<SimpleData name="Nombre">SM7027-8</SimpleData>
		<SimpleData name="Latitud">-2.938125</SimpleData>
		<SimpleData name="Longitud">-78.980603</SimpleData>
	</SchemaData></ExtendedData>
  </Placemark>
  <Placemark>
	<ExtendedData><SchemaData schemaUrl="#Sheet1">
		<SimpleData name="Capa">Patamarca/Calderon/bosque/valle</SimpleData>
		<SimpleData name="Nombre">SM7027-7</SimpleData>
		<SimpleData name="Latitud">-2.937016</SimpleData>
		<SimpleData name="Longitud">-78.97987</SimpleData>
	</SchemaData></ExtendedData>
  </Placemark>
  <Placemark>
	<ExtendedData><SchemaData schemaUrl="#Sheet1">
		<SimpleData name="Capa">Patamarca/Calderon/bosque/valle</SimpleData>
		<SimpleData name="Nombre">SM7027-6</SimpleData>
		<SimpleData name="Latitud">-2.937473</SimpleData>
		<SimpleData name="Longitud">-78.977463</SimpleData>
	</SchemaData></ExtendedData>
  </Placemark>
  <Placemark>
	<ExtendedData><SchemaData schemaUrl="#Sheet1">
		<SimpleData name="Capa">Patamarca/Calderon/bosque/valle</SimpleData>
		<SimpleData name="Nombre">SM7027-5</SimpleData>
		<SimpleData name="Latitud">-2.935669</SimpleData>
		<SimpleData name="Longitud">-78.978863</SimpleData>
	</SchemaData></ExtendedData>
  </Placemark>
  <Placemark>
	<ExtendedData><SchemaData schemaUrl="#Sheet1">
		<SimpleData name="Capa">Patamarca/Calderon/bosque/valle</SimpleData>
		<SimpleData name="Nombre">SM7027-4</SimpleData>
		<SimpleData name="Latitud">-2.936308</SimpleData>
		<SimpleData name="Longitud">-78.978586</SimpleData>
	</SchemaData></ExtendedData>
  </Placemark>
  <Placemark>
	<ExtendedData><SchemaData schemaUrl="#Sheet1">
		<SimpleData name="Capa">Patamarca/Calderon/bosque/valle</SimpleData>
		<SimpleData name="Nombre">SM7027-3</SimpleData>
		<SimpleData name="Latitud">-2.935701</SimpleData>
		<SimpleData name="Longitud">-78.978017</SimpleData>
	</SchemaData></ExtendedData>
  </Placemark>
  <Placemark>
	<ExtendedData><SchemaData schemaUrl="#Sheet1">
		<SimpleData name="Capa">Patamarca/Calderon/bosque/valle</SimpleData>
		<SimpleData name="Nombre">SM7027-2</SimpleData>
		<SimpleData name="Latitud">-2.935225</SimpleData>
		<SimpleData name="Longitud">-78.977467</SimpleData>
	</SchemaData></ExtendedData>
  </Placemark>
  <Placemark>
	<ExtendedData><SchemaData schemaUrl="#Sheet1">
		<SimpleData name="Capa">Patamarca/Calderon/bosque/valle</SimpleData>
		<SimpleData name="Nombre">SM7027-1</SimpleData>
		<SimpleData name="Latitud">-2.93408</SimpleData>
		<SimpleData name="Longitud">-78.977436</SimpleData>
	</SchemaData></ExtendedData>
  </Placemark>
  <Placemark>
	<ExtendedData><SchemaData schemaUrl="#Sheet1">
		<SimpleData name="Capa">Patamarca/Calderon/bosque/valle</SimpleData>
		<SimpleData name="Nombre">SM7028-8</SimpleData>
		<SimpleData name="Latitud">-2.942682</SimpleData>
		<SimpleData name="Longitud">-78.984911</SimpleData>
	</SchemaData></ExtendedData>
  </Placemark>
  <Placemark>
	<ExtendedData><SchemaData schemaUrl="#Sheet1">
		<SimpleData name="Capa">Patamarca/Calderon/bosque/valle</SimpleData>
		<SimpleData name="Nombre">SM7028-7</SimpleData>
		<SimpleData name="Latitud">-2.941453</SimpleData>
		<SimpleData name="Longitud">-78.983391</SimpleData>
	</SchemaData></ExtendedData>
  </Placemark>
  <Placemark>
	<ExtendedData><SchemaData schemaUrl="#Sheet1">
		<SimpleData name="Capa">Patamarca/Calderon/bosque/valle</SimpleData>
		<SimpleData name="Nombre">SM7028-6</SimpleData>
		<SimpleData name="Latitud">-2.940635</SimpleData>
		<SimpleData name="Longitud">-78.982855</SimpleData>
	</SchemaData></ExtendedData>
  </Placemark>
  <Placemark>
	<ExtendedData><SchemaData schemaUrl="#Sheet1">
		<SimpleData name="Capa">Patamarca/Calderon/bosque/valle</SimpleData>
		<SimpleData name="Nombre">SM7028-5</SimpleData>
		<SimpleData name="Latitud">-2.936596</SimpleData>
		<SimpleData name="Longitud">-78.985217</SimpleData>
	</SchemaData></ExtendedData>
  </Placemark>
  <Placemark>
	<ExtendedData><SchemaData schemaUrl="#Sheet1">
		<SimpleData name="Capa">Patamarca/Calderon/bosque/valle</SimpleData>
		<SimpleData name="Nombre">SM7028-4</SimpleData>
		<SimpleData name="Latitud">-2.938144</SimpleData>
		<SimpleData name="Longitud">-78.984374</SimpleData>
	</SchemaData></ExtendedData>
  </Placemark>
  <Placemark>
	<ExtendedData><SchemaData schemaUrl="#Sheet1">
		<SimpleData name="Capa">Patamarca/Calderon/bosque/valle</SimpleData>
		<SimpleData name="Nombre">SM7028-3</SimpleData>
		<SimpleData name="Latitud">-2.938749</SimpleData>
		<SimpleData name="Longitud">-78.983134</SimpleData>
	</SchemaData></ExtendedData>
  </Placemark>
  <Placemark>
	<ExtendedData><SchemaData schemaUrl="#Sheet1">
		<SimpleData name="Capa">Patamarca/Calderon/bosque/valle</SimpleData>
		<SimpleData name="Nombre">SM7028-2</SimpleData>
		<SimpleData name="Latitud">-2.942529</SimpleData>
		<SimpleData name="Longitud">-78.98012</SimpleData>
	</SchemaData></ExtendedData>
  </Placemark>
  <Placemark>
	<ExtendedData><SchemaData schemaUrl="#Sheet1">
		<SimpleData name="Capa">Patamarca/Calderon/bosque/valle</SimpleData>
		<SimpleData name="Nombre">SM7028-1</SimpleData>
		<SimpleData name="Latitud">-2.938772</SimpleData>
		<SimpleData name="Longitud">-78.981613</SimpleData>
	</SchemaData></ExtendedData>
  </Placemark>
  <Placemark>
	<ExtendedData><SchemaData schemaUrl="#Sheet1">
		<SimpleData name="Capa">Patamarca/Calderon/bosque/valle</SimpleData>
		<SimpleData name="Nombre">SM7038-1</SimpleData>
		<SimpleData name="Latitud">-2.911048</SimpleData>
		<SimpleData name="Longitud">-78.966561</SimpleData>
	</SchemaData></ExtendedData>
  </Placemark>
  <Placemark>
	<ExtendedData><SchemaData schemaUrl="#Sheet1">
		<SimpleData name="Capa">Patamarca/Calderon/bosque/valle</SimpleData>
		<SimpleData name="Nombre">SM7038-2</SimpleData>
		<SimpleData name="Latitud">-2.90928</SimpleData>
		<SimpleData name="Longitud">-78.96573</SimpleData>
	</SchemaData></ExtendedData>
  </Placemark>
  <Placemark>
	<ExtendedData><SchemaData schemaUrl="#Sheet1">
		<SimpleData name="Capa">Patamarca/Calderon/bosque/valle</SimpleData>
		<SimpleData name="Nombre">SM7038-3</SimpleData>
		<SimpleData name="Latitud">-2.910817</SimpleData>
		<SimpleData name="Longitud">-78.969135</SimpleData>
	</SchemaData></ExtendedData>
  </Placemark>
  <Placemark>
	<ExtendedData><SchemaData schemaUrl="#Sheet1">
		<SimpleData name="Capa">Patamarca/Calderon/bosque/valle</SimpleData>
		<SimpleData name="Nombre">SM7038-4</SimpleData>
		<SimpleData name="Latitud">-2.909237</SimpleData>
		<SimpleData name="Longitud">-78.969776</SimpleData>
	</SchemaData></ExtendedData>
  </Placemark>
  <Placemark>
	<ExtendedData><SchemaData schemaUrl="#Sheet1">
		<SimpleData name="Capa">Patamarca/Calderon/bosque/valle</SimpleData>
		<SimpleData name="Nombre">SM7038-5</SimpleData>
		<SimpleData name="Latitud">-2.911696</SimpleData>
		<SimpleData name="Longitud">-78.970203</SimpleData>
	</SchemaData></ExtendedData>
  </Placemark>
  <Placemark>
	<ExtendedData><SchemaData schemaUrl="#Sheet1">
		<SimpleData name="Capa">Patamarca/Calderon/bosque/valle</SimpleData>
		<SimpleData name="Nombre">SM7038-6</SimpleData>
		<SimpleData name="Latitud">-2.91135</SimpleData>
		<SimpleData name="Longitud">-78.971776</SimpleData>
	</SchemaData></ExtendedData>
  </Placemark>
  <Placemark>
	<ExtendedData><SchemaData schemaUrl="#Sheet1">
		<SimpleData name="Capa">Patamarca/Calderon/bosque/valle</SimpleData>
		<SimpleData name="Nombre">SM7038-7</SimpleData>
		<SimpleData name="Latitud">-2.912845</SimpleData>
		<SimpleData name="Longitud">-78.97364</SimpleData>
	</SchemaData></ExtendedData>
  </Placemark>
  <Placemark>
	<ExtendedData><SchemaData schemaUrl="#Sheet1">
		<SimpleData name="Capa">Patamarca/Calderon/bosque/valle</SimpleData>
		<SimpleData name="Nombre">SM7038-8</SimpleData>
		<SimpleData name="Latitud">-2.914445</SimpleData>
		<SimpleData name="Longitud">-78.974398</SimpleData>
	</SchemaData></ExtendedData>
  </Placemark>
  <Placemark>
	<ExtendedData><SchemaData schemaUrl="#Sheet1">
		<SimpleData name="Capa">Patamarca/Calderon/bosque/valle</SimpleData>
		<SimpleData name="Nombre">SM7039-1</SimpleData>
		<SimpleData name="Latitud">-2.91355</SimpleData>
		<SimpleData name="Longitud">-78.967209</SimpleData>
	</SchemaData></ExtendedData>
  </Placemark>
  <Placemark>
	<ExtendedData><SchemaData schemaUrl="#Sheet1">
		<SimpleData name="Capa">Patamarca/Calderon/bosque/valle</SimpleData>
		<SimpleData name="Nombre">SM7039-3 caja llena</SimpleData>
		<SimpleData name="Latitud">-2.914249</SimpleData>
		<SimpleData name="Longitud">-78.965075</SimpleData>
	</SchemaData></ExtendedData>
  </Placemark>
  <Placemark>
	<ExtendedData><SchemaData schemaUrl="#Sheet1">
		<SimpleData name="Capa">Patamarca/Calderon/bosque/valle</SimpleData>
		<SimpleData name="Nombre">SM7039-2</SimpleData>
		<SimpleData name="Latitud">-2.915617</SimpleData>
		<SimpleData name="Longitud">-78.96519</SimpleData>
	</SchemaData></ExtendedData>
  </Placemark>
  <Placemark>
	<ExtendedData><SchemaData schemaUrl="#Sheet1">
		<SimpleData name="Capa">Patamarca/Calderon/bosque/valle</SimpleData>
		<SimpleData name="Nombre">SM7039-4</SimpleData>
		<SimpleData name="Latitud">-2.913723</SimpleData>
		<SimpleData name="Longitud">-78.969408</SimpleData>
	</SchemaData></ExtendedData>
  </Placemark>
  <Placemark>
	<ExtendedData><SchemaData schemaUrl="#Sheet1">
		<SimpleData name="Capa">Patamarca/Calderon/bosque/valle</SimpleData>
		<SimpleData name="Nombre">SM7039-5</SimpleData>
		<SimpleData name="Latitud">-2.916933</SimpleData>
		<SimpleData name="Longitud">-78.967773</SimpleData>
	</SchemaData></ExtendedData>
  </Placemark>
  <Placemark>
	<ExtendedData><SchemaData schemaUrl="#Sheet1">
		<SimpleData name="Capa">Patamarca/Calderon/bosque/valle</SimpleData>
		<SimpleData name="Nombre">SM7039-6 1/16</SimpleData>
		<SimpleData name="Latitud">-2.918166</SimpleData>
		<SimpleData name="Longitud">-78.968504</SimpleData>
	</SchemaData></ExtendedData>
  </Placemark>
  <Placemark>
	<ExtendedData><SchemaData schemaUrl="#Sheet1">
		<SimpleData name="Capa">Patamarca/Calderon/bosque/valle</SimpleData>
		<SimpleData name="Nombre">SM7039-7</SimpleData>
		<SimpleData name="Latitud">-2.919507</SimpleData>
		<SimpleData name="Longitud">-78.969716</SimpleData>
	</SchemaData></ExtendedData>
  </Placemark>
  <Placemark>
	<ExtendedData><SchemaData schemaUrl="#Sheet1">
		<SimpleData name="Capa">Patamarca/Calderon/bosque/valle</SimpleData>
		<SimpleData name="Nombre">SM7039-8</SimpleData>
		<SimpleData name="Latitud">-2.920612</SimpleData>
		<SimpleData name="Longitud">-78.970548</SimpleData>
	</SchemaData></ExtendedData>
  </Placemark>
  <Placemark>
	<ExtendedData><SchemaData schemaUrl="#Sheet1">
		<SimpleData name="Capa">Patamarca/Calderon/bosque/valle</SimpleData>
		<SimpleData name="Nombre">SM7040-1</SimpleData>
		<SimpleData name="Latitud">-2.9048874</SimpleData>
		<SimpleData name="Longitud">-78.9626111</SimpleData>
	</SchemaData></ExtendedData>
  </Placemark>
  <Placemark>
	<ExtendedData><SchemaData schemaUrl="#Sheet1">
		<SimpleData name="Capa">Patamarca/Calderon/bosque/valle</SimpleData>
		<SimpleData name="Nombre">SM7040-2</SimpleData>
		<SimpleData name="Latitud">-2.906266</SimpleData>
		<SimpleData name="Longitud">-78.963385</SimpleData>
	</SchemaData></ExtendedData>
  </Placemark>
  <Placemark>
	<ExtendedData><SchemaData schemaUrl="#Sheet1">
		<SimpleData name="Capa">Patamarca/Calderon/bosque/valle</SimpleData>
		<SimpleData name="Nombre">SM7040-3</SimpleData>
		<SimpleData name="Latitud">-2.903816</SimpleData>
		<SimpleData name="Longitud">-78.961716</SimpleData>
	</SchemaData></ExtendedData>
  </Placemark>
  <Placemark>
	<ExtendedData><SchemaData schemaUrl="#Sheet1">
		<SimpleData name="Capa">Patamarca/Calderon/bosque/valle</SimpleData>
		<SimpleData name="Nombre">SM7040-4</SimpleData>
		<SimpleData name="Latitud">-2.903504</SimpleData>
		<SimpleData name="Longitud">-78.960524</SimpleData>
	</SchemaData></ExtendedData>
  </Placemark>
  <Placemark>
	<ExtendedData><SchemaData schemaUrl="#Sheet1">
		<SimpleData name="Capa">Patamarca/Calderon/bosque/valle</SimpleData>
		<SimpleData name="Nombre">SM7040-5</SimpleData>
		<SimpleData name="Latitud">-2.90389</SimpleData>
		<SimpleData name="Longitud">-78.95908</SimpleData>
	</SchemaData></ExtendedData>
  </Placemark>
  <Placemark>
	<ExtendedData><SchemaData schemaUrl="#Sheet1">
		<SimpleData name="Capa">Patamarca/Calderon/bosque/valle</SimpleData>
		<SimpleData name="Nombre">SM70406</SimpleData>
		<SimpleData name="Latitud">-2.90508</SimpleData>
		<SimpleData name="Longitud">-78.95764</SimpleData>
	</SchemaData></ExtendedData>
  </Placemark>
  <Placemark>
	<ExtendedData><SchemaData schemaUrl="#Sheet1">
		<SimpleData name="Capa">Patamarca/Calderon/bosque/valle</SimpleData>
		<SimpleData name="Nombre">SM7040-8</SimpleData>
		<SimpleData name="Latitud">-2.90612</SimpleData>
		<SimpleData name="Longitud">-78.954048</SimpleData>
	</SchemaData></ExtendedData>
  </Placemark>
  <Placemark>
	<ExtendedData><SchemaData schemaUrl="#Sheet1">
		<SimpleData name="Capa">Patamarca/Calderon/bosque/valle</SimpleData>
		<SimpleData name="Nombre">SM7040-7</SimpleData>
		<SimpleData name="Latitud">-2.903389</SimpleData>
		<SimpleData name="Longitud">-78.956101</SimpleData>
	</SchemaData></ExtendedData>
  </Placemark>
  <Placemark>
	<ExtendedData><SchemaData schemaUrl="#Sheet1">
		<SimpleData name="Capa">Patamarca/Calderon/bosque/valle</SimpleData>
		<SimpleData name="Nombre">SM7048-1</SimpleData>
		<SimpleData name="Latitud">-2.910492</SimpleData>
		<SimpleData name="Longitud">-78.956036</SimpleData>
	</SchemaData></ExtendedData>
  </Placemark>
  <Placemark>
	<ExtendedData><SchemaData schemaUrl="#Sheet1">
		<SimpleData name="Capa">Patamarca/Calderon/bosque/valle</SimpleData>
		<SimpleData name="Nombre">SM7048-3</SimpleData>
		<SimpleData name="Latitud">-2.908186</SimpleData>
		<SimpleData name="Longitud">-78.958636</SimpleData>
	</SchemaData></ExtendedData>
  </Placemark>
  <Placemark>
	<ExtendedData><SchemaData schemaUrl="#Sheet1">
		<SimpleData name="Capa">Patamarca/Calderon/bosque/valle</SimpleData>
		<SimpleData name="Nombre">SM7048-2</SimpleData>
		<SimpleData name="Latitud">-2.909783</SimpleData>
		<SimpleData name="Longitud">-78.956697</SimpleData>
	</SchemaData></ExtendedData>
  </Placemark>
  <Placemark>
	<ExtendedData><SchemaData schemaUrl="#Sheet1">
		<SimpleData name="Capa">Patamarca/Calderon/bosque/valle</SimpleData>
		<SimpleData name="Nombre">SM7047-1</SimpleData>
		<SimpleData name="Latitud">-2.917955</SimpleData>
		<SimpleData name="Longitud">-78.950287</SimpleData>
	</SchemaData></ExtendedData>
  </Placemark>
  <Placemark>
	<ExtendedData><SchemaData schemaUrl="#Sheet1">
		<SimpleData name="Capa">Patamarca/Calderon/bosque/valle</SimpleData>
		<SimpleData name="Nombre">SM7047-2</SimpleData>
		<SimpleData name="Latitud">-2.918303</SimpleData>
		<SimpleData name="Longitud">-78.949738</SimpleData>
	</SchemaData></ExtendedData>
  </Placemark>
  <Placemark>
	<ExtendedData><SchemaData schemaUrl="#Sheet1">
		<SimpleData name="Capa">Patamarca/Calderon/bosque/valle</SimpleData>
		<SimpleData name="Nombre">SM7047-4</SimpleData>
		<SimpleData name="Latitud">-2.918752</SimpleData>
		<SimpleData name="Longitud">-78.950866</SimpleData>
	</SchemaData></ExtendedData>
  </Placemark>
  <Placemark>
	<ExtendedData><SchemaData schemaUrl="#Sheet1">
		<SimpleData name="Capa">Patamarca/Calderon/bosque/valle</SimpleData>
		<SimpleData name="Nombre">MarcaSM7047-3</SimpleData>
		<SimpleData name="Latitud">-2.918736</SimpleData>
		<SimpleData name="Longitud">-78.951308</SimpleData>
	</SchemaData></ExtendedData>
  </Placemark>
  <Placemark>
	<ExtendedData><SchemaData schemaUrl="#Sheet1">
		<SimpleData name="Capa">Patamarca/Calderon/bosque/valle</SimpleData>
		<SimpleData name="Nombre">SM7006-1</SimpleData>
		<SimpleData name="Latitud">-2.908331</SimpleData>
		<SimpleData name="Longitud">-78.95186</SimpleData>
	</SchemaData></ExtendedData>
  </Placemark>
  <Placemark>
	<ExtendedData><SchemaData schemaUrl="#Sheet1">
		<SimpleData name="Capa">Patamarca/Calderon/bosque/valle</SimpleData>
		<SimpleData name="Nombre">SM7006-2</SimpleData>
		<SimpleData name="Latitud">-2.909406</SimpleData>
		<SimpleData name="Longitud">-78.949353</SimpleData>
	</SchemaData></ExtendedData>
  </Placemark>
  <Placemark>
	<ExtendedData><SchemaData schemaUrl="#Sheet1">
		<SimpleData name="Capa">Patamarca/Calderon/bosque/valle</SimpleData>
		<SimpleData name="Nombre">SM7006-3</SimpleData>
		<SimpleData name="Latitud">-2.906686</SimpleData>
		<SimpleData name="Longitud">-78.948013</SimpleData>
	</SchemaData></ExtendedData>
  </Placemark>
  <Placemark>
	<ExtendedData><SchemaData schemaUrl="#Sheet1">
		<SimpleData name="Capa">Patamarca/Calderon/bosque/valle</SimpleData>
		<SimpleData name="Nombre">SM7006-4</SimpleData>
		<SimpleData name="Latitud">-2.905304</SimpleData>
		<SimpleData name="Longitud">-78.947019</SimpleData>
	</SchemaData></ExtendedData>
  </Placemark>
  <Placemark>
	<ExtendedData><SchemaData schemaUrl="#Sheet1">
		<SimpleData name="Capa">Patamarca/Calderon/bosque/valle</SimpleData>
		<SimpleData name="Nombre">SM7006-5</SimpleData>
		<SimpleData name="Latitud">-2.9066573</SimpleData>
		<SimpleData name="Longitud">-78.9512671</SimpleData>
	</SchemaData></ExtendedData>
  </Placemark>
  <Placemark>
	<ExtendedData><SchemaData schemaUrl="#Sheet1">
		<SimpleData name="Capa">Patamarca/Calderon/bosque/valle</SimpleData>
		<SimpleData name="Nombre">SM7006-6</SimpleData>
		<SimpleData name="Latitud">-2.906324</SimpleData>
		<SimpleData name="Longitud">-78.953325</SimpleData>
	</SchemaData></ExtendedData>
  </Placemark>
  <Placemark>
	<ExtendedData><SchemaData schemaUrl="#Sheet1">
		<SimpleData name="Capa">Patamarca/Calderon/bosque/valle</SimpleData>
		<SimpleData name="Nombre">SM7006-7</SimpleData>
		<SimpleData name="Latitud">-2.907741</SimpleData>
		<SimpleData name="Longitud">-78.95451</SimpleData>
	</SchemaData></ExtendedData>
  </Placemark>
  <Placemark>
	<ExtendedData><SchemaData schemaUrl="#Sheet1">
		<SimpleData name="Capa">Patamarca/Calderon/bosque/valle</SimpleData>
		<SimpleData name="Nombre">4SMP7021</SimpleData>
		<SimpleData name="Latitud">-2.918413</SimpleData>
		<SimpleData name="Longitud">-78.982472</SimpleData>
	</SchemaData></ExtendedData>
  </Placemark>
  <Placemark>
	<ExtendedData><SchemaData schemaUrl="#Sheet1">
		<SimpleData name="Capa">Patamarca/Calderon/bosque/valle</SimpleData>
		<SimpleData name="Nombre">SM7021-1</SimpleData>
		<SimpleData name="Latitud">-2.919269</SimpleData>
		<SimpleData name="Longitud">-78.981596</SimpleData>
	</SchemaData></ExtendedData>
  </Placemark>
  <Placemark>
	<ExtendedData><SchemaData schemaUrl="#Sheet1">
		<SimpleData name="Capa">Patamarca/Calderon/bosque/valle</SimpleData>
		<SimpleData name="Nombre">SM7021-2</SimpleData>
		<SimpleData name="Latitud">-2.917565</SimpleData>
		<SimpleData name="Longitud">-78.983811</SimpleData>
	</SchemaData></ExtendedData>
  </Placemark>
  <Placemark>
	<ExtendedData><SchemaData schemaUrl="#Sheet1">
		<SimpleData name="Capa">Patamarca/Calderon/bosque/valle</SimpleData>
		<SimpleData name="Nombre">Ext. SM7019-2</SimpleData>
		<SimpleData name="Latitud">-2.928248</SimpleData>
		<SimpleData name="Longitud">-78.96918</SimpleData>
	</SchemaData></ExtendedData>
  </Placemark>
  <Placemark>
	<ExtendedData><SchemaData schemaUrl="#Sheet1">
		<SimpleData name="Capa">Patamarca/Calderon/bosque/valle</SimpleData>
		<SimpleData name="Nombre">SM3001-1</SimpleData>
		<SimpleData name="Latitud">-2.899598</SimpleData>
		<SimpleData name="Longitud">-78.972388</SimpleData>
	</SchemaData></ExtendedData>
  </Placemark>
  <Placemark>
	<ExtendedData><SchemaData schemaUrl="#Sheet1">
		<SimpleData name="Capa">Patamarca/Calderon/bosque/valle</SimpleData>
		<SimpleData name="Nombre">SM3001-2</SimpleData>
		<SimpleData name="Latitud">-2.899931</SimpleData>
		<SimpleData name="Longitud">-78.972929</SimpleData>
	</SchemaData></ExtendedData>
  </Placemark>
  <Placemark>
	<ExtendedData><SchemaData schemaUrl="#Sheet1">
		<SimpleData name="Capa">Patamarca/Calderon/bosque/valle</SimpleData>
		<SimpleData name="Nombre">SM3001-6</SimpleData>
		<SimpleData name="Latitud">-2.901546</SimpleData>
		<SimpleData name="Longitud">-78.975647</SimpleData>
	</SchemaData></ExtendedData>
  </Placemark>
  <Placemark>
	<ExtendedData><SchemaData schemaUrl="#Sheet1">
		<SimpleData name="Capa">Patamarca/Calderon/bosque/valle</SimpleData>
		<SimpleData name="Nombre">SM3001-8</SimpleData>
		<SimpleData name="Latitud">-2.902225</SimpleData>
		<SimpleData name="Longitud">-78.976838</SimpleData>
	</SchemaData></ExtendedData>
  </Placemark>
  <Placemark>
	<ExtendedData><SchemaData schemaUrl="#Sheet1">
		<SimpleData name="Capa">Patamarca/Calderon/bosque/valle</SimpleData>
		<SimpleData name="Nombre">SM3002-1</SimpleData>
		<SimpleData name="Latitud">-2.902729</SimpleData>
		<SimpleData name="Longitud">-78.978621</SimpleData>
	</SchemaData></ExtendedData>
  </Placemark>
  <Placemark>
	<ExtendedData><SchemaData schemaUrl="#Sheet1">
		<SimpleData name="Capa">Patamarca/Calderon/bosque/valle</SimpleData>
		<SimpleData name="Nombre">SM3002-4</SimpleData>
		<SimpleData name="Latitud">-2.904467</SimpleData>
		<SimpleData name="Longitud">-78.977918</SimpleData>
	</SchemaData></ExtendedData>
  </Placemark>
  <Placemark>
	<ExtendedData><SchemaData schemaUrl="#Sheet1">
		<SimpleData name="Capa">Patamarca/Calderon/bosque/valle</SimpleData>
		<SimpleData name="Nombre">SM3002-4</SimpleData>
		<SimpleData name="Latitud">-2.905086</SimpleData>
		<SimpleData name="Longitud">-78.978907</SimpleData>
	</SchemaData></ExtendedData>
  </Placemark>
  <Placemark>
	<ExtendedData><SchemaData schemaUrl="#Sheet1">
		<SimpleData name="Capa">Patamarca/Calderon/bosque/valle</SimpleData>
		<SimpleData name="Nombre">SM3003-2</SimpleData>
		<SimpleData name="Latitud">-2.906055</SimpleData>
		<SimpleData name="Longitud">-78.980782</SimpleData>
	</SchemaData></ExtendedData>
  </Placemark>
  <Placemark>
	<ExtendedData><SchemaData schemaUrl="#Sheet1">
		<SimpleData name="Capa">Patamarca/Calderon/bosque/valle</SimpleData>
		<SimpleData name="Nombre">SM3003-1</SimpleData>
		<SimpleData name="Latitud">-2.907675</SimpleData>
		<SimpleData name="Longitud">-78.982007</SimpleData>
	</SchemaData></ExtendedData>
  </Placemark>
  <Placemark>
	<ExtendedData><SchemaData schemaUrl="#Sheet1">
		<SimpleData name="Capa">Patamarca/Calderon/bosque/valle</SimpleData>
		<SimpleData name="Nombre">SM3003-6</SimpleData>
		<SimpleData name="Latitud">-2.909337</SimpleData>
		<SimpleData name="Longitud">-78.983143</SimpleData>
	</SchemaData></ExtendedData>
  </Placemark>
  <Placemark>
	<ExtendedData><SchemaData schemaUrl="#Sheet1">
		<SimpleData name="Capa">Patamarca/Calderon/bosque/valle</SimpleData>
		<SimpleData name="Nombre">SM3003-7</SimpleData>
		<SimpleData name="Latitud">-2.909826</SimpleData>
		<SimpleData name="Longitud">-78.983552</SimpleData>
	</SchemaData></ExtendedData>
  </Placemark>
  <Placemark>
	<ExtendedData><SchemaData schemaUrl="#Sheet1">
		<SimpleData name="Capa">Patamarca/Calderon/bosque/valle</SimpleData>
		<SimpleData name="Nombre">SM3003-8</SimpleData>
		<SimpleData name="Latitud">-2.910615</SimpleData>
		<SimpleData name="Longitud">-78.984301</SimpleData>
	</SchemaData></ExtendedData>
  </Placemark>
  <Placemark>
	<ExtendedData><SchemaData schemaUrl="#Sheet1">
		<SimpleData name="Capa">Patamarca/Calderon/bosque/valle</SimpleData>
		<SimpleData name="Nombre">SM3001-3</SimpleData>
		<SimpleData name="Latitud">-2.900227</SimpleData>
		<SimpleData name="Longitud">-78.973435</SimpleData>
	</SchemaData></ExtendedData>
  </Placemark>
  <Placemark>
	<ExtendedData><SchemaData schemaUrl="#Sheet1">
		<SimpleData name="Capa">Patamarca/Calderon/bosque/valle</SimpleData>
		<SimpleData name="Nombre">SM3001-4</SimpleData>
		<SimpleData name="Latitud">-2.900585</SimpleData>
		<SimpleData name="Longitud">-78.974038</SimpleData>
	</SchemaData></ExtendedData>
  </Placemark>
  <Placemark>
	<ExtendedData><SchemaData schemaUrl="#Sheet1">
		<SimpleData name="Capa">Patamarca/Calderon/bosque/valle</SimpleData>
		<SimpleData name="Nombre">SM3001-5</SimpleData>
		<SimpleData name="Latitud">-2.900941</SimpleData>
		<SimpleData name="Longitud">-78.97462</SimpleData>
	</SchemaData></ExtendedData>
  </Placemark>
  <Placemark>
	<ExtendedData><SchemaData schemaUrl="#Sheet1">
		<SimpleData name="Capa">Patamarca/Calderon/bosque/valle</SimpleData>
		<SimpleData name="Nombre">SM3001-7</SimpleData>
		<SimpleData name="Latitud">-2.901902</SimpleData>
		<SimpleData name="Longitud">-78.976268</SimpleData>
	</SchemaData></ExtendedData>
  </Placemark>
  <Placemark>
	<ExtendedData><SchemaData schemaUrl="#Sheet1">
		<SimpleData name="Capa">Patamarca/Calderon/bosque/valle</SimpleData>
		<SimpleData name="Nombre">SM3002-2</SimpleData>
		<SimpleData name="Latitud">-2.902022</SimpleData>
		<SimpleData name="Longitud">-78.978061</SimpleData>
	</SchemaData></ExtendedData>
  </Placemark>
  <Placemark>
	<ExtendedData><SchemaData schemaUrl="#Sheet1">
		<SimpleData name="Capa">Patamarca/Calderon/bosque/valle</SimpleData>
		<SimpleData name="Nombre">SM3002-3</SimpleData>
		<SimpleData name="Latitud">-2.903856</SimpleData>
		<SimpleData name="Longitud">-78.977876</SimpleData>
	</SchemaData></ExtendedData>
  </Placemark>
  <Placemark>
	<ExtendedData><SchemaData schemaUrl="#Sheet1">
		<SimpleData name="Capa">Patamarca/Calderon/bosque/valle</SimpleData>
		<SimpleData name="Nombre">SM3002-5</SimpleData>
		<SimpleData name="Latitud">-2.905797</SimpleData>
		<SimpleData name="Longitud">-78.978411</SimpleData>
	</SchemaData></ExtendedData>
  </Placemark>
  <Placemark>
	<ExtendedData><SchemaData schemaUrl="#Sheet1">
		<SimpleData name="Capa">Patamarca/Calderon/bosque/valle</SimpleData>
		<SimpleData name="Nombre">SM3002-6</SimpleData>
		<SimpleData name="Latitud">-2.905727</SimpleData>
		<SimpleData name="Longitud">-78.979591</SimpleData>
	</SchemaData></ExtendedData>
  </Placemark>
  <Placemark>
	<ExtendedData><SchemaData schemaUrl="#Sheet1">
		<SimpleData name="Capa">Patamarca/Calderon/bosque/valle</SimpleData>
		<SimpleData name="Nombre">SM3002-7</SimpleData>
		<SimpleData name="Latitud">-2.905167</SimpleData>
		<SimpleData name="Longitud">-78.979492</SimpleData>
	</SchemaData></ExtendedData>
  </Placemark>
  <Placemark>
	<ExtendedData><SchemaData schemaUrl="#Sheet1">
		<SimpleData name="Capa">Patamarca/Calderon/bosque/valle</SimpleData>
		<SimpleData name="Nombre">SM3003-4</SimpleData>
		<SimpleData name="Latitud">-2.907518</SimpleData>
		<SimpleData name="Longitud">-78.980735</SimpleData>
	</SchemaData></ExtendedData>
  </Placemark>
  <Placemark>
	<ExtendedData><SchemaData schemaUrl="#Sheet1">
		<SimpleData name="Capa">Patamarca/Calderon/bosque/valle</SimpleData>
		<SimpleData name="Nombre">SM3003-5</SimpleData>
		<SimpleData name="Latitud">-2.90838</SimpleData>
		<SimpleData name="Longitud">-78.981195</SimpleData>
	</SchemaData></ExtendedData>
  </Placemark>
  <Placemark>
	<ExtendedData><SchemaData schemaUrl="#Sheet1">
		<SimpleData name="Capa">Patamarca/Calderon/bosque/valle</SimpleData>
		<SimpleData name="Nombre">SM3003-3</SimpleData>
		<SimpleData name="Latitud">-2.906853</SimpleData>
		<SimpleData name="Longitud">-78.980148</SimpleData>
	</SchemaData></ExtendedData>
  </Placemark>
  <Placemark>
	<ExtendedData><SchemaData schemaUrl="#Sheet1">
		<SimpleData name="Capa">Patamarca/Calderon/bosque/valle</SimpleData>
		<SimpleData name="Nombre">SERVICABLE</SimpleData>
		<SimpleData name="Latitud">-2.896983</SimpleData>
		<SimpleData name="Longitud">-78.975078</SimpleData>
	</SchemaData></ExtendedData>
  </Placemark>
  <Placemark>
	<ExtendedData><SchemaData schemaUrl="#Sheet1">
		<SimpleData name="Capa">Patamarca/Calderon/bosque/valle</SimpleData>
		<SimpleData name="Nombre">SM7007-2</SimpleData>
		<SimpleData name="Latitud">-2.942938</SimpleData>
		<SimpleData name="Longitud">-78.9610428</SimpleData>
	</SchemaData></ExtendedData>
  </Placemark>
  <Placemark>
	<ExtendedData><SchemaData schemaUrl="#Sheet1">
		<SimpleData name="Capa">NAPs _Ruta_Azogues2</SimpleData>
		<SimpleData name="Nombre">NAP B1.N1</SimpleData>
		<SimpleData name="Latitud">-2.746305</SimpleData>
		<SimpleData name="Longitud">-78.850515</SimpleData>
	</SchemaData></ExtendedData>
  </Placemark>
  <Placemark>
	<ExtendedData><SchemaData schemaUrl="#Sheet1">
		<SimpleData name="Capa">NAPs _Ruta_Azogues2</SimpleData>
		<SimpleData name="Nombre">NAP B2.N1</SimpleData>
		<SimpleData name="Latitud">-2.753165</SimpleData>
		<SimpleData name="Longitud">-78.846136</SimpleData>
	</SchemaData></ExtendedData>
  </Placemark>
  <Placemark>
	<ExtendedData><SchemaData schemaUrl="#Sheet1">
		<SimpleData name="Capa">NAPs _Ruta_Azogues2</SimpleData>
		<SimpleData name="Nombre">Nap B1 N2</SimpleData>
		<SimpleData name="Latitud">-2.745521</SimpleData>
		<SimpleData name="Longitud">-78.850898</SimpleData>
	</SchemaData></ExtendedData>
  </Placemark>
  <Placemark>
	<ExtendedData><SchemaData schemaUrl="#Sheet1">
		<SimpleData name="Capa">NAPs _Ruta_Azogues2</SimpleData>
		<SimpleData name="Nombre">Nap B1N3</SimpleData>
		<SimpleData name="Latitud">-2.744322</SimpleData>
		<SimpleData name="Longitud">-78.851351</SimpleData>
	</SchemaData></ExtendedData>
  </Placemark>
  <Placemark>
	<ExtendedData><SchemaData schemaUrl="#Sheet1">
		<SimpleData name="Capa">NAPs _Ruta_Azogues2</SimpleData>
		<SimpleData name="Nombre">Nap B1N4</SimpleData>
		<SimpleData name="Latitud">-2.743022</SimpleData>
		<SimpleData name="Longitud">-78.851697</SimpleData>
	</SchemaData></ExtendedData>
  </Placemark>
  <Placemark>
	<ExtendedData><SchemaData schemaUrl="#Sheet1">
		<SimpleData name="Capa">NAPs _Ruta_Azogues2</SimpleData>
		<SimpleData name="Nombre">Nap B1N5</SimpleData>
		<SimpleData name="Latitud">-2.741403</SimpleData>
		<SimpleData name="Longitud">-78.85031</SimpleData>
	</SchemaData></ExtendedData>
  </Placemark>
  <Placemark>
	<ExtendedData><SchemaData schemaUrl="#Sheet1">
		<SimpleData name="Capa">NAPs _Ruta_Azogues2</SimpleData>
		<SimpleData name="Nombre">Nap B1N7</SimpleData>
		<SimpleData name="Latitud">-2.7402832</SimpleData>
		<SimpleData name="Longitud">-78.8523389</SimpleData>
	</SchemaData></ExtendedData>
  </Placemark>
  <Placemark>
	<ExtendedData><SchemaData schemaUrl="#Sheet1">
		<SimpleData name="Capa">NAPs _Ruta_Azogues2</SimpleData>
		<SimpleData name="Nombre">Nap B1N8</SimpleData>
		<SimpleData name="Latitud">-2.7404372</SimpleData>
		<SimpleData name="Longitud">-78.8517838</SimpleData>
	</SchemaData></ExtendedData>
  </Placemark>
  <Placemark>
	<ExtendedData><SchemaData schemaUrl="#Sheet1">
		<SimpleData name="Capa">NAPs _Ruta_Azogues2</SimpleData>
		<SimpleData name="Nombre">Nap B1N9</SimpleData>
		<SimpleData name="Latitud">-2.739759</SimpleData>
		<SimpleData name="Longitud">-78.851714</SimpleData>
	</SchemaData></ExtendedData>
  </Placemark>
  <Placemark>
	<ExtendedData><SchemaData schemaUrl="#Sheet1">
		<SimpleData name="Capa">NAPs _Ruta_Azogues2</SimpleData>
		<SimpleData name="Nombre">Nap B1N10</SimpleData>
		<SimpleData name="Latitud">-2.739139</SimpleData>
		<SimpleData name="Longitud">-78.851882</SimpleData>
	</SchemaData></ExtendedData>
  </Placemark>
  <Placemark>
	<ExtendedData><SchemaData schemaUrl="#Sheet1">
		<SimpleData name="Capa">NAPs _Ruta_Azogues2</SimpleData>
		<SimpleData name="Nombre">Nap B1N11</SimpleData>
		<SimpleData name="Latitud">-2.738375</SimpleData>
		<SimpleData name="Longitud">-78.851786</SimpleData>
	</SchemaData></ExtendedData>
  </Placemark>
  <Placemark>
	<ExtendedData><SchemaData schemaUrl="#Sheet1">
		<SimpleData name="Capa">NAPs _Ruta_Azogues2</SimpleData>
		<SimpleData name="Nombre">Nap B1N12</SimpleData>
		<SimpleData name="Latitud">-2.737296</SimpleData>
		<SimpleData name="Longitud">-78.8517108</SimpleData>
	</SchemaData></ExtendedData>
  </Placemark>
  <Placemark>
	<ExtendedData><SchemaData schemaUrl="#Sheet1">
		<SimpleData name="Capa">NAPs _Ruta_Azogues2</SimpleData>
		<SimpleData name="Nombre">Nap B1N13</SimpleData>
		<SimpleData name="Latitud">-2.7372505</SimpleData>
		<SimpleData name="Longitud">-78.8509226</SimpleData>
	</SchemaData></ExtendedData>
  </Placemark>
  <Placemark>
	<ExtendedData><SchemaData schemaUrl="#Sheet1">
		<SimpleData name="Capa">NAPs _Ruta_Azogues2</SimpleData>
		<SimpleData name="Nombre">Nap B2N3</SimpleData>
		<SimpleData name="Latitud">-2.75124</SimpleData>
		<SimpleData name="Longitud">-78.846278</SimpleData>
	</SchemaData></ExtendedData>
  </Placemark>
  <Placemark>
	<ExtendedData><SchemaData schemaUrl="#Sheet1">
		<SimpleData name="Capa">NAPs _Ruta_Azogues2</SimpleData>
		<SimpleData name="Nombre">Nap B2N4</SimpleData>
		<SimpleData name="Latitud">-2.750113</SimpleData>
		<SimpleData name="Longitud">-78.846599</SimpleData>
	</SchemaData></ExtendedData>
  </Placemark>
  <Placemark>
	<ExtendedData><SchemaData schemaUrl="#Sheet1">
		<SimpleData name="Capa">NAPs _Ruta_Azogues2</SimpleData>
		<SimpleData name="Nombre">Nap B2N5</SimpleData>
		<SimpleData name="Latitud">-2.749277</SimpleData>
		<SimpleData name="Longitud">-78.846728</SimpleData>
	</SchemaData></ExtendedData>
  </Placemark>
  <Placemark>
	<ExtendedData><SchemaData schemaUrl="#Sheet1">
		<SimpleData name="Capa">NAPs _Ruta_Azogues2</SimpleData>
		<SimpleData name="Nombre">Nap B1N6</SimpleData>
		<SimpleData name="Latitud">-2.749416</SimpleData>
		<SimpleData name="Longitud">-78.846165</SimpleData>
	</SchemaData></ExtendedData>
  </Placemark>
  <Placemark>
	<ExtendedData><SchemaData schemaUrl="#Sheet1">
		<SimpleData name="Capa">NAPs _Ruta_Azogues2</SimpleData>
		<SimpleData name="Nombre">Nap B1N7</SimpleData>
		<SimpleData name="Latitud">-2.750651</SimpleData>
		<SimpleData name="Longitud">-78.845626</SimpleData>
	</SchemaData></ExtendedData>
  </Placemark>
  <Placemark>
	<ExtendedData><SchemaData schemaUrl="#Sheet1">
		<SimpleData name="Capa">NAPs _Ruta_Azogues2</SimpleData>
		<SimpleData name="Nombre">Nap B2N8</SimpleData>
		<SimpleData name="Latitud">-2.75123</SimpleData>
		<SimpleData name="Longitud">-78.845258</SimpleData>
	</SchemaData></ExtendedData>
  </Placemark>
  <Placemark>
	<ExtendedData><SchemaData schemaUrl="#Sheet1">
		<SimpleData name="Capa">NAPs _Ruta_Azogues2</SimpleData>
		<SimpleData name="Nombre">Nap B3N1</SimpleData>
		<SimpleData name="Latitud">-2.747594</SimpleData>
		<SimpleData name="Longitud">-78.844088</SimpleData>
	</SchemaData></ExtendedData>
  </Placemark>
  <Placemark>
	<ExtendedData><SchemaData schemaUrl="#Sheet1">
		<SimpleData name="Capa">NAPs _Ruta_Azogues2</SimpleData>
		<SimpleData name="Nombre">Nap B3N2</SimpleData>
		<SimpleData name="Latitud">-2.746884</SimpleData>
		<SimpleData name="Longitud">-78.844307</SimpleData>
	</SchemaData></ExtendedData>
  </Placemark>
  <Placemark>
	<ExtendedData><SchemaData schemaUrl="#Sheet1">
		<SimpleData name="Capa">NAPs _Ruta_Azogues2</SimpleData>
		<SimpleData name="Nombre">Nap B3N3</SimpleData>
		<SimpleData name="Latitud">-2.746904</SimpleData>
		<SimpleData name="Longitud">-78.845374</SimpleData>
	</SchemaData></ExtendedData>
  </Placemark>
  <Placemark>
	<ExtendedData><SchemaData schemaUrl="#Sheet1">
		<SimpleData name="Capa">NAPs _Ruta_Azogues2</SimpleData>
		<SimpleData name="Nombre">Nap B3N4</SimpleData>
		<SimpleData name="Latitud">-2.746373</SimpleData>
		<SimpleData name="Longitud">-78.846451</SimpleData>
	</SchemaData></ExtendedData>
  </Placemark>
  <Placemark>
	<ExtendedData><SchemaData schemaUrl="#Sheet1">
		<SimpleData name="Capa">NAPs _Ruta_Azogues2</SimpleData>
		<SimpleData name="Nombre">Nap B3N5</SimpleData>
		<SimpleData name="Latitud">-2.745576</SimpleData>
		<SimpleData name="Longitud">-78.846415</SimpleData>
	</SchemaData></ExtendedData>
  </Placemark>
  <Placemark>
	<ExtendedData><SchemaData schemaUrl="#Sheet1">
		<SimpleData name="Capa">NAPs _Ruta_Azogues2</SimpleData>
		<SimpleData name="Nombre">Nap B3N6</SimpleData>
		<SimpleData name="Latitud">-2.744699</SimpleData>
		<SimpleData name="Longitud">-78.846201</SimpleData>
	</SchemaData></ExtendedData>
  </Placemark>
  <Placemark>
	<ExtendedData><SchemaData schemaUrl="#Sheet1">
		<SimpleData name="Capa">NAPs _Ruta_Azogues2</SimpleData>
		<SimpleData name="Nombre">Nap B3N7</SimpleData>
		<SimpleData name="Latitud">-2.744701</SimpleData>
		<SimpleData name="Longitud">-78.846659</SimpleData>
	</SchemaData></ExtendedData>
  </Placemark>
  <Placemark>
	<ExtendedData><SchemaData schemaUrl="#Sheet1">
		<SimpleData name="Capa">NAPs _Ruta_Azogues2</SimpleData>
		<SimpleData name="Nombre">Nap B3N8</SimpleData>
		<SimpleData name="Latitud">-2.743965</SimpleData>
		<SimpleData name="Longitud">-78.846665</SimpleData>
	</SchemaData></ExtendedData>
  </Placemark>
  <Placemark>
	<ExtendedData><SchemaData schemaUrl="#Sheet1">
		<SimpleData name="Capa">NAPs _Ruta_Azogues2</SimpleData>
		<SimpleData name="Nombre">Nap B4N1</SimpleData>
		<SimpleData name="Latitud">-2.743957</SimpleData>
		<SimpleData name="Longitud">-78.843676</SimpleData>
	</SchemaData></ExtendedData>
  </Placemark>
  <Placemark>
	<ExtendedData><SchemaData schemaUrl="#Sheet1">
		<SimpleData name="Capa">NAPs _Ruta_Azogues2</SimpleData>
		<SimpleData name="Nombre">Nap B4N2</SimpleData>
		<SimpleData name="Latitud">-2.744812</SimpleData>
		<SimpleData name="Longitud">-78.844435</SimpleData>
	</SchemaData></ExtendedData>
  </Placemark>
  <Placemark>
	<ExtendedData><SchemaData schemaUrl="#Sheet1">
		<SimpleData name="Capa">NAPs _Ruta_Azogues2</SimpleData>
		<SimpleData name="Nombre">Nap B4N3</SimpleData>
		<SimpleData name="Latitud">-2.745274</SimpleData>
		<SimpleData name="Longitud">-78.845347</SimpleData>
	</SchemaData></ExtendedData>
  </Placemark>
  <Placemark>
	<ExtendedData><SchemaData schemaUrl="#Sheet1">
		<SimpleData name="Capa">NAPs _Ruta_Azogues2</SimpleData>
		<SimpleData name="Nombre">Nap B4N4</SimpleData>
		<SimpleData name="Latitud">-2.744978</SimpleData>
		<SimpleData name="Longitud">-78.845803</SimpleData>
	</SchemaData></ExtendedData>
  </Placemark>
  <Placemark>
	<ExtendedData><SchemaData schemaUrl="#Sheet1">
		<SimpleData name="Capa">NAPs _Ruta_Azogues2</SimpleData>
		<SimpleData name="Nombre">Nap B4N5</SimpleData>
		<SimpleData name="Latitud">-2.7441063</SimpleData>
		<SimpleData name="Longitud">-78.8460364</SimpleData>
	</SchemaData></ExtendedData>
  </Placemark>
  <Placemark>
	<ExtendedData><SchemaData schemaUrl="#Sheet1">
		<SimpleData name="Capa">NAPs _Ruta_Azogues2</SimpleData>
		<SimpleData name="Nombre">Nap B4N6</SimpleData>
		<SimpleData name="Latitud">-2.744072</SimpleData>
		<SimpleData name="Longitud">-78.845245</SimpleData>
	</SchemaData></ExtendedData>
  </Placemark>
  <Placemark>
	<ExtendedData><SchemaData schemaUrl="#Sheet1">
		<SimpleData name="Capa">NAPs _Ruta_Azogues2</SimpleData>
		<SimpleData name="Nombre">Nap B4N7</SimpleData>
		<SimpleData name="Latitud">-2.7432436</SimpleData>
		<SimpleData name="Longitud">-78.8451091</SimpleData>
	</SchemaData></ExtendedData>
  </Placemark>
  <Placemark>
	<ExtendedData><SchemaData schemaUrl="#Sheet1">
		<SimpleData name="Capa">NAPs _Ruta_Azogues2</SimpleData>
		<SimpleData name="Nombre">Nap B5N1</SimpleData>
		<SimpleData name="Latitud">-2.742905</SimpleData>
		<SimpleData name="Longitud">-78.840735</SimpleData>
	</SchemaData></ExtendedData>
  </Placemark>
  <Placemark>
	<ExtendedData><SchemaData schemaUrl="#Sheet1">
		<SimpleData name="Capa">NAPs _Ruta_Azogues2</SimpleData>
		<SimpleData name="Nombre">Nap B6N1</SimpleData>
		<SimpleData name="Latitud">-2.7347594</SimpleData>
		<SimpleData name="Longitud">-78.8396641</SimpleData>
	</SchemaData></ExtendedData>
  </Placemark>
  <Placemark>
	<ExtendedData><SchemaData schemaUrl="#Sheet1">
		<SimpleData name="Capa">NAPs _Ruta_Azogues2</SimpleData>
		<SimpleData name="Nombre">Nap B5N1</SimpleData>
		<SimpleData name="Latitud">-2.735818</SimpleData>
		<SimpleData name="Longitud">-78.839156</SimpleData>
	</SchemaData></ExtendedData>
  </Placemark>
  <Placemark>
	<ExtendedData><SchemaData schemaUrl="#Sheet1">
		<SimpleData name="Capa">NAPs _Ruta_Azogues2</SimpleData>
		<SimpleData name="Nombre">Nap B5N2</SimpleData>
		<SimpleData name="Latitud">-2.7353256</SimpleData>
		<SimpleData name="Longitud">-78.8380197</SimpleData>
	</SchemaData></ExtendedData>
  </Placemark>
  <Placemark>
	<ExtendedData><SchemaData schemaUrl="#Sheet1">
		<SimpleData name="Capa">NAPs _Ruta_Azogues2</SimpleData>
		<SimpleData name="Nombre">Nap B5N3</SimpleData>
		<SimpleData name="Latitud">-2.7345242</SimpleData>
		<SimpleData name="Longitud">-78.8370846</SimpleData>
	</SchemaData></ExtendedData>
  </Placemark>
  <Placemark>
	<ExtendedData><SchemaData schemaUrl="#Sheet1">
		<SimpleData name="Capa">NAPs _Ruta_Azogues2</SimpleData>
		<SimpleData name="Nombre">Nap B5N4</SimpleData>
		<SimpleData name="Latitud">-2.7340396</SimpleData>
		<SimpleData name="Longitud">-78.8367754</SimpleData>
	</SchemaData></ExtendedData>
  </Placemark>
  <Placemark>
	<ExtendedData><SchemaData schemaUrl="#Sheet1">
		<SimpleData name="Capa">NAPs _Ruta_Azogues2</SimpleData>
		<SimpleData name="Nombre">Nap B5N5</SimpleData>
		<SimpleData name="Latitud">-2.7340291</SimpleData>
		<SimpleData name="Longitud">-78.8375013</SimpleData>
	</SchemaData></ExtendedData>
  </Placemark>
  <Placemark>
	<ExtendedData><SchemaData schemaUrl="#Sheet1">
		<SimpleData name="Capa">NAPs _Ruta_Azogues2</SimpleData>
		<SimpleData name="Nombre">Nap B5N6</SimpleData>
		<SimpleData name="Latitud">-2.7343247</SimpleData>
		<SimpleData name="Longitud">-78.8382741</SimpleData>
	</SchemaData></ExtendedData>
  </Placemark>
  <Placemark>
	<ExtendedData><SchemaData schemaUrl="#Sheet1">
		<SimpleData name="Capa">NAPs _Ruta_Azogues2</SimpleData>
		<SimpleData name="Nombre">Nap B6N2</SimpleData>
		<SimpleData name="Latitud">-2.734308</SimpleData>
		<SimpleData name="Longitud">-78.839324</SimpleData>
	</SchemaData></ExtendedData>
  </Placemark>
  <Placemark>
	<ExtendedData><SchemaData schemaUrl="#Sheet1">
		<SimpleData name="Capa">NAPs _Ruta_Azogues2</SimpleData>
		<SimpleData name="Nombre">Nap B6N3</SimpleData>
		<SimpleData name="Latitud">-2.7337297</SimpleData>
		<SimpleData name="Longitud">-78.8394094</SimpleData>
	</SchemaData></ExtendedData>
  </Placemark>
  <Placemark>
	<ExtendedData><SchemaData schemaUrl="#Sheet1">
		<SimpleData name="Capa">NAPs _Ruta_Azogues2</SimpleData>
		<SimpleData name="Nombre">Nap B6N4</SimpleData>
		<SimpleData name="Latitud">-2.732988</SimpleData>
		<SimpleData name="Longitud">-78.839132</SimpleData>
	</SchemaData></ExtendedData>
  </Placemark>
  <Placemark>
	<ExtendedData><SchemaData schemaUrl="#Sheet1">
		<SimpleData name="Capa">NAPs _Ruta_Azogues2</SimpleData>
		<SimpleData name="Nombre">Nap B6N5</SimpleData>
		<SimpleData name="Latitud">-2.7401464</SimpleData>
		<SimpleData name="Longitud">-78.8423551</SimpleData>
	</SchemaData></ExtendedData>
  </Placemark>
  <Placemark>
	<ExtendedData><SchemaData schemaUrl="#Sheet1">
		<SimpleData name="Capa">NAPs _Ruta_Azogues2</SimpleData>
		<SimpleData name="Nombre">Nap B6N6</SimpleData>
		<SimpleData name="Latitud">-2.73151</SimpleData>
		<SimpleData name="Longitud">-78.836542</SimpleData>
	</SchemaData></ExtendedData>
  </Placemark>
  <Placemark>
	<ExtendedData><SchemaData schemaUrl="#Sheet1">
		<SimpleData name="Capa">NAPs _Ruta_Azogues2</SimpleData>
		<SimpleData name="Nombre">Nap B6N7</SimpleData>
		<SimpleData name="Latitud">-2.7307097</SimpleData>
		<SimpleData name="Longitud">-78.8346783</SimpleData>
	</SchemaData></ExtendedData>
  </Placemark>
  <Placemark>
	<ExtendedData><SchemaData schemaUrl="#Sheet1">
		<SimpleData name="Capa">NAPs _Ruta_Azogues2</SimpleData>
		<SimpleData name="Nombre">Nap B6N8</SimpleData>
		<SimpleData name="Latitud">-2.730319</SimpleData>
		<SimpleData name="Longitud">-78.833488</SimpleData>
	</SchemaData></ExtendedData>
  </Placemark>
  <Placemark>
	<ExtendedData><SchemaData schemaUrl="#Sheet1">
		<SimpleData name="Capa">NAPs _Ruta_Azogues2</SimpleData>
		<SimpleData name="Nombre">Nap B6N10</SimpleData>
		<SimpleData name="Latitud">-2.7307832</SimpleData>
		<SimpleData name="Longitud">-78.8318146</SimpleData>
	</SchemaData></ExtendedData>
  </Placemark>
  <Placemark>
	<ExtendedData><SchemaData schemaUrl="#Sheet1">
		<SimpleData name="Capa">NAPs _Ruta_Azogues2</SimpleData>
		<SimpleData name="Nombre">Nap B6N11</SimpleData>
		<SimpleData name="Latitud">-2.7302616</SimpleData>
		<SimpleData name="Longitud">-78.8312181</SimpleData>
	</SchemaData></ExtendedData>
  </Placemark>
  <Placemark>
	<ExtendedData><SchemaData schemaUrl="#Sheet1">
		<SimpleData name="Capa">NAPs _Ruta_Azogues2</SimpleData>
		<SimpleData name="Nombre">Nap B6N12</SimpleData>
		<SimpleData name="Latitud">-2.729441</SimpleData>
		<SimpleData name="Longitud">-78.830463</SimpleData>
	</SchemaData></ExtendedData>
  </Placemark>
  <Placemark>
	<ExtendedData><SchemaData schemaUrl="#Sheet1">
		<SimpleData name="Capa">NAPs _Ruta_Azogues2</SimpleData>
		<SimpleData name="Nombre">Nap B6N13</SimpleData>
		<SimpleData name="Latitud">-2.7290532</SimpleData>
		<SimpleData name="Longitud">-78.8300783</SimpleData>
	</SchemaData></ExtendedData>
  </Placemark>
  <Placemark>
	<ExtendedData><SchemaData schemaUrl="#Sheet1">
		<SimpleData name="Capa">NAPs _Ruta_Azogues2</SimpleData>
		<SimpleData name="Nombre">B13-N1</SimpleData>
		<SimpleData name="Latitud">-2.7315868</SimpleData>
		<SimpleData name="Longitud">-78.8460912</SimpleData>
	</SchemaData></ExtendedData>
  </Placemark>
  <Placemark>
	<ExtendedData><SchemaData schemaUrl="#Sheet1">
		<SimpleData name="Capa">NAPs _Ruta_Azogues2</SimpleData>
		<SimpleData name="Nombre">Punto 111</SimpleData>
		<SimpleData name="Latitud">-2.7338737</SimpleData>
		<SimpleData name="Longitud">-78.8524551</SimpleData>
	</SchemaData></ExtendedData>
  </Placemark>
  <Placemark>
	<ExtendedData><SchemaData schemaUrl="#Sheet1">
		<SimpleData name="Capa">NAPs _Ruta_Azogues2</SimpleData>
		<SimpleData name="Nombre">Punto 112</SimpleData>
		<SimpleData name="Latitud">-2.7545225</SimpleData>
		<SimpleData name="Longitud">-78.8483484</SimpleData>
	</SchemaData></ExtendedData>
  </Placemark>
  <Placemark>
	<ExtendedData><SchemaData schemaUrl="#Sheet1">
		<SimpleData name="Capa">NAPs _Ruta_Azogues2</SimpleData>
		<SimpleData name="Nombre">B1-N5</SimpleData>
		<SimpleData name="Latitud">-2.7421097</SimpleData>
		<SimpleData name="Longitud">-78.8518713</SimpleData>
	</SchemaData></ExtendedData>
  </Placemark>
  <Placemark>
	<ExtendedData><SchemaData schemaUrl="#Sheet1">
		<SimpleData name="Capa">NAPs _Ruta_Azogues2</SimpleData>
		<SimpleData name="Nombre">NapB5N7</SimpleData>
		<SimpleData name="Latitud">-2.7346288</SimpleData>
		<SimpleData name="Longitud">-78.8390907</SimpleData>
	</SchemaData></ExtendedData>
  </Placemark>
  <Placemark>
	<ExtendedData><SchemaData schemaUrl="#Sheet1">
		<SimpleData name="Capa">NAPs _Ruta_Azogues2</SimpleData>
		<SimpleData name="Nombre">B13-N2</SimpleData>
		<SimpleData name="Latitud">-2.7271301</SimpleData>
		<SimpleData name="Longitud">-78.840419</SimpleData>
	</SchemaData></ExtendedData>
  </Placemark>
  <Placemark>
	<ExtendedData><SchemaData schemaUrl="#Sheet1">
		<SimpleData name="Capa">NAPs _Ruta_Azogues2</SimpleData>
		<SimpleData name="Nombre">B13-N4</SimpleData>
		<SimpleData name="Latitud">-2.7267629</SimpleData>
		<SimpleData name="Longitud">-78.8478</SimpleData>
	</SchemaData></ExtendedData>
  </Placemark>
  <Placemark>
	<ExtendedData><SchemaData schemaUrl="#Sheet1">
		<SimpleData name="Capa">NAPs _Ruta_Azogues2</SimpleData>
		<SimpleData name="Nombre">B13-N3</SimpleData>
		<SimpleData name="Latitud">-2.730183</SimpleData>
		<SimpleData name="Longitud">-78.8487744</SimpleData>
	</SchemaData></ExtendedData>
  </Placemark>
  <Placemark>
	<ExtendedData><SchemaData schemaUrl="#Sheet1">
		<SimpleData name="Capa">Diyer - Red Chuquipata</SimpleData>
		<SimpleData name="Nombre">P1 Ha D C1-N5</SimpleData>
		<SimpleData name="Latitud">-2.792733</SimpleData>
		<SimpleData name="Longitud">-78.868866</SimpleData>
	</SchemaData></ExtendedData>
  </Placemark>
  <Placemark>
	<ExtendedData><SchemaData schemaUrl="#Sheet1">
		<SimpleData name="Capa">Diyer - Red Chuquipata</SimpleData>
		<SimpleData name="Nombre">P4 Ha C1 N4</SimpleData>
		<SimpleData name="Latitud">-2.792117</SimpleData>
		<SimpleData name="Longitud">-78.868574</SimpleData>
	</SchemaData></ExtendedData>
  </Placemark>
  <Placemark>
	<ExtendedData><SchemaData schemaUrl="#Sheet1">
		<SimpleData name="Capa">Diyer - Red Chuquipata</SimpleData>
		<SimpleData name="Nombre">P8 Ha C1 N3</SimpleData>
		<SimpleData name="Latitud">-2.793504</SimpleData>
		<SimpleData name="Longitud">-78.86782</SimpleData>
	</SchemaData></ExtendedData>
  </Placemark>
  <Placemark>
	<ExtendedData><SchemaData schemaUrl="#Sheet1">
		<SimpleData name="Capa">Diyer - Red Chuquipata</SimpleData>
		<SimpleData name="Nombre">P12 Ha C1 N2</SimpleData>
		<SimpleData name="Latitud">-2.795014</SimpleData>
		<SimpleData name="Longitud">-78.86676</SimpleData>
	</SchemaData></ExtendedData>
  </Placemark>
  <Placemark>
	<ExtendedData><SchemaData schemaUrl="#Sheet1">
		<SimpleData name="Capa">Diyer - Red Chuquipata</SimpleData>
		<SimpleData name="Nombre">P 16 ha C1 N1</SimpleData>
		<SimpleData name="Latitud">-2.7957754</SimpleData>
		<SimpleData name="Longitud">-78.8662588</SimpleData>
	</SchemaData></ExtendedData>
  </Placemark>
  <Placemark>
	<ExtendedData><SchemaData schemaUrl="#Sheet1">
		<SimpleData name="Capa">Diyer - Red Chuquipata</SimpleData>
		<SimpleData name="Nombre">P1 Ha C2 N1</SimpleData>
		<SimpleData name="Latitud">-2.797406</SimpleData>
		<SimpleData name="Longitud">-78.867557</SimpleData>
	</SchemaData></ExtendedData>
  </Placemark>
  <Placemark>
	<ExtendedData><SchemaData schemaUrl="#Sheet1">
		<SimpleData name="Capa">Diyer - Red Chuquipata</SimpleData>
		<SimpleData name="Nombre">P4 HA C2 N2</SimpleData>
		<SimpleData name="Latitud">-2.797472</SimpleData>
		<SimpleData name="Longitud">-78.868418</SimpleData>
	</SchemaData></ExtendedData>
  </Placemark>
  <Placemark>
	<ExtendedData><SchemaData schemaUrl="#Sheet1">
		<SimpleData name="Capa">Diyer - Red Chuquipata</SimpleData>
		<SimpleData name="Nombre">P10 HA C2 N3</SimpleData>
		<SimpleData name="Latitud">-2.798404</SimpleData>
		<SimpleData name="Longitud">-78.869648</SimpleData>
	</SchemaData></ExtendedData>
  </Placemark>
  <Placemark>
	<ExtendedData><SchemaData schemaUrl="#Sheet1">
		<SimpleData name="Capa">Diyer - Red Chuquipata</SimpleData>
		<SimpleData name="Nombre">P14 Ha C2 N4</SimpleData>
		<SimpleData name="Latitud">-2.799528</SimpleData>
		<SimpleData name="Longitud">-78.870495</SimpleData>
	</SchemaData></ExtendedData>
  </Placemark>
  <Placemark>
	<ExtendedData><SchemaData schemaUrl="#Sheet1">
		<SimpleData name="Capa">Diyer - Red Chuquipata</SimpleData>
		<SimpleData name="Nombre">P17 Ha C2 N5</SimpleData>
		<SimpleData name="Latitud">-2.800233</SimpleData>
		<SimpleData name="Longitud">-78.871029</SimpleData>
	</SchemaData></ExtendedData>
  </Placemark>
  <Placemark>
	<ExtendedData><SchemaData schemaUrl="#Sheet1">
		<SimpleData name="Capa">Diyer - Red Chuquipata</SimpleData>
		<SimpleData name="Nombre">P20 Ha C2 N6</SimpleData>
		<SimpleData name="Latitud">-2.800972</SimpleData>
		<SimpleData name="Longitud">-78.871575</SimpleData>
	</SchemaData></ExtendedData>
  </Placemark>
  <Placemark>
	<ExtendedData><SchemaData schemaUrl="#Sheet1">
		<SimpleData name="Capa">Diyer - Red Chuquipata</SimpleData>
		<SimpleData name="Nombre">P23 Ha C2 N7</SimpleData>
		<SimpleData name="Latitud">-2.8017232</SimpleData>
		<SimpleData name="Longitud">-78.8721372</SimpleData>
	</SchemaData></ExtendedData>
  </Placemark>
  <Placemark>
	<ExtendedData><SchemaData schemaUrl="#Sheet1">
		<SimpleData name="Capa">Diyer - Red Chuquipata</SimpleData>
		<SimpleData name="Nombre">P5 Ha C2 N8</SimpleData>
		<SimpleData name="Latitud">-2.801966</SimpleData>
		<SimpleData name="Longitud">-78.871479</SimpleData>
	</SchemaData></ExtendedData>
  </Placemark>
  <Placemark>
	<ExtendedData><SchemaData schemaUrl="#Sheet1">
		<SimpleData name="Capa">Diyer - Red Chuquipata</SimpleData>
		<SimpleData name="Nombre">P27 Ha C2 N9</SimpleData>
		<SimpleData name="Latitud">-2.802552</SimpleData>
		<SimpleData name="Longitud">-78.87186</SimpleData>
	</SchemaData></ExtendedData>
  </Placemark>
  <Placemark>
	<ExtendedData><SchemaData schemaUrl="#Sheet1">
		<SimpleData name="Capa">Diyer - Red Chuquipata</SimpleData>
		<SimpleData name="Nombre">P1 Hax C3 N1</SimpleData>
		<SimpleData name="Latitud">-2.79773</SimpleData>
		<SimpleData name="Longitud">-78.869113</SimpleData>
	</SchemaData></ExtendedData>
  </Placemark>
  <Placemark>
	<ExtendedData><SchemaData schemaUrl="#Sheet1">
		<SimpleData name="Capa">Diyer - Red Chuquipata</SimpleData>
		<SimpleData name="Nombre">P3 Ha C3 N2</SimpleData>
		<SimpleData name="Latitud">-2.797645</SimpleData>
		<SimpleData name="Longitud">-78.869622</SimpleData>
	</SchemaData></ExtendedData>
  </Placemark>
  <Placemark>
	<ExtendedData><SchemaData schemaUrl="#Sheet1">
		<SimpleData name="Capa">Diyer - Red Chuquipata</SimpleData>
		<SimpleData name="Nombre">P6 ha C3 N3</SimpleData>
		<SimpleData name="Latitud">-2.797499</SimpleData>
		<SimpleData name="Longitud">-78.870496</SimpleData>
	</SchemaData></ExtendedData>
  </Placemark>
  <Placemark>
	<ExtendedData><SchemaData schemaUrl="#Sheet1">
		<SimpleData name="Capa">Diyer - Red Chuquipata</SimpleData>
		<SimpleData name="Nombre">P12 C3 n3</SimpleData>
		<SimpleData name="Latitud">-2.795966</SimpleData>
		<SimpleData name="Longitud">-78.870284</SimpleData>
	</SchemaData></ExtendedData>
  </Placemark>
  <Placemark>
	<ExtendedData><SchemaData schemaUrl="#Sheet1">
		<SimpleData name="Capa">Diyer - Red Chuquipata</SimpleData>
		<SimpleData name="Nombre">P17 Ha C3 N6</SimpleData>
		<SimpleData name="Latitud">-2.794618</SimpleData>
		<SimpleData name="Longitud">-78.870048</SimpleData>
	</SchemaData></ExtendedData>
  </Placemark>
  <Placemark>
	<ExtendedData><SchemaData schemaUrl="#Sheet1">
		<SimpleData name="Capa">Diyer - Red Chuquipata</SimpleData>
		<SimpleData name="Nombre">P20 Ha C3 N7</SimpleData>
		<SimpleData name="Latitud">-2.793632</SimpleData>
		<SimpleData name="Longitud">-78.87046</SimpleData>
	</SchemaData></ExtendedData>
  </Placemark>
  <Placemark>
	<ExtendedData><SchemaData schemaUrl="#Sheet1">
		<SimpleData name="Capa">Diyer - Red Chuquipata</SimpleData>
		<SimpleData name="Nombre">P23 Ha C3 N8</SimpleData>
		<SimpleData name="Latitud">-2.792624</SimpleData>
		<SimpleData name="Longitud">-78.871064</SimpleData>
	</SchemaData></ExtendedData>
  </Placemark>
  <Placemark>
	<ExtendedData><SchemaData schemaUrl="#Sheet1">
		<SimpleData name="Capa">Diyer - Red Chuquipata</SimpleData>
		<SimpleData name="Nombre">P1 Ha c5n1</SimpleData>
		<SimpleData name="Latitud">-2.799042</SimpleData>
		<SimpleData name="Longitud">-78.868703</SimpleData>
	</SchemaData></ExtendedData>
  </Placemark>
  <Placemark>
	<ExtendedData><SchemaData schemaUrl="#Sheet1">
		<SimpleData name="Capa">Diyer - Red Chuquipata</SimpleData>
		<SimpleData name="Nombre">P3 Ha C5 N2</SimpleData>
		<SimpleData name="Latitud">-2.799714</SimpleData>
		<SimpleData name="Longitud">-78.86916</SimpleData>
	</SchemaData></ExtendedData>
  </Placemark>
  <Placemark>
	<ExtendedData><SchemaData schemaUrl="#Sheet1">
		<SimpleData name="Capa">Diyer - Red Chuquipata</SimpleData>
		<SimpleData name="Nombre">P7 Ha C5 H3</SimpleData>
		<SimpleData name="Latitud">-2.8010279</SimpleData>
		<SimpleData name="Longitud">-78.8698936</SimpleData>
	</SchemaData></ExtendedData>
  </Placemark>
  <Placemark>
	<ExtendedData><SchemaData schemaUrl="#Sheet1">
		<SimpleData name="Capa">Diyer - Red Chuquipata</SimpleData>
		<SimpleData name="Nombre">P12 Ha C5 n4</SimpleData>
		<SimpleData name="Latitud">-2.80191</SimpleData>
		<SimpleData name="Longitud">-78.869062</SimpleData>
	</SchemaData></ExtendedData>
  </Placemark>
  <Placemark>
	<ExtendedData><SchemaData schemaUrl="#Sheet1">
		<SimpleData name="Capa">Diyer - Red Chuquipata</SimpleData>
		<SimpleData name="Nombre">P17 Ha C5 n5 unión cable corto</SimpleData>
		<SimpleData name="Latitud">-2.802254</SimpleData>
		<SimpleData name="Longitud">-78.868586</SimpleData>
	</SchemaData></ExtendedData>
  </Placemark>
  <Placemark>
	<ExtendedData><SchemaData schemaUrl="#Sheet1">
		<SimpleData name="Capa">Diyer - Red Chuquipata</SimpleData>
		<SimpleData name="Nombre">P19 ha C5 n6</SimpleData>
		<SimpleData name="Latitud">-2.801832</SimpleData>
		<SimpleData name="Longitud">-78.868216</SimpleData>
	</SchemaData></ExtendedData>
  </Placemark>
  <Placemark>
	<ExtendedData><SchemaData schemaUrl="#Sheet1">
		<SimpleData name="Capa">Diyer - Red Chuquipata</SimpleData>
		<SimpleData name="Nombre">P21 ha C5 N7 fin fibra</SimpleData>
		<SimpleData name="Latitud">-2.802283</SimpleData>
		<SimpleData name="Longitud">-78.867799</SimpleData>
	</SchemaData></ExtendedData>
  </Placemark>
  <Placemark>
	<ExtendedData><SchemaData schemaUrl="#Sheet1">
		<SimpleData name="Capa">Diyer - Red Chuquipata</SimpleData>
		<SimpleData name="Nombre">C3-N4</SimpleData>
		<SimpleData name="Latitud">-2.796808</SimpleData>
		<SimpleData name="Longitud">-78.870649</SimpleData>
	</SchemaData></ExtendedData>
  </Placemark>
  <Placemark>
	<ExtendedData><SchemaData schemaUrl="#Sheet1">
		<SimpleData name="Capa">Diyer - Red Chuquipata</SimpleData>
		<SimpleData name="Nombre">El Carmin 2</SimpleData>
		<SimpleData name="Latitud">-2.8049044</SimpleData>
		<SimpleData name="Longitud">-78.8687792</SimpleData>
	</SchemaData></ExtendedData>
  </Placemark>
  <Placemark>
	<ExtendedData><SchemaData schemaUrl="#Sheet1">
		<SimpleData name="Capa">Diyer - Red Chuquipata</SimpleData>
		<SimpleData name="Nombre">SM1207-8</SimpleData>
		<SimpleData name="Latitud">-2.9103539</SimpleData>
		<SimpleData name="Longitud">-78.998984</SimpleData>
	</SchemaData></ExtendedData>
  </Placemark>
  <Placemark>
	<ExtendedData><SchemaData schemaUrl="#Sheet1">
		<SimpleData name="Capa">Diyer - Red Chuquipata</SimpleData>
		<SimpleData name="Nombre">DM-03-01-1</SimpleData>
		<SimpleData name="Latitud">-2.7827569</SimpleData>
		<SimpleData name="Longitud">-78.8557549</SimpleData>
	</SchemaData></ExtendedData>
  </Placemark>
  <Placemark>
	<ExtendedData><SchemaData schemaUrl="#Sheet1">
		<SimpleData name="Capa">Diyer - Red Chuquipata</SimpleData>
		<SimpleData name="Nombre">C1-N6</SimpleData>
		<SimpleData name="Latitud">-2.7921195</SimpleData>
		<SimpleData name="Longitud">-78.8619952</SimpleData>
	</SchemaData></ExtendedData>
  </Placemark>
  <Placemark>
	<ExtendedData><SchemaData schemaUrl="#Sheet1">
		<SimpleData name="Capa">1 Konnek - Azogues Actualizado</SimpleData>
		<SimpleData name="Nombre">A1 N1</SimpleData>
		<SimpleData name="Latitud">-2.746389</SimpleData>
		<SimpleData name="Longitud">-78.850716</SimpleData>
	</SchemaData></ExtendedData>
  </Placemark>
  <Placemark>
	<ExtendedData><SchemaData schemaUrl="#Sheet1">
		<SimpleData name="Capa">1 Konnek - Azogues Actualizado</SimpleData>
		<SimpleData name="Nombre">A1N2</SimpleData>
		<SimpleData name="Latitud">-2.747344</SimpleData>
		<SimpleData name="Longitud">-78.851807</SimpleData>
	</SchemaData></ExtendedData>
  </Placemark>
  <Placemark>
	<ExtendedData><SchemaData schemaUrl="#Sheet1">
		<SimpleData name="Capa">1 Konnek - Azogues Actualizado</SimpleData>
		<SimpleData name="Nombre">A1N3</SimpleData>
		<SimpleData name="Latitud">-2.748324</SimpleData>
		<SimpleData name="Longitud">-78.852019</SimpleData>
	</SchemaData></ExtendedData>
  </Placemark>
  <Placemark>
	<ExtendedData><SchemaData schemaUrl="#Sheet1">
		<SimpleData name="Capa">1 Konnek - Azogues Actualizado</SimpleData>
		<SimpleData name="Nombre">A1N4</SimpleData>
		<SimpleData name="Latitud">-2.749332</SimpleData>
		<SimpleData name="Longitud">-78.854268</SimpleData>
	</SchemaData></ExtendedData>
  </Placemark>
  <Placemark>
	<ExtendedData><SchemaData schemaUrl="#Sheet1">
		<SimpleData name="Capa">1 Konnek - Azogues Actualizado</SimpleData>
		<SimpleData name="Nombre">A3 N1</SimpleData>
		<SimpleData name="Latitud">-2.76746</SimpleData>
		<SimpleData name="Longitud">-78.846076</SimpleData>
	</SchemaData></ExtendedData>
  </Placemark>
  <Placemark>
	<ExtendedData><SchemaData schemaUrl="#Sheet1">
		<SimpleData name="Capa">1 Konnek - Azogues Actualizado</SimpleData>
		<SimpleData name="Nombre">A3 N2</SimpleData>
		<SimpleData name="Latitud">-2.76764</SimpleData>
		<SimpleData name="Longitud">-78.845456</SimpleData>
	</SchemaData></ExtendedData>
  </Placemark>
  <Placemark>
	<ExtendedData><SchemaData schemaUrl="#Sheet1">
		<SimpleData name="Capa">1 Konnek - Azogues Actualizado</SimpleData>
		<SimpleData name="Nombre">A3 B3</SimpleData>
		<SimpleData name="Latitud">-2.767708</SimpleData>
		<SimpleData name="Longitud">-78.845053</SimpleData>
	</SchemaData></ExtendedData>
  </Placemark>
  <Placemark>
	<ExtendedData><SchemaData schemaUrl="#Sheet1">
		<SimpleData name="Capa">1 Konnek - Azogues Actualizado</SimpleData>
		<SimpleData name="Nombre">A3 N4</SimpleData>
		<SimpleData name="Latitud">-2.767327</SimpleData>
		<SimpleData name="Longitud">-78.844972</SimpleData>
	</SchemaData></ExtendedData>
  </Placemark>
  <Placemark>
	<ExtendedData><SchemaData schemaUrl="#Sheet1">
		<SimpleData name="Capa">1 Konnek - Azogues Actualizado</SimpleData>
		<SimpleData name="Nombre">A3 N5</SimpleData>
		<SimpleData name="Latitud">-2.768179</SimpleData>
		<SimpleData name="Longitud">-78.844008</SimpleData>
	</SchemaData></ExtendedData>
  </Placemark>
  <Placemark>
	<ExtendedData><SchemaData schemaUrl="#Sheet1">
		<SimpleData name="Capa">1 Konnek - Azogues Actualizado</SimpleData>
		<SimpleData name="Nombre">A3 N6</SimpleData>
		<SimpleData name="Latitud">-2.768484</SimpleData>
		<SimpleData name="Longitud">-78.844446</SimpleData>
	</SchemaData></ExtendedData>
  </Placemark>
  <Placemark>
	<ExtendedData><SchemaData schemaUrl="#Sheet1">
		<SimpleData name="Capa">1 Konnek - Azogues Actualizado</SimpleData>
		<SimpleData name="Nombre">A3 N7</SimpleData>
		<SimpleData name="Latitud">-2.768714</SimpleData>
		<SimpleData name="Longitud">-78.844972</SimpleData>
	</SchemaData></ExtendedData>
  </Placemark>
  <Placemark>
	<ExtendedData><SchemaData schemaUrl="#Sheet1">
		<SimpleData name="Capa">1 Konnek - Azogues Actualizado</SimpleData>
		<SimpleData name="Nombre">A4 N1</SimpleData>
		<SimpleData name="Latitud">-2.76728</SimpleData>
		<SimpleData name="Longitud">-78.844216</SimpleData>
	</SchemaData></ExtendedData>
  </Placemark>
  <Placemark>
	<ExtendedData><SchemaData schemaUrl="#Sheet1">
		<SimpleData name="Capa">1 Konnek - Azogues Actualizado</SimpleData>
		<SimpleData name="Nombre">A4 N2</SimpleData>
		<SimpleData name="Latitud">-2.7665319</SimpleData>
		<SimpleData name="Longitud">-78.8447646</SimpleData>
	</SchemaData></ExtendedData>
  </Placemark>
  <Placemark>
	<ExtendedData><SchemaData schemaUrl="#Sheet1">
		<SimpleData name="Capa">1 Konnek - Azogues Actualizado</SimpleData>
		<SimpleData name="Nombre">A4 N3</SimpleData>
		<SimpleData name="Latitud">-2.765665</SimpleData>
		<SimpleData name="Longitud">-78.843435</SimpleData>
	</SchemaData></ExtendedData>
  </Placemark>
  <Placemark>
	<ExtendedData><SchemaData schemaUrl="#Sheet1">
		<SimpleData name="Capa">1 Konnek - Azogues Actualizado</SimpleData>
		<SimpleData name="Nombre">A4 N4</SimpleData>
		<SimpleData name="Latitud">-2.764658</SimpleData>
		<SimpleData name="Longitud">-78.843377</SimpleData>
	</SchemaData></ExtendedData>
  </Placemark>
  <Placemark>
	<ExtendedData><SchemaData schemaUrl="#Sheet1">
		<SimpleData name="Capa">1 Konnek - Azogues Actualizado</SimpleData>
		<SimpleData name="Nombre">A4 N5</SimpleData>
		<SimpleData name="Latitud">-2.763756</SimpleData>
		<SimpleData name="Longitud">-78.843355</SimpleData>
	</SchemaData></ExtendedData>
  </Placemark>
  <Placemark>
	<ExtendedData><SchemaData schemaUrl="#Sheet1">
		<SimpleData name="Capa">1 Konnek - Azogues Actualizado</SimpleData>
		<SimpleData name="Nombre">A4 N6</SimpleData>
		<SimpleData name="Latitud">-2.762867</SimpleData>
		<SimpleData name="Longitud">-78.844136</SimpleData>
	</SchemaData></ExtendedData>
  </Placemark>
  <Placemark>
	<ExtendedData><SchemaData schemaUrl="#Sheet1">
		<SimpleData name="Capa">1 Konnek - Azogues Actualizado</SimpleData>
		<SimpleData name="Nombre">A4 N7</SimpleData>
		<SimpleData name="Latitud">-2.76264</SimpleData>
		<SimpleData name="Longitud">-78.844932</SimpleData>
	</SchemaData></ExtendedData>
  </Placemark>
  <Placemark>
	<ExtendedData><SchemaData schemaUrl="#Sheet1">
		<SimpleData name="Capa">1 Konnek - Azogues Actualizado</SimpleData>
		<SimpleData name="Nombre">A5-N1 (Caja Manga)</SimpleData>
		<SimpleData name="Latitud">-2.7690661</SimpleData>
		<SimpleData name="Longitud">-78.8456436</SimpleData>
	</SchemaData></ExtendedData>
  </Placemark>
  <Placemark>
	<ExtendedData><SchemaData schemaUrl="#Sheet1">
		<SimpleData name="Capa">1 Konnek - Azogues Actualizado</SimpleData>
		<SimpleData name="Nombre">A5-N2</SimpleData>
		<SimpleData name="Latitud">-2.7693553</SimpleData>
		<SimpleData name="Longitud">-78.8440016</SimpleData>
	</SchemaData></ExtendedData>
  </Placemark>
  <Placemark>
	<ExtendedData><SchemaData schemaUrl="#Sheet1">
		<SimpleData name="Capa">1 Konnek - Azogues Actualizado</SimpleData>
		<SimpleData name="Nombre">A5-N6</SimpleData>
		<SimpleData name="Latitud">-2.7692782</SimpleData>
		<SimpleData name="Longitud">-78.8432206</SimpleData>
	</SchemaData></ExtendedData>
  </Placemark>
  <Placemark>
	<ExtendedData><SchemaData schemaUrl="#Sheet1">
		<SimpleData name="Capa">1 Konnek - Azogues Actualizado</SimpleData>
		<SimpleData name="Nombre">A5-N3</SimpleData>
		<SimpleData name="Latitud">-2.768824</SimpleData>
		<SimpleData name="Longitud">-78.841881</SimpleData>
	</SchemaData></ExtendedData>
  </Placemark>
  <Placemark>
	<ExtendedData><SchemaData schemaUrl="#Sheet1">
		<SimpleData name="Capa">1 Konnek - Azogues Actualizado</SimpleData>
		<SimpleData name="Nombre">A5-N4</SimpleData>
		<SimpleData name="Latitud">-2.768108</SimpleData>
		<SimpleData name="Longitud">-78.841623</SimpleData>
	</SchemaData></ExtendedData>
  </Placemark>
  <Placemark>
	<ExtendedData><SchemaData schemaUrl="#Sheet1">
		<SimpleData name="Capa">1 Konnek - Azogues Actualizado</SimpleData>
		<SimpleData name="Nombre">A5-N5</SimpleData>
		<SimpleData name="Latitud">-2.767324</SimpleData>
		<SimpleData name="Longitud">-78.841303</SimpleData>
	</SchemaData></ExtendedData>
  </Placemark>
  <Placemark>
	<ExtendedData><SchemaData schemaUrl="#Sheet1">
		<SimpleData name="Capa">1 Konnek - Azogues Actualizado</SimpleData>
		<SimpleData name="Nombre">A6-N1 (Caja Manga)</SimpleData>
		<SimpleData name="Latitud">-2.769561</SimpleData>
		<SimpleData name="Longitud">-78.842239</SimpleData>
	</SchemaData></ExtendedData>
  </Placemark>
  <Placemark>
	<ExtendedData><SchemaData schemaUrl="#Sheet1">
		<SimpleData name="Capa">1 Konnek - Azogues Actualizado</SimpleData>
		<SimpleData name="Nombre">A6-N2</SimpleData>
		<SimpleData name="Latitud">-2.769967</SimpleData>
		<SimpleData name="Longitud">-78.84196</SimpleData>
	</SchemaData></ExtendedData>
  </Placemark>
  <Placemark>
	<ExtendedData><SchemaData schemaUrl="#Sheet1">
		<SimpleData name="Capa">1 Konnek - Azogues Actualizado</SimpleData>
		<SimpleData name="Nombre">A6 N3</SimpleData>
		<SimpleData name="Latitud">-2.770635</SimpleData>
		<SimpleData name="Longitud">-78.842854</SimpleData>
	</SchemaData></ExtendedData>
  </Placemark>
  <Placemark>
	<ExtendedData><SchemaData schemaUrl="#Sheet1">
		<SimpleData name="Capa">1 Konnek - Azogues Actualizado</SimpleData>
		<SimpleData name="Nombre">A6 N4</SimpleData>
		<SimpleData name="Latitud">-2.771478</SimpleData>
		<SimpleData name="Longitud">-78.841903</SimpleData>
	</SchemaData></ExtendedData>
  </Placemark>
  <Placemark>
	<ExtendedData><SchemaData schemaUrl="#Sheet1">
		<SimpleData name="Capa">1 Konnek - Azogues Actualizado</SimpleData>
		<SimpleData name="Nombre">A6 N5</SimpleData>
		<SimpleData name="Latitud">-2.771937</SimpleData>
		<SimpleData name="Longitud">-78.842487</SimpleData>
	</SchemaData></ExtendedData>
  </Placemark>
  <Placemark>
	<ExtendedData><SchemaData schemaUrl="#Sheet1">
		<SimpleData name="Capa">1 Konnek - Azogues Actualizado</SimpleData>
		<SimpleData name="Nombre">A6 N6</SimpleData>
		<SimpleData name="Latitud">-2.773518</SimpleData>
		<SimpleData name="Longitud">-78.842166</SimpleData>
	</SchemaData></ExtendedData>
  </Placemark>
  <Placemark>
	<ExtendedData><SchemaData schemaUrl="#Sheet1">
		<SimpleData name="Capa">1 Konnek - Azogues Actualizado</SimpleData>
		<SimpleData name="Nombre">A7 N1</SimpleData>
		<SimpleData name="Latitud">-2.765713</SimpleData>
		<SimpleData name="Longitud">-78.846914</SimpleData>
	</SchemaData></ExtendedData>
  </Placemark>
  <Placemark>
	<ExtendedData><SchemaData schemaUrl="#Sheet1">
		<SimpleData name="Capa">1 Konnek - Azogues Actualizado</SimpleData>
		<SimpleData name="Nombre">A7 N2</SimpleData>
		<SimpleData name="Latitud">-2.766709</SimpleData>
		<SimpleData name="Longitud">-78.8472182</SimpleData>
	</SchemaData></ExtendedData>
  </Placemark>
  <Placemark>
	<ExtendedData><SchemaData schemaUrl="#Sheet1">
		<SimpleData name="Capa">1 Konnek - Azogues Actualizado</SimpleData>
		<SimpleData name="Nombre">A7 N3</SimpleData>
		<SimpleData name="Latitud">-2.768316</SimpleData>
		<SimpleData name="Longitud">-78.847749</SimpleData>
	</SchemaData></ExtendedData>
  </Placemark>
  <Placemark>
	<ExtendedData><SchemaData schemaUrl="#Sheet1">
		<SimpleData name="Capa">1 Konnek - Azogues Actualizado</SimpleData>
		<SimpleData name="Nombre">A7 N4</SimpleData>
		<SimpleData name="Latitud">-2.769978</SimpleData>
		<SimpleData name="Longitud">-78.848159</SimpleData>
	</SchemaData></ExtendedData>
  </Placemark>
  <Placemark>
	<ExtendedData><SchemaData schemaUrl="#Sheet1">
		<SimpleData name="Capa">1 Konnek - Azogues Actualizado</SimpleData>
		<SimpleData name="Nombre">A7 N5</SimpleData>
		<SimpleData name="Latitud">-2.7712768</SimpleData>
		<SimpleData name="Longitud">-78.848419</SimpleData>
	</SchemaData></ExtendedData>
  </Placemark>
  <Placemark>
	<ExtendedData><SchemaData schemaUrl="#Sheet1">
		<SimpleData name="Capa">1 Konnek - Azogues Actualizado</SimpleData>
		<SimpleData name="Nombre">A7 N6</SimpleData>
		<SimpleData name="Latitud">-2.772534</SimpleData>
		<SimpleData name="Longitud">-78.848959</SimpleData>
	</SchemaData></ExtendedData>
  </Placemark>
  <Placemark>
	<ExtendedData><SchemaData schemaUrl="#Sheet1">
		<SimpleData name="Capa">1 Konnek - Azogues Actualizado</SimpleData>
		<SimpleData name="Nombre">A7 N7</SimpleData>
		<SimpleData name="Latitud">-2.774151</SimpleData>
		<SimpleData name="Longitud">-78.85034</SimpleData>
	</SchemaData></ExtendedData>
  </Placemark>
  <Placemark>
	<ExtendedData><SchemaData schemaUrl="#Sheet1">
		<SimpleData name="Capa">1 Konnek - Azogues Actualizado</SimpleData>
		<SimpleData name="Nombre">A1.N8</SimpleData>
		<SimpleData name="Latitud">-2.77416</SimpleData>
		<SimpleData name="Longitud">-78.849641</SimpleData>
	</SchemaData></ExtendedData>
  </Placemark>
  <Placemark>
	<ExtendedData><SchemaData schemaUrl="#Sheet1">
		<SimpleData name="Capa">1 Konnek - Azogues Actualizado</SimpleData>
		<SimpleData name="Nombre">A8 N1</SimpleData>
		<SimpleData name="Latitud">-2.774508</SimpleData>
		<SimpleData name="Longitud">-78.847823</SimpleData>
	</SchemaData></ExtendedData>
  </Placemark>
  <Placemark>
	<ExtendedData><SchemaData schemaUrl="#Sheet1">
		<SimpleData name="Capa">1 Konnek - Azogues Actualizado</SimpleData>
		<SimpleData name="Nombre">A8 N2</SimpleData>
		<SimpleData name="Latitud">-2.773071</SimpleData>
		<SimpleData name="Longitud">-78.8446059</SimpleData>
	</SchemaData></ExtendedData>
  </Placemark>
  <Placemark>
	<ExtendedData><SchemaData schemaUrl="#Sheet1">
		<SimpleData name="Capa">1 Konnek - Azogues Actualizado</SimpleData>
		<SimpleData name="Nombre">A8 N3</SimpleData>
		<SimpleData name="Latitud">-2.776396</SimpleData>
		<SimpleData name="Longitud">-78.848162</SimpleData>
	</SchemaData></ExtendedData>
  </Placemark>
  <Placemark>
	<ExtendedData><SchemaData schemaUrl="#Sheet1">
		<SimpleData name="Capa">1 Konnek - Azogues Actualizado</SimpleData>
		<SimpleData name="Nombre">A8 N4</SimpleData>
		<SimpleData name="Latitud">-2.775758</SimpleData>
		<SimpleData name="Longitud">-78.849226</SimpleData>
	</SchemaData></ExtendedData>
  </Placemark>
  <Placemark>
	<ExtendedData><SchemaData schemaUrl="#Sheet1">
		<SimpleData name="Capa">1 Konnek - Azogues Actualizado</SimpleData>
		<SimpleData name="Nombre">A8 N5</SimpleData>
		<SimpleData name="Latitud">-2.776545</SimpleData>
		<SimpleData name="Longitud">-78.850394</SimpleData>
	</SchemaData></ExtendedData>
  </Placemark>
  <Placemark>
	<ExtendedData><SchemaData schemaUrl="#Sheet1">
		<SimpleData name="Capa">1 Konnek - Azogues Actualizado</SimpleData>
		<SimpleData name="Nombre">A8 N6</SimpleData>
		<SimpleData name="Latitud">-2.777346</SimpleData>
		<SimpleData name="Longitud">-78.850143</SimpleData>
	</SchemaData></ExtendedData>
  </Placemark>
  <Placemark>
	<ExtendedData><SchemaData schemaUrl="#Sheet1">
		<SimpleData name="Capa">1 Konnek - Azogues Actualizado</SimpleData>
		<SimpleData name="Nombre">A8 N7</SimpleData>
		<SimpleData name="Latitud">-2.777806</SimpleData>
		<SimpleData name="Longitud">-78.849323</SimpleData>
	</SchemaData></ExtendedData>
  </Placemark>
  <Placemark>
	<ExtendedData><SchemaData schemaUrl="#Sheet1">
		<SimpleData name="Capa">1 Konnek - Azogues Actualizado</SimpleData>
		<SimpleData name="Nombre">A8 N8</SimpleData>
		<SimpleData name="Latitud">-2.777784</SimpleData>
		<SimpleData name="Longitud">-78.847406</SimpleData>
	</SchemaData></ExtendedData>
  </Placemark>
  <Placemark>
	<ExtendedData><SchemaData schemaUrl="#Sheet1">
		<SimpleData name="Capa">1 Konnek - Azogues Actualizado</SimpleData>
		<SimpleData name="Nombre">A8 N10</SimpleData>
		<SimpleData name="Latitud">-2.778628</SimpleData>
		<SimpleData name="Longitud">-78.845414</SimpleData>
	</SchemaData></ExtendedData>
  </Placemark>
  <Placemark>
	<ExtendedData><SchemaData schemaUrl="#Sheet1">
		<SimpleData name="Capa">1 Konnek - Azogues Actualizado</SimpleData>
		<SimpleData name="Nombre">A9.N1</SimpleData>
		<SimpleData name="Latitud">-2.7688037</SimpleData>
		<SimpleData name="Longitud">-78.8509079</SimpleData>
	</SchemaData></ExtendedData>
  </Placemark>
  <Placemark>
	<ExtendedData><SchemaData schemaUrl="#Sheet1">
		<SimpleData name="Capa">1 Konnek - Azogues Actualizado</SimpleData>
		<SimpleData name="Nombre">A9.N2</SimpleData>
		<SimpleData name="Latitud">-2.7667577</SimpleData>
		<SimpleData name="Longitud">-78.8505393</SimpleData>
	</SchemaData></ExtendedData>
  </Placemark>
  <Placemark>
	<ExtendedData><SchemaData schemaUrl="#Sheet1">
		<SimpleData name="Capa">1 Konnek - Azogues Actualizado</SimpleData>
		<SimpleData name="Nombre">A9.N3</SimpleData>
		<SimpleData name="Latitud">-2.761447</SimpleData>
		<SimpleData name="Longitud">-78.849944</SimpleData>
	</SchemaData></ExtendedData>
  </Placemark>
  <Placemark>
	<ExtendedData><SchemaData schemaUrl="#Sheet1">
		<SimpleData name="Capa">1 Konnek - Azogues Actualizado</SimpleData>
		<SimpleData name="Nombre">A9.N4</SimpleData>
		<SimpleData name="Latitud">-2.760836</SimpleData>
		<SimpleData name="Longitud">-78.854836</SimpleData>
	</SchemaData></ExtendedData>
  </Placemark>
  <Placemark>
	<ExtendedData><SchemaData schemaUrl="#Sheet1">
		<SimpleData name="Capa">1 Konnek - Azogues Actualizado</SimpleData>
		<SimpleData name="Nombre">A9.N5</SimpleData>
		<SimpleData name="Latitud">-2.757439</SimpleData>
		<SimpleData name="Longitud">-78.853978</SimpleData>
	</SchemaData></ExtendedData>
  </Placemark>
  <Placemark>
	<ExtendedData><SchemaData schemaUrl="#Sheet1">
		<SimpleData name="Capa">1 Konnek - Azogues Actualizado</SimpleData>
		<SimpleData name="Nombre">Finales</SimpleData>
		<SimpleData name="Latitud">-2.7495431</SimpleData>
		<SimpleData name="Longitud">-78.8493714</SimpleData>
	</SchemaData></ExtendedData>
  </Placemark>
  <Placemark>
	<ExtendedData><SchemaData schemaUrl="#Sheet1">
		<SimpleData name="Capa">1 Konnek - Azogues Actualizado</SimpleData>
		<SimpleData name="Nombre">C4-N1</SimpleData>
		<SimpleData name="Latitud">-2.7484095</SimpleData>
		<SimpleData name="Longitud">-78.8443199</SimpleData>
	</SchemaData></ExtendedData>
  </Placemark>
  <Placemark>
	<ExtendedData><SchemaData schemaUrl="#Sheet1">
		<SimpleData name="Capa">1 Konnek - Azogues Actualizado</SimpleData>
		<SimpleData name="Nombre">C4.N2</SimpleData>
		<SimpleData name="Latitud">-2.74575</SimpleData>
		<SimpleData name="Longitud">-78.84066</SimpleData>
	</SchemaData></ExtendedData>
  </Placemark>
  <Placemark>
	<ExtendedData><SchemaData schemaUrl="#Sheet1">
		<SimpleData name="Capa">1 Konnek - Azogues Actualizado</SimpleData>
		<SimpleData name="Nombre">C4.N3</SimpleData>
		<SimpleData name="Latitud">-2.7432903</SimpleData>
		<SimpleData name="Longitud">-78.8381396</SimpleData>
	</SchemaData></ExtendedData>
  </Placemark>
  <Placemark>
	<ExtendedData><SchemaData schemaUrl="#Sheet1">
		<SimpleData name="Capa">1 Konnek - Azogues Actualizado</SimpleData>
		<SimpleData name="Nombre">C6.N2</SimpleData>
		<SimpleData name="Latitud">-2.7426625</SimpleData>
		<SimpleData name="Longitud">-78.8232052</SimpleData>
	</SchemaData></ExtendedData>
  </Placemark>
  <Placemark>
	<ExtendedData><SchemaData schemaUrl="#Sheet1">
		<SimpleData name="Capa">1 Konnek - Azogues Actualizado</SimpleData>
		<SimpleData name="Nombre">C6.N3</SimpleData>
		<SimpleData name="Latitud">-2.7412487</SimpleData>
		<SimpleData name="Longitud">-78.8219926</SimpleData>
	</SchemaData></ExtendedData>
  </Placemark>
  <Placemark>
	<ExtendedData><SchemaData schemaUrl="#Sheet1">
		<SimpleData name="Capa">1 Konnek - Azogues Actualizado</SimpleData>
		<SimpleData name="Nombre">C6.N5</SimpleData>
		<SimpleData name="Latitud">-2.7383785</SimpleData>
		<SimpleData name="Longitud">-78.8196059</SimpleData>
	</SchemaData></ExtendedData>
  </Placemark>
  <Placemark>
	<ExtendedData><SchemaData schemaUrl="#Sheet1">
		<SimpleData name="Capa">1 Konnek - Azogues Actualizado</SimpleData>
		<SimpleData name="Nombre">C6.N6</SimpleData>
		<SimpleData name="Latitud">-2.7380718</SimpleData>
		<SimpleData name="Longitud">-78.8184772</SimpleData>
	</SchemaData></ExtendedData>
  </Placemark>
  <Placemark>
	<ExtendedData><SchemaData schemaUrl="#Sheet1">
		<SimpleData name="Capa">1 Konnek - Azogues Actualizado</SimpleData>
		<SimpleData name="Nombre">C6.N7</SimpleData>
		<SimpleData name="Latitud">-2.7374197</SimpleData>
		<SimpleData name="Longitud">-78.8161201</SimpleData>
	</SchemaData></ExtendedData>
  </Placemark>
  <Placemark>
	<ExtendedData><SchemaData schemaUrl="#Sheet1">
		<SimpleData name="Capa">1 Konnek - Azogues Actualizado</SimpleData>
		<SimpleData name="Nombre">C8.N1</SimpleData>
		<SimpleData name="Latitud">-2.736937</SimpleData>
		<SimpleData name="Longitud">-78.8152454</SimpleData>
	</SchemaData></ExtendedData>
  </Placemark>
  <Placemark>
	<ExtendedData><SchemaData schemaUrl="#Sheet1">
		<SimpleData name="Capa">1 Konnek - Azogues Actualizado</SimpleData>
		<SimpleData name="Nombre">C3.N8</SimpleData>
		<SimpleData name="Latitud">-2.734574</SimpleData>
		<SimpleData name="Longitud">-78.812994</SimpleData>
	</SchemaData></ExtendedData>
  </Placemark>
  <Placemark>
	<ExtendedData><SchemaData schemaUrl="#Sheet1">
		<SimpleData name="Capa">1 Konnek - Azogues Actualizado</SimpleData>
		<SimpleData name="Nombre">Punto 90</SimpleData>
		<SimpleData name="Latitud">-2.7516115</SimpleData>
		<SimpleData name="Longitud">-78.8415014</SimpleData>
	</SchemaData></ExtendedData>
  </Placemark>
  <Placemark>
	<ExtendedData><SchemaData schemaUrl="#Sheet1">
		<SimpleData name="Capa">1 Konnek - Azogues Actualizado</SimpleData>
		<SimpleData name="Nombre">C6-N4</SimpleData>
		<SimpleData name="Latitud">-2.7401172</SimpleData>
		<SimpleData name="Longitud">-78.8209655</SimpleData>
	</SchemaData></ExtendedData>
  </Placemark>
  <Placemark>
	<ExtendedData><SchemaData schemaUrl="#Sheet1">
		<SimpleData name="Capa">CUENCA 14/12/2021 Konnek Zona de Cobertura</SimpleData>
		<SimpleData name="Nombre">KM0903-1</SimpleData>
		<SimpleData name="Latitud">-2.916454</SimpleData>
		<SimpleData name="Longitud">-79.009966</SimpleData>
	</SchemaData></ExtendedData>
  </Placemark>
  <Placemark>
	<ExtendedData><SchemaData schemaUrl="#Sheet1">
		<SimpleData name="Capa">CUENCA 14/12/2021 Konnek Zona de Cobertura</SimpleData>
		<SimpleData name="Nombre">KM0903-2</SimpleData>
		<SimpleData name="Latitud">-2.915836</SimpleData>
		<SimpleData name="Longitud">-79.011201</SimpleData>
	</SchemaData></ExtendedData>
  </Placemark>
  <Placemark>
	<ExtendedData><SchemaData schemaUrl="#Sheet1">
		<SimpleData name="Capa">CUENCA 14/12/2021 Konnek Zona de Cobertura</SimpleData>
		<SimpleData name="Nombre">KM0903-3</SimpleData>
		<SimpleData name="Latitud">-2.916793</SimpleData>
		<SimpleData name="Longitud">-79.012602</SimpleData>
	</SchemaData></ExtendedData>
  </Placemark>
  <Placemark>
	<ExtendedData><SchemaData schemaUrl="#Sheet1">
		<SimpleData name="Capa">CUENCA 14/12/2021 Konnek Zona de Cobertura</SimpleData>
		<SimpleData name="Nombre">KM0903-4</SimpleData>
		<SimpleData name="Latitud">-2.916007</SimpleData>
		<SimpleData name="Longitud">-79.013458</SimpleData>
	</SchemaData></ExtendedData>
  </Placemark>
  <Placemark>
	<ExtendedData><SchemaData schemaUrl="#Sheet1">
		<SimpleData name="Capa">CUENCA 14/12/2021 Konnek Zona de Cobertura</SimpleData>
		<SimpleData name="Nombre">KM0903-5</SimpleData>
		<SimpleData name="Latitud">-2.917199</SimpleData>
		<SimpleData name="Longitud">-79.01311</SimpleData>
	</SchemaData></ExtendedData>
  </Placemark>
  <Placemark>
	<ExtendedData><SchemaData schemaUrl="#Sheet1">
		<SimpleData name="Capa">CUENCA 14/12/2021 Konnek Zona de Cobertura</SimpleData>
		<SimpleData name="Nombre">KM0903-6</SimpleData>
		<SimpleData name="Latitud">-2.917089</SimpleData>
		<SimpleData name="Longitud">-79.010907</SimpleData>
	</SchemaData></ExtendedData>
  </Placemark>
  <Placemark>
	<ExtendedData><SchemaData schemaUrl="#Sheet1">
		<SimpleData name="Capa">CUENCA 14/12/2021 Konnek Zona de Cobertura</SimpleData>
		<SimpleData name="Nombre">KM0903-7  MALL</SimpleData>
		<SimpleData name="Latitud">-2.918389</SimpleData>
		<SimpleData name="Longitud">-79.015448</SimpleData>
	</SchemaData></ExtendedData>
  </Placemark>
  <Placemark>
	<ExtendedData><SchemaData schemaUrl="#Sheet1">
		<SimpleData name="Capa">CUENCA 14/12/2021 Konnek Zona de Cobertura</SimpleData>
		<SimpleData name="Nombre">Nodo Konnek</SimpleData>
		<SimpleData name="Latitud">-2.91843</SimpleData>
		<SimpleData name="Longitud">-79.038845</SimpleData>
	</SchemaData></ExtendedData>
  </Placemark>
  <Placemark>
	<ExtendedData><SchemaData schemaUrl="#Sheet1">
		<SimpleData name="Capa">CUENCA 14/12/2021 Konnek Zona de Cobertura</SimpleData>
		<SimpleData name="Nombre">Acceso Cubo Telecom</SimpleData>
		<SimpleData name="Latitud">-2.915024</SimpleData>
		<SimpleData name="Longitud">-79.035226</SimpleData>
	</SchemaData></ExtendedData>
  </Placemark>
  <Placemark>
	<ExtendedData><SchemaData schemaUrl="#Sheet1">
		<SimpleData name="Capa">CUENCA 14/12/2021 Konnek Zona de Cobertura</SimpleData>
		<SimpleData name="Nombre">Nap K.N1</SimpleData>
		<SimpleData name="Latitud">-2.918751</SimpleData>
		<SimpleData name="Longitud">-79.03887</SimpleData>
	</SchemaData></ExtendedData>
  </Placemark>
  <Placemark>
	<ExtendedData><SchemaData schemaUrl="#Sheet1">
		<SimpleData name="Capa">CUENCA 14/12/2021 Konnek Zona de Cobertura</SimpleData>
		<SimpleData name="Nombre">Nap K.N2</SimpleData>
		<SimpleData name="Latitud">-2.919977</SimpleData>
		<SimpleData name="Longitud">-79.038851</SimpleData>
	</SchemaData></ExtendedData>
  </Placemark>
  <Placemark>
	<ExtendedData><SchemaData schemaUrl="#Sheet1">
		<SimpleData name="Capa">CUENCA 14/12/2021 Konnek Zona de Cobertura</SimpleData>
		<SimpleData name="Nombre">Nap K.N3</SimpleData>
		<SimpleData name="Latitud">-2.920388</SimpleData>
		<SimpleData name="Longitud">-79.037955</SimpleData>
	</SchemaData></ExtendedData>
  </Placemark>
  <Placemark>
	<ExtendedData><SchemaData schemaUrl="#Sheet1">
		<SimpleData name="Capa">CUENCA 14/12/2021 Konnek Zona de Cobertura</SimpleData>
		<SimpleData name="Nombre">Nap K.N4</SimpleData>
		<SimpleData name="Latitud">-2.921255</SimpleData>
		<SimpleData name="Longitud">-79.036457</SimpleData>
	</SchemaData></ExtendedData>
  </Placemark>
  <Placemark>
	<ExtendedData><SchemaData schemaUrl="#Sheet1">
		<SimpleData name="Capa">CUENCA 14/12/2021 Konnek Zona de Cobertura</SimpleData>
		<SimpleData name="Nombre">Nap K.N5</SimpleData>
		<SimpleData name="Latitud">-2.922222</SimpleData>
		<SimpleData name="Longitud">-79.036242</SimpleData>
	</SchemaData></ExtendedData>
  </Placemark>
  <Placemark>
	<ExtendedData><SchemaData schemaUrl="#Sheet1">
		<SimpleData name="Capa">CUENCA 14/12/2021 Konnek Zona de Cobertura</SimpleData>
		<SimpleData name="Nombre">Nap K.N6</SimpleData>
		<SimpleData name="Latitud">-2.922737</SimpleData>
		<SimpleData name="Longitud">-79.037207</SimpleData>
	</SchemaData></ExtendedData>
  </Placemark>
  <Placemark>
	<ExtendedData><SchemaData schemaUrl="#Sheet1">
		<SimpleData name="Capa">CUENCA 14/12/2021 Konnek Zona de Cobertura</SimpleData>
		<SimpleData name="Nombre">Nap K.N7</SimpleData>
		<SimpleData name="Latitud">-2.923776</SimpleData>
		<SimpleData name="Longitud">-79.038108</SimpleData>
	</SchemaData></ExtendedData>
  </Placemark>
  <Placemark>
	<ExtendedData><SchemaData schemaUrl="#Sheet1">
		<SimpleData name="Capa">CUENCA 14/12/2021 Konnek Zona de Cobertura</SimpleData>
		<SimpleData name="Nombre">Nap B11-12</SimpleData>
		<SimpleData name="Latitud">-2.927479</SimpleData>
		<SimpleData name="Longitud">-79.042725</SimpleData>
	</SchemaData></ExtendedData>
  </Placemark>
  <Placemark>
	<ExtendedData><SchemaData schemaUrl="#Sheet1">
		<SimpleData name="Capa">CUENCA 14/12/2021 Konnek Zona de Cobertura</SimpleData>
		<SimpleData name="Nombre">Nap B11.N1</SimpleData>
		<SimpleData name="Latitud">-2.928331</SimpleData>
		<SimpleData name="Longitud">-79.042783</SimpleData>
	</SchemaData></ExtendedData>
  </Placemark>
  <Placemark>
	<ExtendedData><SchemaData schemaUrl="#Sheet1">
		<SimpleData name="Capa">CUENCA 14/12/2021 Konnek Zona de Cobertura</SimpleData>
		<SimpleData name="Nombre">Nap B11.N2</SimpleData>
		<SimpleData name="Latitud">-2.929253</SimpleData>
		<SimpleData name="Longitud">-79.043047</SimpleData>
	</SchemaData></ExtendedData>
  </Placemark>
  <Placemark>
	<ExtendedData><SchemaData schemaUrl="#Sheet1">
		<SimpleData name="Capa">CUENCA 14/12/2021 Konnek Zona de Cobertura</SimpleData>
		<SimpleData name="Nombre">Nap B11.N3</SimpleData>
		<SimpleData name="Latitud">-2.930725</SimpleData>
		<SimpleData name="Longitud">-79.043542</SimpleData>
	</SchemaData></ExtendedData>
  </Placemark>
  <Placemark>
	<ExtendedData><SchemaData schemaUrl="#Sheet1">
		<SimpleData name="Capa">CUENCA 14/12/2021 Konnek Zona de Cobertura</SimpleData>
		<SimpleData name="Nombre">Nap B11.N4</SimpleData>
		<SimpleData name="Latitud">-2.931147</SimpleData>
		<SimpleData name="Longitud">-79.042857</SimpleData>
	</SchemaData></ExtendedData>
  </Placemark>
  <Placemark>
	<ExtendedData><SchemaData schemaUrl="#Sheet1">
		<SimpleData name="Capa">CUENCA 14/12/2021 Konnek Zona de Cobertura</SimpleData>
		<SimpleData name="Nombre">Nap B11.N5</SimpleData>
		<SimpleData name="Latitud">-2.930158</SimpleData>
		<SimpleData name="Longitud">-79.042458</SimpleData>
	</SchemaData></ExtendedData>
  </Placemark>
  <Placemark>
	<ExtendedData><SchemaData schemaUrl="#Sheet1">
		<SimpleData name="Capa">CUENCA 14/12/2021 Konnek Zona de Cobertura</SimpleData>
		<SimpleData name="Nombre">Nap B11.N6</SimpleData>
		<SimpleData name="Latitud">-2.930045</SimpleData>
		<SimpleData name="Longitud">-79.041175</SimpleData>
	</SchemaData></ExtendedData>
  </Placemark>
  <Placemark>
	<ExtendedData><SchemaData schemaUrl="#Sheet1">
		<SimpleData name="Capa">CUENCA 14/12/2021 Konnek Zona de Cobertura</SimpleData>
		<SimpleData name="Nombre">Nap B11.N7</SimpleData>
		<SimpleData name="Latitud">-2.929148</SimpleData>
		<SimpleData name="Longitud">-79.040439</SimpleData>
	</SchemaData></ExtendedData>
  </Placemark>
  <Placemark>
	<ExtendedData><SchemaData schemaUrl="#Sheet1">
		<SimpleData name="Capa">CUENCA 14/12/2021 Konnek Zona de Cobertura</SimpleData>
		<SimpleData name="Nombre">Punto 13</SimpleData>
		<SimpleData name="Latitud">-2.941708</SimpleData>
		<SimpleData name="Longitud">-79.048784</SimpleData>
	</SchemaData></ExtendedData>
  </Placemark>
  <Placemark>
	<ExtendedData><SchemaData schemaUrl="#Sheet1">
		<SimpleData name="Capa">CUENCA 14/12/2021 Konnek Zona de Cobertura</SimpleData>
		<SimpleData name="Nombre">Punto 14</SimpleData>
		<SimpleData name="Latitud">-2.941355</SimpleData>
		<SimpleData name="Longitud">-79.047594</SimpleData>
	</SchemaData></ExtendedData>
  </Placemark>
  <Placemark>
	<ExtendedData><SchemaData schemaUrl="#Sheet1">
		<SimpleData name="Capa">CUENCA 14/12/2021 Konnek Zona de Cobertura</SimpleData>
		<SimpleData name="Nombre">Punto 15</SimpleData>
		<SimpleData name="Latitud">-2.939454</SimpleData>
		<SimpleData name="Longitud">-79.047795</SimpleData>
	</SchemaData></ExtendedData>
  </Placemark>
  <Placemark>
	<ExtendedData><SchemaData schemaUrl="#Sheet1">
		<SimpleData name="Capa">CUENCA 14/12/2021 Konnek Zona de Cobertura</SimpleData>
		<SimpleData name="Nombre">Punto 16</SimpleData>
		<SimpleData name="Latitud">-2.93823</SimpleData>
		<SimpleData name="Longitud">-79.047087</SimpleData>
	</SchemaData></ExtendedData>
  </Placemark>
  <Placemark>
	<ExtendedData><SchemaData schemaUrl="#Sheet1">
		<SimpleData name="Capa">CUENCA 14/12/2021 Konnek Zona de Cobertura</SimpleData>
		<SimpleData name="Nombre">Punto 17</SimpleData>
		<SimpleData name="Latitud">-2.937689</SimpleData>
		<SimpleData name="Longitud">-79.04625</SimpleData>
	</SchemaData></ExtendedData>
  </Placemark>
  <Placemark>
	<ExtendedData><SchemaData schemaUrl="#Sheet1">
		<SimpleData name="Capa">CUENCA 14/12/2021 Konnek Zona de Cobertura</SimpleData>
		<SimpleData name="Nombre">Punto 18</SimpleData>
		<SimpleData name="Latitud">-2.936674</SimpleData>
		<SimpleData name="Longitud">-79.045831</SimpleData>
	</SchemaData></ExtendedData>
  </Placemark>
  <Placemark>
	<ExtendedData><SchemaData schemaUrl="#Sheet1">
		<SimpleData name="Capa">CUENCA 14/12/2021 Konnek Zona de Cobertura</SimpleData>
		<SimpleData name="Nombre">hilo tomate</SimpleData>
		<SimpleData name="Latitud">-2.934562</SimpleData>
		<SimpleData name="Longitud">-79.044886</SimpleData>
	</SchemaData></ExtendedData>
  </Placemark>
  <Placemark>
	<ExtendedData><SchemaData schemaUrl="#Sheet1">
		<SimpleData name="Capa">CUENCA 14/12/2021 Konnek Zona de Cobertura</SimpleData>
		<SimpleData name="Nombre">hilo azul drop 8h</SimpleData>
		<SimpleData name="Latitud">-2.932957</SimpleData>
		<SimpleData name="Longitud">-79.044085</SimpleData>
	</SchemaData></ExtendedData>
  </Placemark>
  <Placemark>
	<ExtendedData><SchemaData schemaUrl="#Sheet1">
		<SimpleData name="Capa">CUENCA 14/12/2021 Konnek Zona de Cobertura</SimpleData>
		<SimpleData name="Nombre">Nap G.N1</SimpleData>
		<SimpleData name="Latitud">-2.9209594</SimpleData>
		<SimpleData name="Longitud">-79.0475014</SimpleData>
	</SchemaData></ExtendedData>
  </Placemark>
  <Placemark>
	<ExtendedData><SchemaData schemaUrl="#Sheet1">
		<SimpleData name="Capa">CUENCA 14/12/2021 Konnek Zona de Cobertura</SimpleData>
		<SimpleData name="Nombre">Nap G.N2</SimpleData>
		<SimpleData name="Latitud">-2.9225087</SimpleData>
		<SimpleData name="Longitud">-79.0485127</SimpleData>
	</SchemaData></ExtendedData>
  </Placemark>
  <Placemark>
	<ExtendedData><SchemaData schemaUrl="#Sheet1">
		<SimpleData name="Capa">CUENCA 14/12/2021 Konnek Zona de Cobertura</SimpleData>
		<SimpleData name="Nombre">Nap G.N3</SimpleData>
		<SimpleData name="Latitud">-2.924885</SimpleData>
		<SimpleData name="Longitud">-79.049538</SimpleData>
	</SchemaData></ExtendedData>
  </Placemark>
  <Placemark>
	<ExtendedData><SchemaData schemaUrl="#Sheet1">
		<SimpleData name="Capa">CUENCA 14/12/2021 Konnek Zona de Cobertura</SimpleData>
		<SimpleData name="Nombre">Nap G.N4</SimpleData>
		<SimpleData name="Latitud">-2.925288</SimpleData>
		<SimpleData name="Longitud">-79.048321</SimpleData>
	</SchemaData></ExtendedData>
  </Placemark>
  <Placemark>
	<ExtendedData><SchemaData schemaUrl="#Sheet1">
		<SimpleData name="Capa">CUENCA 14/12/2021 Konnek Zona de Cobertura</SimpleData>
		<SimpleData name="Nombre">Nap G.N5</SimpleData>
		<SimpleData name="Latitud">-2.926117</SimpleData>
		<SimpleData name="Longitud">-79.048712</SimpleData>
	</SchemaData></ExtendedData>
  </Placemark>
  <Placemark>
	<ExtendedData><SchemaData schemaUrl="#Sheet1">
		<SimpleData name="Capa">CUENCA 14/12/2021 Konnek Zona de Cobertura</SimpleData>
		<SimpleData name="Nombre">Nap G.N6</SimpleData>
		<SimpleData name="Latitud">-2.926498</SimpleData>
		<SimpleData name="Longitud">-79.050109</SimpleData>
	</SchemaData></ExtendedData>
  </Placemark>
  <Placemark>
	<ExtendedData><SchemaData schemaUrl="#Sheet1">
		<SimpleData name="Capa">CUENCA 14/12/2021 Konnek Zona de Cobertura</SimpleData>
		<SimpleData name="Nombre">Nap G.N7</SimpleData>
		<SimpleData name="Latitud">-2.926734</SimpleData>
		<SimpleData name="Longitud">-79.051782</SimpleData>
	</SchemaData></ExtendedData>
  </Placemark>
  <Placemark>
	<ExtendedData><SchemaData schemaUrl="#Sheet1">
		<SimpleData name="Capa">CUENCA 14/12/2021 Konnek Zona de Cobertura</SimpleData>
		<SimpleData name="Nombre">Nap H.N1</SimpleData>
		<SimpleData name="Latitud">-2.927262</SimpleData>
		<SimpleData name="Longitud">-79.053555</SimpleData>
	</SchemaData></ExtendedData>
  </Placemark>
  <Placemark>
	<ExtendedData><SchemaData schemaUrl="#Sheet1">
		<SimpleData name="Capa">CUENCA 14/12/2021 Konnek Zona de Cobertura</SimpleData>
		<SimpleData name="Nombre">Nap H.N2</SimpleData>
		<SimpleData name="Latitud">-2.92844</SimpleData>
		<SimpleData name="Longitud">-79.055206</SimpleData>
	</SchemaData></ExtendedData>
  </Placemark>
  <Placemark>
	<ExtendedData><SchemaData schemaUrl="#Sheet1">
		<SimpleData name="Capa">CUENCA 14/12/2021 Konnek Zona de Cobertura</SimpleData>
		<SimpleData name="Nombre">Nap H.N3</SimpleData>
		<SimpleData name="Latitud">-2.927278</SimpleData>
		<SimpleData name="Longitud">-79.055991</SimpleData>
	</SchemaData></ExtendedData>
  </Placemark>
  <Placemark>
	<ExtendedData><SchemaData schemaUrl="#Sheet1">
		<SimpleData name="Capa">CUENCA 14/12/2021 Konnek Zona de Cobertura</SimpleData>
		<SimpleData name="Nombre">Nap H.N4</SimpleData>
		<SimpleData name="Latitud">-2.9230888</SimpleData>
		<SimpleData name="Longitud">-79.0528639</SimpleData>
	</SchemaData></ExtendedData>
  </Placemark>
  <Placemark>
	<ExtendedData><SchemaData schemaUrl="#Sheet1">
		<SimpleData name="Capa">CUENCA 14/12/2021 Konnek Zona de Cobertura</SimpleData>
		<SimpleData name="Nombre">Nap H.N5</SimpleData>
		<SimpleData name="Latitud">-2.925642</SimpleData>
		<SimpleData name="Longitud">-79.058447</SimpleData>
	</SchemaData></ExtendedData>
  </Placemark>
  <Placemark>
	<ExtendedData><SchemaData schemaUrl="#Sheet1">
		<SimpleData name="Capa">CUENCA 14/12/2021 Konnek Zona de Cobertura</SimpleData>
		<SimpleData name="Nombre">Nap H.N6</SimpleData>
		<SimpleData name="Latitud">-2.925351</SimpleData>
		<SimpleData name="Longitud">-79.059831</SimpleData>
	</SchemaData></ExtendedData>
  </Placemark>
  <Placemark>
	<ExtendedData><SchemaData schemaUrl="#Sheet1">
		<SimpleData name="Capa">CUENCA 14/12/2021 Konnek Zona de Cobertura</SimpleData>
		<SimpleData name="Nombre">H-N7</SimpleData>
		<SimpleData name="Latitud">-2.9217878</SimpleData>
		<SimpleData name="Longitud">-79.0597112</SimpleData>
	</SchemaData></ExtendedData>
  </Placemark>
  <Placemark>
	<ExtendedData><SchemaData schemaUrl="#Sheet1">
		<SimpleData name="Capa">CUENCA 14/12/2021 Konnek Zona de Cobertura</SimpleData>
		<SimpleData name="Nombre">Nap H.N8</SimpleData>
		<SimpleData name="Latitud">-2.924436</SimpleData>
		<SimpleData name="Longitud">-79.06229</SimpleData>
	</SchemaData></ExtendedData>
  </Placemark>
  <Placemark>
	<ExtendedData><SchemaData schemaUrl="#Sheet1">
		<SimpleData name="Capa">CUENCA 14/12/2021 Konnek Zona de Cobertura</SimpleData>
		<SimpleData name="Nombre">Nap H.N9</SimpleData>
		<SimpleData name="Latitud">-2.923616</SimpleData>
		<SimpleData name="Longitud">-79.062564</SimpleData>
	</SchemaData></ExtendedData>
  </Placemark>
  <Placemark>
	<ExtendedData><SchemaData schemaUrl="#Sheet1">
		<SimpleData name="Capa">CUENCA 14/12/2021 Konnek Zona de Cobertura</SimpleData>
		<SimpleData name="Nombre">Nap I.N1</SimpleData>
		<SimpleData name="Latitud">-2.9294</SimpleData>
		<SimpleData name="Longitud">-79.054355</SimpleData>
	</SchemaData></ExtendedData>
  </Placemark>
  <Placemark>
	<ExtendedData><SchemaData schemaUrl="#Sheet1">
		<SimpleData name="Capa">CUENCA 14/12/2021 Konnek Zona de Cobertura</SimpleData>
		<SimpleData name="Nombre">Nap I.N2</SimpleData>
		<SimpleData name="Latitud">-2.930126</SimpleData>
		<SimpleData name="Longitud">-79.053934</SimpleData>
	</SchemaData></ExtendedData>
  </Placemark>
  <Placemark>
	<ExtendedData><SchemaData schemaUrl="#Sheet1">
		<SimpleData name="Capa">CUENCA 14/12/2021 Konnek Zona de Cobertura</SimpleData>
		<SimpleData name="Nombre">Nap I.N3</SimpleData>
		<SimpleData name="Latitud">-2.930812</SimpleData>
		<SimpleData name="Longitud">-79.052433</SimpleData>
	</SchemaData></ExtendedData>
  </Placemark>
  <Placemark>
	<ExtendedData><SchemaData schemaUrl="#Sheet1">
		<SimpleData name="Capa">CUENCA 14/12/2021 Konnek Zona de Cobertura</SimpleData>
		<SimpleData name="Nombre">Nap I.N4</SimpleData>
		<SimpleData name="Latitud">-2.931066</SimpleData>
		<SimpleData name="Longitud">-79.050788</SimpleData>
	</SchemaData></ExtendedData>
  </Placemark>
  <Placemark>
	<ExtendedData><SchemaData schemaUrl="#Sheet1">
		<SimpleData name="Capa">CUENCA 14/12/2021 Konnek Zona de Cobertura</SimpleData>
		<SimpleData name="Nombre">Nap I.N5</SimpleData>
		<SimpleData name="Latitud">-2.931583</SimpleData>
		<SimpleData name="Longitud">-79.049622</SimpleData>
	</SchemaData></ExtendedData>
  </Placemark>
  <Placemark>
	<ExtendedData><SchemaData schemaUrl="#Sheet1">
		<SimpleData name="Capa">CUENCA 14/12/2021 Konnek Zona de Cobertura</SimpleData>
		<SimpleData name="Nombre">Nap I.N6</SimpleData>
		<SimpleData name="Latitud">-2.932113</SimpleData>
		<SimpleData name="Longitud">-79.047642</SimpleData>
	</SchemaData></ExtendedData>
  </Placemark>
  <Placemark>
	<ExtendedData><SchemaData schemaUrl="#Sheet1">
		<SimpleData name="Capa">CUENCA 14/12/2021 Konnek Zona de Cobertura</SimpleData>
		<SimpleData name="Nombre">Nap I.N7</SimpleData>
		<SimpleData name="Latitud">-2.932888</SimpleData>
		<SimpleData name="Longitud">-79.047149</SimpleData>
	</SchemaData></ExtendedData>
  </Placemark>
  <Placemark>
	<ExtendedData><SchemaData schemaUrl="#Sheet1">
		<SimpleData name="Capa">CUENCA 14/12/2021 Konnek Zona de Cobertura</SimpleData>
		<SimpleData name="Nombre">Nap I.N8</SimpleData>
		<SimpleData name="Latitud">-2.932542</SimpleData>
		<SimpleData name="Longitud">-79.046215</SimpleData>
	</SchemaData></ExtendedData>
  </Placemark>
  <Placemark>
	<ExtendedData><SchemaData schemaUrl="#Sheet1">
		<SimpleData name="Capa">CUENCA 14/12/2021 Konnek Zona de Cobertura</SimpleData>
		<SimpleData name="Nombre">Nap I.N9</SimpleData>
		<SimpleData name="Latitud">-2.931592</SimpleData>
		<SimpleData name="Longitud">-79.04599</SimpleData>
	</SchemaData></ExtendedData>
  </Placemark>
  <Placemark>
	<ExtendedData><SchemaData schemaUrl="#Sheet1">
		<SimpleData name="Capa">CUENCA 14/12/2021 Konnek Zona de Cobertura</SimpleData>
		<SimpleData name="Nombre">Nap I.N10</SimpleData>
		<SimpleData name="Latitud">-2.932288</SimpleData>
		<SimpleData name="Longitud">-79.04526</SimpleData>
	</SchemaData></ExtendedData>
  </Placemark>
  <Placemark>
	<ExtendedData><SchemaData schemaUrl="#Sheet1">
		<SimpleData name="Capa">CUENCA 14/12/2021 Konnek Zona de Cobertura</SimpleData>
		<SimpleData name="Nombre">Nap J.N1</SimpleData>
		<SimpleData name="Latitud">-2.92668</SimpleData>
		<SimpleData name="Longitud">-79.038891</SimpleData>
	</SchemaData></ExtendedData>
  </Placemark>
  <Placemark>
	<ExtendedData><SchemaData schemaUrl="#Sheet1">
		<SimpleData name="Capa">CUENCA 14/12/2021 Konnek Zona de Cobertura</SimpleData>
		<SimpleData name="Nombre">Nap J.N2</SimpleData>
		<SimpleData name="Latitud">-2.926032</SimpleData>
		<SimpleData name="Longitud">-79.037588</SimpleData>
	</SchemaData></ExtendedData>
  </Placemark>
  <Placemark>
	<ExtendedData><SchemaData schemaUrl="#Sheet1">
		<SimpleData name="Capa">CUENCA 14/12/2021 Konnek Zona de Cobertura</SimpleData>
		<SimpleData name="Nombre">Nap J.N3</SimpleData>
		<SimpleData name="Latitud">-2.9263804</SimpleData>
		<SimpleData name="Longitud">-79.0362413</SimpleData>
	</SchemaData></ExtendedData>
  </Placemark>
  <Placemark>
	<ExtendedData><SchemaData schemaUrl="#Sheet1">
		<SimpleData name="Capa">CUENCA 14/12/2021 Konnek Zona de Cobertura</SimpleData>
		<SimpleData name="Nombre">Nap J.N5</SimpleData>
		<SimpleData name="Latitud">-2.9288528</SimpleData>
		<SimpleData name="Longitud">-79.0364336</SimpleData>
	</SchemaData></ExtendedData>
  </Placemark>
  <Placemark>
	<ExtendedData><SchemaData schemaUrl="#Sheet1">
		<SimpleData name="Capa">CUENCA 14/12/2021 Konnek Zona de Cobertura</SimpleData>
		<SimpleData name="Nombre">Nap J.N6</SimpleData>
		<SimpleData name="Latitud">-2.931145</SimpleData>
		<SimpleData name="Longitud">-79.0371472</SimpleData>
	</SchemaData></ExtendedData>
  </Placemark>
  <Placemark>
	<ExtendedData><SchemaData schemaUrl="#Sheet1">
		<SimpleData name="Capa">CUENCA 14/12/2021 Konnek Zona de Cobertura</SimpleData>
		<SimpleData name="Nombre">Nap J.N8</SimpleData>
		<SimpleData name="Latitud">-2.931415</SimpleData>
		<SimpleData name="Longitud">-79.0357582</SimpleData>
	</SchemaData></ExtendedData>
  </Placemark>
  <Placemark>
	<ExtendedData><SchemaData schemaUrl="#Sheet1">
		<SimpleData name="Capa">CUENCA 14/12/2021 Konnek Zona de Cobertura</SimpleData>
		<SimpleData name="Nombre">Nap J.N9</SimpleData>
		<SimpleData name="Latitud">-2.930706</SimpleData>
		<SimpleData name="Longitud">-79.034212</SimpleData>
	</SchemaData></ExtendedData>
  </Placemark>
  <Placemark>
	<ExtendedData><SchemaData schemaUrl="#Sheet1">
		<SimpleData name="Capa">CUENCA 14/12/2021 Konnek Zona de Cobertura</SimpleData>
		<SimpleData name="Nombre">Nap J.N10</SimpleData>
		<SimpleData name="Latitud">-2.9292385</SimpleData>
		<SimpleData name="Longitud">-79.0330529</SimpleData>
	</SchemaData></ExtendedData>
  </Placemark>
  <Placemark>
	<ExtendedData><SchemaData schemaUrl="#Sheet1">
		<SimpleData name="Capa">CUENCA 14/12/2021 Konnek Zona de Cobertura</SimpleData>
		<SimpleData name="Nombre">Nap J.N11</SimpleData>
		<SimpleData name="Latitud">-2.9311449</SimpleData>
		<SimpleData name="Longitud">-79.0321834</SimpleData>
	</SchemaData></ExtendedData>
  </Placemark>
  <Placemark>
	<ExtendedData><SchemaData schemaUrl="#Sheet1">
		<SimpleData name="Capa">CUENCA 14/12/2021 Konnek Zona de Cobertura</SimpleData>
		<SimpleData name="Nombre">P64d Nap Ramal Iglesias</SimpleData>
		<SimpleData name="Latitud">-2.917997</SimpleData>
		<SimpleData name="Longitud">-79.055396</SimpleData>
	</SchemaData></ExtendedData>
  </Placemark>
  <Placemark>
	<ExtendedData><SchemaData schemaUrl="#Sheet1">
		<SimpleData name="Capa">CUENCA 14/12/2021 Konnek Zona de Cobertura</SimpleData>
		<SimpleData name="Nombre">P6D Nap B1</SimpleData>
		<SimpleData name="Latitud">-2.922212</SimpleData>
		<SimpleData name="Longitud">-79.045348</SimpleData>
	</SchemaData></ExtendedData>
  </Placemark>
  <Placemark>
	<ExtendedData><SchemaData schemaUrl="#Sheet1">
		<SimpleData name="Capa">CUENCA 14/12/2021 Konnek Zona de Cobertura</SimpleData>
		<SimpleData name="Nombre">P18D. NAPb2</SimpleData>
		<SimpleData name="Latitud">-2.922107</SimpleData>
		<SimpleData name="Longitud">-79.047618</SimpleData>
	</SchemaData></ExtendedData>
  </Placemark>
  <Placemark>
	<ExtendedData><SchemaData schemaUrl="#Sheet1">
		<SimpleData name="Capa">CUENCA 14/12/2021 Konnek Zona de Cobertura</SimpleData>
		<SimpleData name="Nombre">P23D napb3</SimpleData>
		<SimpleData name="Latitud">-2.92288</SimpleData>
		<SimpleData name="Longitud">-79.046984</SimpleData>
	</SchemaData></ExtendedData>
  </Placemark>
  <Placemark>
	<ExtendedData><SchemaData schemaUrl="#Sheet1">
		<SimpleData name="Capa">CUENCA 14/12/2021 Konnek Zona de Cobertura</SimpleData>
		<SimpleData name="Nombre">P30i nap B4</SimpleData>
		<SimpleData name="Latitud">-2.923935</SimpleData>
		<SimpleData name="Longitud">-79.045634</SimpleData>
	</SchemaData></ExtendedData>
  </Placemark>
  <Placemark>
	<ExtendedData><SchemaData schemaUrl="#Sheet1">
		<SimpleData name="Capa">CUENCA 14/12/2021 Konnek Zona de Cobertura</SimpleData>
		<SimpleData name="Nombre">P35D napb5</SimpleData>
		<SimpleData name="Latitud">-2.925202</SimpleData>
		<SimpleData name="Longitud">-79.045168</SimpleData>
	</SchemaData></ExtendedData>
  </Placemark>
  <Placemark>
	<ExtendedData><SchemaData schemaUrl="#Sheet1">
		<SimpleData name="Capa">CUENCA 14/12/2021 Konnek Zona de Cobertura</SimpleData>
		<SimpleData name="Nombre">P41d napb6</SimpleData>
		<SimpleData name="Latitud">-2.92649</SimpleData>
		<SimpleData name="Longitud">-79.046004</SimpleData>
	</SchemaData></ExtendedData>
  </Placemark>
  <Placemark>
	<ExtendedData><SchemaData schemaUrl="#Sheet1">
		<SimpleData name="Capa">CUENCA 14/12/2021 Konnek Zona de Cobertura</SimpleData>
		<SimpleData name="Nombre">P47 napb7</SimpleData>
		<SimpleData name="Latitud">-2.927507</SimpleData>
		<SimpleData name="Longitud">-79.04627</SimpleData>
	</SchemaData></ExtendedData>
  </Placemark>
  <Placemark>
	<ExtendedData><SchemaData schemaUrl="#Sheet1">
		<SimpleData name="Capa">CUENCA 14/12/2021 Konnek Zona de Cobertura</SimpleData>
		<SimpleData name="Nombre">P55i nap b8</SimpleData>
		<SimpleData name="Latitud">-2.928808</SimpleData>
		<SimpleData name="Longitud">-79.046956</SimpleData>
	</SchemaData></ExtendedData>
  </Placemark>
  <Placemark>
	<ExtendedData><SchemaData schemaUrl="#Sheet1">
		<SimpleData name="Capa">CUENCA 14/12/2021 Konnek Zona de Cobertura</SimpleData>
		<SimpleData name="Nombre">P62I nap b9</SimpleData>
		<SimpleData name="Latitud">-2.928592</SimpleData>
		<SimpleData name="Longitud">-79.04489</SimpleData>
	</SchemaData></ExtendedData>
  </Placemark>
  <Placemark>
	<ExtendedData><SchemaData schemaUrl="#Sheet1">
		<SimpleData name="Capa">CUENCA 14/12/2021 Konnek Zona de Cobertura</SimpleData>
		<SimpleData name="Nombre">P69I nap b10</SimpleData>
		<SimpleData name="Latitud">-2.927628</SimpleData>
		<SimpleData name="Longitud">-79.044115</SimpleData>
	</SchemaData></ExtendedData>
  </Placemark>
  <Placemark>
	<ExtendedData><SchemaData schemaUrl="#Sheet1">
		<SimpleData name="Capa">CUENCA 14/12/2021 Konnek Zona de Cobertura</SimpleData>
		<SimpleData name="Nombre">Pos 6 Nap C1</SimpleData>
		<SimpleData name="Latitud">-2.922871</SimpleData>
		<SimpleData name="Longitud">-79.044333</SimpleData>
	</SchemaData></ExtendedData>
  </Placemark>
  <Placemark>
	<ExtendedData><SchemaData schemaUrl="#Sheet1">
		<SimpleData name="Capa">CUENCA 14/12/2021 Konnek Zona de Cobertura</SimpleData>
		<SimpleData name="Nombre">Pos 9 Nap C2</SimpleData>
		<SimpleData name="Latitud">-2.923729</SimpleData>
		<SimpleData name="Longitud">-79.043492</SimpleData>
	</SchemaData></ExtendedData>
  </Placemark>
  <Placemark>
	<ExtendedData><SchemaData schemaUrl="#Sheet1">
		<SimpleData name="Capa">CUENCA 14/12/2021 Konnek Zona de Cobertura</SimpleData>
		<SimpleData name="Nombre">Pos 14 Nap C3</SimpleData>
		<SimpleData name="Latitud">-2.923664</SimpleData>
		<SimpleData name="Longitud">-79.042213</SimpleData>
	</SchemaData></ExtendedData>
  </Placemark>
  <Placemark>
	<ExtendedData><SchemaData schemaUrl="#Sheet1">
		<SimpleData name="Capa">CUENCA 14/12/2021 Konnek Zona de Cobertura</SimpleData>
		<SimpleData name="Nombre">Pos 17 Nap C4</SimpleData>
		<SimpleData name="Latitud">-2.923207</SimpleData>
		<SimpleData name="Longitud">-79.041373</SimpleData>
	</SchemaData></ExtendedData>
  </Placemark>
  <Placemark>
	<ExtendedData><SchemaData schemaUrl="#Sheet1">
		<SimpleData name="Capa">CUENCA 14/12/2021 Konnek Zona de Cobertura</SimpleData>
		<SimpleData name="Nombre">Pos 20 nap C5</SimpleData>
		<SimpleData name="Latitud">-2.922248</SimpleData>
		<SimpleData name="Longitud">-79.041017</SimpleData>
	</SchemaData></ExtendedData>
  </Placemark>
  <Placemark>
	<ExtendedData><SchemaData schemaUrl="#Sheet1">
		<SimpleData name="Capa">CUENCA 14/12/2021 Konnek Zona de Cobertura</SimpleData>
		<SimpleData name="Nombre">Pos 25 Nap C6</SimpleData>
		<SimpleData name="Latitud">-2.921581</SimpleData>
		<SimpleData name="Longitud">-79.041696</SimpleData>
	</SchemaData></ExtendedData>
  </Placemark>
  <Placemark>
	<ExtendedData><SchemaData schemaUrl="#Sheet1">
		<SimpleData name="Capa">CUENCA 14/12/2021 Konnek Zona de Cobertura</SimpleData>
		<SimpleData name="Nombre">Pos 32 Nap C7</SimpleData>
		<SimpleData name="Latitud">-2.920697</SimpleData>
		<SimpleData name="Longitud">-79.040837</SimpleData>
	</SchemaData></ExtendedData>
  </Placemark>
  <Placemark>
	<ExtendedData><SchemaData schemaUrl="#Sheet1">
		<SimpleData name="Capa">CUENCA 14/12/2021 Konnek Zona de Cobertura</SimpleData>
		<SimpleData name="Nombre">Pos 37 Nap8</SimpleData>
		<SimpleData name="Latitud">-2.92162</SimpleData>
		<SimpleData name="Longitud">-79.03951</SimpleData>
	</SchemaData></ExtendedData>
  </Placemark>
  <Placemark>
	<ExtendedData><SchemaData schemaUrl="#Sheet1">
		<SimpleData name="Capa">CUENCA 14/12/2021 Konnek Zona de Cobertura</SimpleData>
		<SimpleData name="Nombre">Pos 40 - Nap9</SimpleData>
		<SimpleData name="Latitud">-2.922412</SimpleData>
		<SimpleData name="Longitud">-79.039686</SimpleData>
	</SchemaData></ExtendedData>
  </Placemark>
  <Placemark>
	<ExtendedData><SchemaData schemaUrl="#Sheet1">
		<SimpleData name="Capa">CUENCA 14/12/2021 Konnek Zona de Cobertura</SimpleData>
		<SimpleData name="Nombre">Pos 44 nap 10</SimpleData>
		<SimpleData name="Latitud">-2.922722</SimpleData>
		<SimpleData name="Longitud">-79.040241</SimpleData>
	</SchemaData></ExtendedData>
  </Placemark>
  <Placemark>
	<ExtendedData><SchemaData schemaUrl="#Sheet1">
		<SimpleData name="Capa">CUENCA 14/12/2021 Konnek Zona de Cobertura</SimpleData>
		<SimpleData name="Nombre">D-N1</SimpleData>
		<SimpleData name="Latitud">-2.922277</SimpleData>
		<SimpleData name="Longitud">-79.043873</SimpleData>
	</SchemaData></ExtendedData>
  </Placemark>
  <Placemark>
	<ExtendedData><SchemaData schemaUrl="#Sheet1">
		<SimpleData name="Capa">CUENCA 14/12/2021 Konnek Zona de Cobertura</SimpleData>
		<SimpleData name="Nombre">D-N2</SimpleData>
		<SimpleData name="Latitud">-2.921876</SimpleData>
		<SimpleData name="Longitud">-79.042827</SimpleData>
	</SchemaData></ExtendedData>
  </Placemark>
  <Placemark>
	<ExtendedData><SchemaData schemaUrl="#Sheet1">
		<SimpleData name="Capa">CUENCA 14/12/2021 Konnek Zona de Cobertura</SimpleData>
		<SimpleData name="Nombre">D-N3</SimpleData>
		<SimpleData name="Latitud">-2.92097</SimpleData>
		<SimpleData name="Longitud">-79.044106</SimpleData>
	</SchemaData></ExtendedData>
  </Placemark>
  <Placemark>
	<ExtendedData><SchemaData schemaUrl="#Sheet1">
		<SimpleData name="Capa">CUENCA 14/12/2021 Konnek Zona de Cobertura</SimpleData>
		<SimpleData name="Nombre">D-N4</SimpleData>
		<SimpleData name="Latitud">-2.920994</SimpleData>
		<SimpleData name="Longitud">-79.045045</SimpleData>
	</SchemaData></ExtendedData>
  </Placemark>
  <Placemark>
	<ExtendedData><SchemaData schemaUrl="#Sheet1">
		<SimpleData name="Capa">CUENCA 14/12/2021 Konnek Zona de Cobertura</SimpleData>
		<SimpleData name="Nombre">D-N5</SimpleData>
		<SimpleData name="Latitud">-2.920068</SimpleData>
		<SimpleData name="Longitud">-79.045353</SimpleData>
	</SchemaData></ExtendedData>
  </Placemark>
  <Placemark>
	<ExtendedData><SchemaData schemaUrl="#Sheet1">
		<SimpleData name="Capa">CUENCA 14/12/2021 Konnek Zona de Cobertura</SimpleData>
		<SimpleData name="Nombre">D-N6</SimpleData>
		<SimpleData name="Latitud">-2.918666</SimpleData>
		<SimpleData name="Longitud">-79.042785</SimpleData>
	</SchemaData></ExtendedData>
  </Placemark>
  <Placemark>
	<ExtendedData><SchemaData schemaUrl="#Sheet1">
		<SimpleData name="Capa">CUENCA 14/12/2021 Konnek Zona de Cobertura</SimpleData>
		<SimpleData name="Nombre">D-N7</SimpleData>
		<SimpleData name="Latitud">-2.91868</SimpleData>
		<SimpleData name="Longitud">-79.040709</SimpleData>
	</SchemaData></ExtendedData>
  </Placemark>
  <Placemark>
	<ExtendedData><SchemaData schemaUrl="#Sheet1">
		<SimpleData name="Capa">CUENCA 14/12/2021 Konnek Zona de Cobertura</SimpleData>
		<SimpleData name="Nombre">D-N8</SimpleData>
		<SimpleData name="Latitud">-2.917153</SimpleData>
		<SimpleData name="Longitud">-79.040539</SimpleData>
	</SchemaData></ExtendedData>
  </Placemark>
  <Placemark>
	<ExtendedData><SchemaData schemaUrl="#Sheet1">
		<SimpleData name="Capa">CUENCA 14/12/2021 Konnek Zona de Cobertura</SimpleData>
		<SimpleData name="Nombre">D-N9</SimpleData>
		<SimpleData name="Latitud">-2.917068</SimpleData>
		<SimpleData name="Longitud">-79.04303</SimpleData>
	</SchemaData></ExtendedData>
  </Placemark>
  <Placemark>
	<ExtendedData><SchemaData schemaUrl="#Sheet1">
		<SimpleData name="Capa">CUENCA 14/12/2021 Konnek Zona de Cobertura</SimpleData>
		<SimpleData name="Nombre">D-N10</SimpleData>
		<SimpleData name="Latitud">-2.91646</SimpleData>
		<SimpleData name="Longitud">-79.043872</SimpleData>
	</SchemaData></ExtendedData>
  </Placemark>
  <Placemark>
	<ExtendedData><SchemaData schemaUrl="#Sheet1">
		<SimpleData name="Capa">CUENCA 14/12/2021 Konnek Zona de Cobertura</SimpleData>
		<SimpleData name="Nombre">A1-N2</SimpleData>
		<SimpleData name="Latitud">-2.910385</SimpleData>
		<SimpleData name="Longitud">-79.061674</SimpleData>
	</SchemaData></ExtendedData>
  </Placemark>
  <Placemark>
	<ExtendedData><SchemaData schemaUrl="#Sheet1">
		<SimpleData name="Capa">CUENCA 14/12/2021 Konnek Zona de Cobertura</SimpleData>
		<SimpleData name="Nombre">A1-N3</SimpleData>
		<SimpleData name="Latitud">-2.911289</SimpleData>
		<SimpleData name="Longitud">-79.061181</SimpleData>
	</SchemaData></ExtendedData>
  </Placemark>
  <Placemark>
	<ExtendedData><SchemaData schemaUrl="#Sheet1">
		<SimpleData name="Capa">CUENCA 14/12/2021 Konnek Zona de Cobertura</SimpleData>
		<SimpleData name="Nombre">A1-N4</SimpleData>
		<SimpleData name="Latitud">-2.911262</SimpleData>
		<SimpleData name="Longitud">-79.059997</SimpleData>
	</SchemaData></ExtendedData>
  </Placemark>
  <Placemark>
	<ExtendedData><SchemaData schemaUrl="#Sheet1">
		<SimpleData name="Capa">CUENCA 14/12/2021 Konnek Zona de Cobertura</SimpleData>
		<SimpleData name="Nombre">A1-N6</SimpleData>
		<SimpleData name="Latitud">-2.910479</SimpleData>
		<SimpleData name="Longitud">-79.058499</SimpleData>
	</SchemaData></ExtendedData>
  </Placemark>
  <Placemark>
	<ExtendedData><SchemaData schemaUrl="#Sheet1">
		<SimpleData name="Capa">CUENCA 14/12/2021 Konnek Zona de Cobertura</SimpleData>
		<SimpleData name="Nombre">Nap 1</SimpleData>
		<SimpleData name="Latitud">-2.927479</SimpleData>
		<SimpleData name="Longitud">-79.042725</SimpleData>
	</SchemaData></ExtendedData>
  </Placemark>
  <Placemark>
	<ExtendedData><SchemaData schemaUrl="#Sheet1">
		<SimpleData name="Capa">CUENCA 14/12/2021 Konnek Zona de Cobertura</SimpleData>
		<SimpleData name="Nombre">P4D nap1</SimpleData>
		<SimpleData name="Latitud">-2.928331</SimpleData>
		<SimpleData name="Longitud">-79.042783</SimpleData>
	</SchemaData></ExtendedData>
  </Placemark>
  <Placemark>
	<ExtendedData><SchemaData schemaUrl="#Sheet1">
		<SimpleData name="Capa">CUENCA 14/12/2021 Konnek Zona de Cobertura</SimpleData>
		<SimpleData name="Nombre">P8D nap2</SimpleData>
		<SimpleData name="Latitud">-2.929253</SimpleData>
		<SimpleData name="Longitud">-79.043047</SimpleData>
	</SchemaData></ExtendedData>
  </Placemark>
  <Placemark>
	<ExtendedData><SchemaData schemaUrl="#Sheet1">
		<SimpleData name="Capa">CUENCA 14/12/2021 Konnek Zona de Cobertura</SimpleData>
		<SimpleData name="Nombre">P12D nap3</SimpleData>
		<SimpleData name="Latitud">-2.930725</SimpleData>
		<SimpleData name="Longitud">-79.043542</SimpleData>
	</SchemaData></ExtendedData>
  </Placemark>
  <Placemark>
	<ExtendedData><SchemaData schemaUrl="#Sheet1">
		<SimpleData name="Capa">CUENCA 14/12/2021 Konnek Zona de Cobertura</SimpleData>
		<SimpleData name="Nombre">P19 Nap 4</SimpleData>
		<SimpleData name="Latitud">-2.931147</SimpleData>
		<SimpleData name="Longitud">-79.042857</SimpleData>
	</SchemaData></ExtendedData>
  </Placemark>
  <Placemark>
	<ExtendedData><SchemaData schemaUrl="#Sheet1">
		<SimpleData name="Capa">CUENCA 14/12/2021 Konnek Zona de Cobertura</SimpleData>
		<SimpleData name="Nombre">P22 D Nap 5</SimpleData>
		<SimpleData name="Latitud">-2.930158</SimpleData>
		<SimpleData name="Longitud">-79.042458</SimpleData>
	</SchemaData></ExtendedData>
  </Placemark>
  <Placemark>
	<ExtendedData><SchemaData schemaUrl="#Sheet1">
		<SimpleData name="Capa">CUENCA 14/12/2021 Konnek Zona de Cobertura</SimpleData>
		<SimpleData name="Nombre">P1D-NapD1</SimpleData>
		<SimpleData name="Latitud">-2.918056</SimpleData>
		<SimpleData name="Longitud">-79.055434</SimpleData>
	</SchemaData></ExtendedData>
  </Placemark>
  <Placemark>
	<ExtendedData><SchemaData schemaUrl="#Sheet1">
		<SimpleData name="Capa">CUENCA 14/12/2021 Konnek Zona de Cobertura</SimpleData>
		<SimpleData name="Nombre">P6D-NAPD2</SimpleData>
		<SimpleData name="Latitud">-2.918085</SimpleData>
		<SimpleData name="Longitud">-79.057145</SimpleData>
	</SchemaData></ExtendedData>
  </Placemark>
  <Placemark>
	<ExtendedData><SchemaData schemaUrl="#Sheet1">
		<SimpleData name="Capa">CUENCA 14/12/2021 Konnek Zona de Cobertura</SimpleData>
		<SimpleData name="Nombre">P16D-NAPD3</SimpleData>
		<SimpleData name="Latitud">-2.918871</SimpleData>
		<SimpleData name="Longitud">-79.060281</SimpleData>
	</SchemaData></ExtendedData>
  </Placemark>
  <Placemark>
	<ExtendedData><SchemaData schemaUrl="#Sheet1">
		<SimpleData name="Capa">CUENCA 14/12/2021 Konnek Zona de Cobertura</SimpleData>
		<SimpleData name="Nombre">P31-Nap D4</SimpleData>
		<SimpleData name="Latitud">-2.920181</SimpleData>
		<SimpleData name="Longitud">-79.064877</SimpleData>
	</SchemaData></ExtendedData>
  </Placemark>
  <Placemark>
	<ExtendedData><SchemaData schemaUrl="#Sheet1">
		<SimpleData name="Capa">CUENCA 14/12/2021 Konnek Zona de Cobertura</SimpleData>
		<SimpleData name="Nombre">A4-N8</SimpleData>
		<SimpleData name="Latitud">-2.922604</SimpleData>
		<SimpleData name="Longitud">-79.06592</SimpleData>
	</SchemaData></ExtendedData>
  </Placemark>
  <Placemark>
	<ExtendedData><SchemaData schemaUrl="#Sheet1">
		<SimpleData name="Capa">CUENCA 14/12/2021 Konnek Zona de Cobertura</SimpleData>
		<SimpleData name="Nombre">A4-N7</SimpleData>
		<SimpleData name="Latitud">-2.9240826</SimpleData>
		<SimpleData name="Longitud">-79.0660567</SimpleData>
	</SchemaData></ExtendedData>
  </Placemark>
  <Placemark>
	<ExtendedData><SchemaData schemaUrl="#Sheet1">
		<SimpleData name="Capa">CUENCA 14/12/2021 Konnek Zona de Cobertura</SimpleData>
		<SimpleData name="Nombre">A4-N6</SimpleData>
		<SimpleData name="Latitud">-2.924132</SimpleData>
		<SimpleData name="Longitud">-79.067283</SimpleData>
	</SchemaData></ExtendedData>
  </Placemark>
  <Placemark>
	<ExtendedData><SchemaData schemaUrl="#Sheet1">
		<SimpleData name="Capa">CUENCA 14/12/2021 Konnek Zona de Cobertura</SimpleData>
		<SimpleData name="Nombre">P58Dnapip65 cuarta</SimpleData>
		<SimpleData name="Latitud">-2.924696</SimpleData>
		<SimpleData name="Longitud">-79.069481</SimpleData>
	</SchemaData></ExtendedData>
  </Placemark>
  <Placemark>
	<ExtendedData><SchemaData schemaUrl="#Sheet1">
		<SimpleData name="Capa">CUENCA 14/12/2021 Konnek Zona de Cobertura</SimpleData>
		<SimpleData name="Nombre">P61D napip65 quinta</SimpleData>
		<SimpleData name="Latitud">-2.92462</SimpleData>
		<SimpleData name="Longitud">-79.070017</SimpleData>
	</SchemaData></ExtendedData>
  </Placemark>
  <Placemark>
	<ExtendedData><SchemaData schemaUrl="#Sheet1">
		<SimpleData name="Capa">CUENCA 14/12/2021 Konnek Zona de Cobertura</SimpleData>
		<SimpleData name="Nombre">Punto 3</SimpleData>
		<SimpleData name="Latitud">-2.918737</SimpleData>
		<SimpleData name="Longitud">-79.037878</SimpleData>
	</SchemaData></ExtendedData>
  </Placemark>
  <Placemark>
	<ExtendedData><SchemaData schemaUrl="#Sheet1">
		<SimpleData name="Capa">CUENCA 14/12/2021 Konnek Zona de Cobertura</SimpleData>
		<SimpleData name="Nombre">Punto 4</SimpleData>
		<SimpleData name="Latitud">-2.918587</SimpleData>
		<SimpleData name="Longitud">-79.036955</SimpleData>
	</SchemaData></ExtendedData>
  </Placemark>
  <Placemark>
	<ExtendedData><SchemaData schemaUrl="#Sheet1">
		<SimpleData name="Capa">CUENCA 14/12/2021 Konnek Zona de Cobertura</SimpleData>
		<SimpleData name="Nombre">Punto 5</SimpleData>
		<SimpleData name="Latitud">-2.917247</SimpleData>
		<SimpleData name="Longitud">-79.0357</SimpleData>
	</SchemaData></ExtendedData>
  </Placemark>
  <Placemark>
	<ExtendedData><SchemaData schemaUrl="#Sheet1">
		<SimpleData name="Capa">CUENCA 14/12/2021 Konnek Zona de Cobertura</SimpleData>
		<SimpleData name="Nombre">Punto 6</SimpleData>
		<SimpleData name="Latitud">-2.916369</SimpleData>
		<SimpleData name="Longitud">-79.03452</SimpleData>
	</SchemaData></ExtendedData>
  </Placemark>
  <Placemark>
	<ExtendedData><SchemaData schemaUrl="#Sheet1">
		<SimpleData name="Capa">CUENCA 14/12/2021 Konnek Zona de Cobertura</SimpleData>
		<SimpleData name="Nombre">Punto 7</SimpleData>
		<SimpleData name="Latitud">-2.915642</SimpleData>
		<SimpleData name="Longitud">-79.034184</SimpleData>
	</SchemaData></ExtendedData>
  </Placemark>
  <Placemark>
	<ExtendedData><SchemaData schemaUrl="#Sheet1">
		<SimpleData name="Capa">CUENCA 14/12/2021 Konnek Zona de Cobertura</SimpleData>
		<SimpleData name="Nombre">Punto 8</SimpleData>
		<SimpleData name="Latitud">-2.914731</SimpleData>
		<SimpleData name="Longitud">-79.033701</SimpleData>
	</SchemaData></ExtendedData>
  </Placemark>
  <Placemark>
	<ExtendedData><SchemaData schemaUrl="#Sheet1">
		<SimpleData name="Capa">CUENCA 14/12/2021 Konnek Zona de Cobertura</SimpleData>
		<SimpleData name="Nombre">Punto 9</SimpleData>
		<SimpleData name="Latitud">-2.914611</SimpleData>
		<SimpleData name="Longitud">-79.03452</SimpleData>
	</SchemaData></ExtendedData>
  </Placemark>
  <Placemark>
	<ExtendedData><SchemaData schemaUrl="#Sheet1">
		<SimpleData name="Capa">CUENCA 14/12/2021 Konnek Zona de Cobertura</SimpleData>
		<SimpleData name="Nombre">Punto 10</SimpleData>
		<SimpleData name="Latitud">-2.913422</SimpleData>
		<SimpleData name="Longitud">-79.03438</SimpleData>
	</SchemaData></ExtendedData>
  </Placemark>
  <Placemark>
	<ExtendedData><SchemaData schemaUrl="#Sheet1">
		<SimpleData name="Capa">CUENCA 14/12/2021 Konnek Zona de Cobertura</SimpleData>
		<SimpleData name="Nombre">KM0205-2</SimpleData>
		<SimpleData name="Latitud">-2.9131528</SimpleData>
		<SimpleData name="Longitud">-79.0362506</SimpleData>
	</SchemaData></ExtendedData>
  </Placemark>
  <Placemark>
	<ExtendedData><SchemaData schemaUrl="#Sheet1">
		<SimpleData name="Capa">CUENCA 14/12/2021 Konnek Zona de Cobertura</SimpleData>
		<SimpleData name="Nombre">Punto 2</SimpleData>
		<SimpleData name="Latitud">-2.920607</SimpleData>
		<SimpleData name="Longitud">-79.037155</SimpleData>
	</SchemaData></ExtendedData>
  </Placemark>
  <Placemark>
	<ExtendedData><SchemaData schemaUrl="#Sheet1">
		<SimpleData name="Capa">CUENCA 14/12/2021 Konnek Zona de Cobertura</SimpleData>
		<SimpleData name="Nombre">Punto 3</SimpleData>
		<SimpleData name="Latitud">-2.919896</SimpleData>
		<SimpleData name="Longitud">-79.036182</SimpleData>
	</SchemaData></ExtendedData>
  </Placemark>
  <Placemark>
	<ExtendedData><SchemaData schemaUrl="#Sheet1">
		<SimpleData name="Capa">CUENCA 14/12/2021 Konnek Zona de Cobertura</SimpleData>
		<SimpleData name="Nombre">Punto 4</SimpleData>
		<SimpleData name="Latitud">-2.918289</SimpleData>
		<SimpleData name="Longitud">-79.034906</SimpleData>
	</SchemaData></ExtendedData>
  </Placemark>
  <Placemark>
	<ExtendedData><SchemaData schemaUrl="#Sheet1">
		<SimpleData name="Capa">CUENCA 14/12/2021 Konnek Zona de Cobertura</SimpleData>
		<SimpleData name="Nombre">Punto 5</SimpleData>
		<SimpleData name="Latitud">-2.918771</SimpleData>
		<SimpleData name="Longitud">-79.03409</SimpleData>
	</SchemaData></ExtendedData>
  </Placemark>
  <Placemark>
	<ExtendedData><SchemaData schemaUrl="#Sheet1">
		<SimpleData name="Capa">CUENCA 14/12/2021 Konnek Zona de Cobertura</SimpleData>
		<SimpleData name="Nombre">Punto 6</SimpleData>
		<SimpleData name="Latitud">-2.9193</SimpleData>
		<SimpleData name="Longitud">-79.0334</SimpleData>
	</SchemaData></ExtendedData>
  </Placemark>
  <Placemark>
	<ExtendedData><SchemaData schemaUrl="#Sheet1">
		<SimpleData name="Capa">CUENCA 14/12/2021 Konnek Zona de Cobertura</SimpleData>
		<SimpleData name="Nombre">Punto 7</SimpleData>
		<SimpleData name="Latitud">-2.91891</SimpleData>
		<SimpleData name="Longitud">-79.033007</SimpleData>
	</SchemaData></ExtendedData>
  </Placemark>
  <Placemark>
	<ExtendedData><SchemaData schemaUrl="#Sheet1">
		<SimpleData name="Capa">CUENCA 14/12/2021 Konnek Zona de Cobertura</SimpleData>
		<SimpleData name="Nombre">Punto 8</SimpleData>
		<SimpleData name="Latitud">-2.919407</SimpleData>
		<SimpleData name="Longitud">-79.03208</SimpleData>
	</SchemaData></ExtendedData>
  </Placemark>
  <Placemark>
	<ExtendedData><SchemaData schemaUrl="#Sheet1">
		<SimpleData name="Capa">CUENCA 14/12/2021 Konnek Zona de Cobertura</SimpleData>
		<SimpleData name="Nombre">Punto 9</SimpleData>
		<SimpleData name="Latitud">-2.918535</SimpleData>
		<SimpleData name="Longitud">-79.03085</SimpleData>
	</SchemaData></ExtendedData>
  </Placemark>
  <Placemark>
	<ExtendedData><SchemaData schemaUrl="#Sheet1">
		<SimpleData name="Capa">CUENCA 14/12/2021 Konnek Zona de Cobertura</SimpleData>
		<SimpleData name="Nombre">Punto 10</SimpleData>
		<SimpleData name="Latitud">-2.918417</SimpleData>
		<SimpleData name="Longitud">-79.030292</SimpleData>
	</SchemaData></ExtendedData>
  </Placemark>
  <Placemark>
	<ExtendedData><SchemaData schemaUrl="#Sheet1">
		<SimpleData name="Capa">CUENCA 14/12/2021 Konnek Zona de Cobertura</SimpleData>
		<SimpleData name="Nombre">Punto 11</SimpleData>
		<SimpleData name="Latitud">-2.918192</SimpleData>
		<SimpleData name="Longitud">-79.029498</SimpleData>
	</SchemaData></ExtendedData>
  </Placemark>
  <Placemark>
	<ExtendedData><SchemaData schemaUrl="#Sheet1">
		<SimpleData name="Capa">CUENCA 14/12/2021 Konnek Zona de Cobertura</SimpleData>
		<SimpleData name="Nombre">Punto 12</SimpleData>
		<SimpleData name="Latitud">-2.917982</SimpleData>
		<SimpleData name="Longitud">-79.028411</SimpleData>
	</SchemaData></ExtendedData>
  </Placemark>
  <Placemark>
	<ExtendedData><SchemaData schemaUrl="#Sheet1">
		<SimpleData name="Capa">CUENCA 14/12/2021 Konnek Zona de Cobertura</SimpleData>
		<SimpleData name="Nombre">Punto 13</SimpleData>
		<SimpleData name="Latitud">-2.9172</SimpleData>
		<SimpleData name="Longitud">-79.028361</SimpleData>
	</SchemaData></ExtendedData>
  </Placemark>
  <Placemark>
	<ExtendedData><SchemaData schemaUrl="#Sheet1">
		<SimpleData name="Capa">CUENCA 14/12/2021 Konnek Zona de Cobertura</SimpleData>
		<SimpleData name="Nombre">Punto 14</SimpleData>
		<SimpleData name="Latitud">-2.916107</SimpleData>
		<SimpleData name="Longitud">-79.028132</SimpleData>
	</SchemaData></ExtendedData>
  </Placemark>
  <Placemark>
	<ExtendedData><SchemaData schemaUrl="#Sheet1">
		<SimpleData name="Capa">CUENCA 14/12/2021 Konnek Zona de Cobertura</SimpleData>
		<SimpleData name="Nombre">Punto 15</SimpleData>
		<SimpleData name="Latitud">-2.916117</SimpleData>
		<SimpleData name="Longitud">-79.029488</SimpleData>
	</SchemaData></ExtendedData>
  </Placemark>
  <Placemark>
	<ExtendedData><SchemaData schemaUrl="#Sheet1">
		<SimpleData name="Capa">CUENCA 14/12/2021 Konnek Zona de Cobertura</SimpleData>
		<SimpleData name="Nombre">Punto 16</SimpleData>
		<SimpleData name="Latitud">-2.916932</SimpleData>
		<SimpleData name="Longitud">-79.031093</SimpleData>
	</SchemaData></ExtendedData>
  </Placemark>
  <Placemark>
	<ExtendedData><SchemaData schemaUrl="#Sheet1">
		<SimpleData name="Capa">CUENCA 14/12/2021 Konnek Zona de Cobertura</SimpleData>
		<SimpleData name="Nombre">Punto 17</SimpleData>
		<SimpleData name="Latitud">-2.916621</SimpleData>
		<SimpleData name="Longitud">-79.032155</SimpleData>
	</SchemaData></ExtendedData>
  </Placemark>
  <Placemark>
	<ExtendedData><SchemaData schemaUrl="#Sheet1">
		<SimpleData name="Capa">CUENCA 14/12/2021 Konnek Zona de Cobertura</SimpleData>
		<SimpleData name="Nombre">Punto 18</SimpleData>
		<SimpleData name="Latitud">-2.916117</SimpleData>
		<SimpleData name="Longitud">-79.032996</SimpleData>
	</SchemaData></ExtendedData>
  </Placemark>
  <Placemark>
	<ExtendedData><SchemaData schemaUrl="#Sheet1">
		<SimpleData name="Capa">CUENCA 14/12/2021 Konnek Zona de Cobertura</SimpleData>
		<SimpleData name="Nombre">Punto 31</SimpleData>
		<SimpleData name="Latitud">-2.924108</SimpleData>
		<SimpleData name="Longitud">-79.062795</SimpleData>
	</SchemaData></ExtendedData>
  </Placemark>
  <Placemark>
	<ExtendedData><SchemaData schemaUrl="#Sheet1">
		<SimpleData name="Capa">CUENCA 14/12/2021 Konnek Zona de Cobertura</SimpleData>
		<SimpleData name="Nombre">D6</SimpleData>
		<SimpleData name="Latitud">-2.9198969</SimpleData>
		<SimpleData name="Longitud">-79.0630118</SimpleData>
	</SchemaData></ExtendedData>
  </Placemark>
  <Placemark>
	<ExtendedData><SchemaData schemaUrl="#Sheet1">
		<SimpleData name="Capa">CUENCA 14/12/2021 Konnek Zona de Cobertura</SimpleData>
		<SimpleData name="Nombre">Punto 174</SimpleData>
		<SimpleData name="Latitud">-2.9140147</SimpleData>
		<SimpleData name="Longitud">-79.0316581</SimpleData>
	</SchemaData></ExtendedData>
  </Placemark>
  <Placemark>
	<ExtendedData><SchemaData schemaUrl="#Sheet1">
		<SimpleData name="Capa">CUENCA 14/12/2021 Konnek Zona de Cobertura</SimpleData>
		<SimpleData name="Nombre">SM0904-1</SimpleData>
		<SimpleData name="Latitud">-2.9146033</SimpleData>
		<SimpleData name="Longitud">-79.0182335</SimpleData>
	</SchemaData></ExtendedData>
  </Placemark>
  <Placemark>
	<ExtendedData><SchemaData schemaUrl="#Sheet1">
		<SimpleData name="Capa">CUENCA 14/12/2021 Konnek Zona de Cobertura</SimpleData>
		<SimpleData name="Nombre">KM0904-2</SimpleData>
		<SimpleData name="Latitud">-2.9162162</SimpleData>
		<SimpleData name="Longitud">-79.0177275</SimpleData>
	</SchemaData></ExtendedData>
  </Placemark>
  <Placemark>
	<ExtendedData><SchemaData schemaUrl="#Sheet1">
		<SimpleData name="Capa">CUENCA 14/12/2021 Konnek Zona de Cobertura</SimpleData>
		<SimpleData name="Nombre">KM0905-3</SimpleData>
		<SimpleData name="Latitud">-2.9116833</SimpleData>
		<SimpleData name="Longitud">-79.0141883</SimpleData>
	</SchemaData></ExtendedData>
  </Placemark>
  <Placemark>
	<ExtendedData><SchemaData schemaUrl="#Sheet1">
		<SimpleData name="Capa">CUENCA 14/12/2021 Konnek Zona de Cobertura</SimpleData>
		<SimpleData name="Nombre">KM0905-2</SimpleData>
		<SimpleData name="Latitud">-2.914105</SimpleData>
		<SimpleData name="Longitud">-79.0155144</SimpleData>
	</SchemaData></ExtendedData>
  </Placemark>
  <Placemark>
	<ExtendedData><SchemaData schemaUrl="#Sheet1">
		<SimpleData name="Capa">CUENCA 14/12/2021 Konnek Zona de Cobertura</SimpleData>
		<SimpleData name="Nombre">KM0905-1</SimpleData>
		<SimpleData name="Latitud">-2.9149229</SimpleData>
		<SimpleData name="Longitud">-79.0145581</SimpleData>
	</SchemaData></ExtendedData>
  </Placemark>
  <Placemark>
	<ExtendedData><SchemaData schemaUrl="#Sheet1">
		<SimpleData name="Capa">CUENCA 14/12/2021 Konnek Zona de Cobertura</SimpleData>
		<SimpleData name="Nombre">KM0907-1</SimpleData>
		<SimpleData name="Latitud">-2.9160686</SimpleData>
		<SimpleData name="Longitud">-79.0185792</SimpleData>
	</SchemaData></ExtendedData>
  </Placemark>
  <Placemark>
	<ExtendedData><SchemaData schemaUrl="#Sheet1">
		<SimpleData name="Capa">CUENCA 14/12/2021 Konnek Zona de Cobertura</SimpleData>
		<SimpleData name="Nombre">KM0907-2</SimpleData>
		<SimpleData name="Latitud">-2.9162529</SimpleData>
		<SimpleData name="Longitud">-79.0168684</SimpleData>
	</SchemaData></ExtendedData>
  </Placemark>
  <Placemark>
	<ExtendedData><SchemaData schemaUrl="#Sheet1">
		<SimpleData name="Capa">CUENCA 14/12/2021 Konnek Zona de Cobertura</SimpleData>
		<SimpleData name="Nombre">KM0907-6</SimpleData>
		<SimpleData name="Latitud">-2.9182331</SimpleData>
		<SimpleData name="Longitud">-79.0171737</SimpleData>
	</SchemaData></ExtendedData>
  </Placemark>
  <Placemark>
	<ExtendedData><SchemaData schemaUrl="#Sheet1">
		<SimpleData name="Capa">CUENCA 14/12/2021 Konnek Zona de Cobertura</SimpleData>
		<SimpleData name="Nombre">KM0907-4</SimpleData>
		<SimpleData name="Latitud">-2.9191394</SimpleData>
		<SimpleData name="Longitud">-79.0199619</SimpleData>
	</SchemaData></ExtendedData>
  </Placemark>
  <Placemark>
	<ExtendedData><SchemaData schemaUrl="#Sheet1">
		<SimpleData name="Capa">CUENCA 14/12/2021 Konnek Zona de Cobertura</SimpleData>
		<SimpleData name="Nombre">KM0905-4</SimpleData>
		<SimpleData name="Latitud">-2.9144541</SimpleData>
		<SimpleData name="Longitud">-79.0120585</SimpleData>
	</SchemaData></ExtendedData>
  </Placemark>
  <Placemark>
	<ExtendedData><SchemaData schemaUrl="#Sheet1">
		<SimpleData name="Capa">CUENCA 14/12/2021 Konnek Zona de Cobertura</SimpleData>
		<SimpleData name="Nombre">EDF1</SimpleData>
		<SimpleData name="Latitud">-2.9313644</SimpleData>
		<SimpleData name="Longitud">-79.041252</SimpleData>
	</SchemaData></ExtendedData>
  </Placemark>
  <Placemark>
	<ExtendedData><SchemaData schemaUrl="#Sheet1">
		<SimpleData name="Capa">CUENCA 14/12/2021 Konnek Zona de Cobertura</SimpleData>
		<SimpleData name="Nombre">KM0917-6</SimpleData>
		<SimpleData name="Latitud">-2.9152133</SimpleData>
		<SimpleData name="Longitud">-79.0299761</SimpleData>
	</SchemaData></ExtendedData>
  </Placemark>
  <Placemark>
	<ExtendedData><SchemaData schemaUrl="#Sheet1">
		<SimpleData name="Capa">CUENCA 14/12/2021 Konnek Zona de Cobertura</SimpleData>
		<SimpleData name="Nombre">KM0917-1</SimpleData>
		<SimpleData name="Latitud">-2.9152379</SimpleData>
		<SimpleData name="Longitud">-79.0276434</SimpleData>
	</SchemaData></ExtendedData>
  </Placemark>
  <Placemark>
	<ExtendedData><SchemaData schemaUrl="#Sheet1">
		<SimpleData name="Capa">CUENCA 14/12/2021 Konnek Zona de Cobertura</SimpleData>
		<SimpleData name="Nombre">KM0917-5</SimpleData>
		<SimpleData name="Latitud">-2.9161732</SimpleData>
		<SimpleData name="Longitud">-79.0250915</SimpleData>
	</SchemaData></ExtendedData>
  </Placemark>
  <Placemark>
	<ExtendedData><SchemaData schemaUrl="#Sheet1">
		<SimpleData name="Capa">CUENCA 14/12/2021 Konnek Zona de Cobertura</SimpleData>
		<SimpleData name="Nombre">KM0917-2</SimpleData>
		<SimpleData name="Latitud">-2.9170801</SimpleData>
		<SimpleData name="Longitud">-79.0262246</SimpleData>
	</SchemaData></ExtendedData>
  </Placemark>
  <Placemark>
	<ExtendedData><SchemaData schemaUrl="#Sheet1">
		<SimpleData name="Capa">CUENCA 14/12/2021 Konnek Zona de Cobertura</SimpleData>
		<SimpleData name="Nombre">KM0917-3</SimpleData>
		<SimpleData name="Latitud">-2.9176541</SimpleData>
		<SimpleData name="Longitud">-79.0244744</SimpleData>
	</SchemaData></ExtendedData>
  </Placemark>
  <Placemark>
	<ExtendedData><SchemaData schemaUrl="#Sheet1">
		<SimpleData name="Capa">CUENCA 14/12/2021 Konnek Zona de Cobertura</SimpleData>
		<SimpleData name="Nombre">KM0910-4</SimpleData>
		<SimpleData name="Latitud">-2.9154385</SimpleData>
		<SimpleData name="Longitud">-79.0233972</SimpleData>
	</SchemaData></ExtendedData>
  </Placemark>
  <Placemark>
	<ExtendedData><SchemaData schemaUrl="#Sheet1">
		<SimpleData name="Capa">CUENCA 14/12/2021 Konnek Zona de Cobertura</SimpleData>
		<SimpleData name="Nombre">KM0910-3</SimpleData>
		<SimpleData name="Latitud">-2.9149574</SimpleData>
		<SimpleData name="Longitud">-79.0215269</SimpleData>
	</SchemaData></ExtendedData>
  </Placemark>
  <Placemark>
	<ExtendedData><SchemaData schemaUrl="#Sheet1">
		<SimpleData name="Capa">CUENCA 14/12/2021 Konnek Zona de Cobertura</SimpleData>
		<SimpleData name="Nombre">KM0910-1</SimpleData>
		<SimpleData name="Latitud">-2.9127965</SimpleData>
		<SimpleData name="Longitud">-79.0209028</SimpleData>
	</SchemaData></ExtendedData>
  </Placemark>
  <Placemark>
	<ExtendedData><SchemaData schemaUrl="#Sheet1">
		<SimpleData name="Capa">CUENCA 14/12/2021 Konnek Zona de Cobertura</SimpleData>
		<SimpleData name="Nombre">KM0910-2</SimpleData>
		<SimpleData name="Latitud">-2.9105709</SimpleData>
		<SimpleData name="Longitud">-79.0194338</SimpleData>
	</SchemaData></ExtendedData>
  </Placemark>
  <Placemark>
	<ExtendedData><SchemaData schemaUrl="#Sheet1">
		<SimpleData name="Capa">CUENCA 14/12/2021 Konnek Zona de Cobertura</SimpleData>
		<SimpleData name="Nombre">KM0909-1</SimpleData>
		<SimpleData name="Latitud">-2.9113523</SimpleData>
		<SimpleData name="Longitud">-79.017513</SimpleData>
	</SchemaData></ExtendedData>
  </Placemark>
  <Placemark>
	<ExtendedData><SchemaData schemaUrl="#Sheet1">
		<SimpleData name="Capa">CUENCA 14/12/2021 Konnek Zona de Cobertura</SimpleData>
		<SimpleData name="Nombre">KM0909-2</SimpleData>
		<SimpleData name="Latitud">-2.9108256</SimpleData>
		<SimpleData name="Longitud">-79.0157354</SimpleData>
	</SchemaData></ExtendedData>
  </Placemark>
  <Placemark>
	<ExtendedData><SchemaData schemaUrl="#Sheet1">
		<SimpleData name="Capa">CUENCA 14/12/2021 Konnek Zona de Cobertura</SimpleData>
		<SimpleData name="Nombre">KM0909-3</SimpleData>
		<SimpleData name="Latitud">-2.9133763</SimpleData>
		<SimpleData name="Longitud">-79.0188725</SimpleData>
	</SchemaData></ExtendedData>
  </Placemark>
  <Placemark>
	<ExtendedData><SchemaData schemaUrl="#Sheet1">
		<SimpleData name="Capa">CUENCA 14/12/2021 Konnek Zona de Cobertura</SimpleData>
		<SimpleData name="Nombre">KM0909-4</SimpleData>
		<SimpleData name="Latitud">-2.9142591</SimpleData>
		<SimpleData name="Longitud">-79.0197651</SimpleData>
	</SchemaData></ExtendedData>
  </Placemark>
  <Placemark>
	<ExtendedData><SchemaData schemaUrl="#Sheet1">
		<SimpleData name="Capa">CUENCA 14/12/2021 Konnek Zona de Cobertura</SimpleData>
		<SimpleData name="Nombre">KM0908-2</SimpleData>
		<SimpleData name="Latitud">-2.9158597</SimpleData>
		<SimpleData name="Longitud">-79.0212432</SimpleData>
	</SchemaData></ExtendedData>
  </Placemark>
  <Placemark>
	<ExtendedData><SchemaData schemaUrl="#Sheet1">
		<SimpleData name="Capa">CUENCA 14/12/2021 Konnek Zona de Cobertura</SimpleData>
		<SimpleData name="Nombre">KM0908-1</SimpleData>
		<SimpleData name="Latitud">-2.9170183</SimpleData>
		<SimpleData name="Longitud">-79.0202796</SimpleData>
	</SchemaData></ExtendedData>
  </Placemark>
  <Placemark>
	<ExtendedData><SchemaData schemaUrl="#Sheet1">
		<SimpleData name="Capa">CUENCA 14/12/2021 Konnek Zona de Cobertura</SimpleData>
		<SimpleData name="Nombre">KM0908-3</SimpleData>
		<SimpleData name="Latitud">-2.9166607</SimpleData>
		<SimpleData name="Longitud">-79.0225413</SimpleData>
	</SchemaData></ExtendedData>
  </Placemark>
  <Placemark>
	<ExtendedData><SchemaData schemaUrl="#Sheet1">
		<SimpleData name="Capa">CUENCA 14/12/2021 Konnek Zona de Cobertura</SimpleData>
		<SimpleData name="Nombre">KM0908-4</SimpleData>
		<SimpleData name="Latitud">-2.9174788</SimpleData>
		<SimpleData name="Longitud">-79.0217087</SimpleData>
	</SchemaData></ExtendedData>
  </Placemark>
  <Placemark>
	<ExtendedData><SchemaData schemaUrl="#Sheet1">
		<SimpleData name="Capa">CUENCA 14/12/2021 Konnek Zona de Cobertura</SimpleData>
		<SimpleData name="Nombre">D-N11 Ext 1</SimpleData>
		<SimpleData name="Latitud">-2.9120362</SimpleData>
		<SimpleData name="Longitud">-79.0415027</SimpleData>
	</SchemaData></ExtendedData>
  </Placemark>
  <Placemark>
	<ExtendedData><SchemaData schemaUrl="#Sheet1">
		<SimpleData name="Capa">CUENCA 14/12/2021 Konnek Zona de Cobertura</SimpleData>
		<SimpleData name="Nombre">D-N11</SimpleData>
		<SimpleData name="Latitud">-2.9144205</SimpleData>
		<SimpleData name="Longitud">-79.0419719</SimpleData>
	</SchemaData></ExtendedData>
  </Placemark>
  <Placemark>
	<ExtendedData><SchemaData schemaUrl="#Sheet1">
		<SimpleData name="Capa">CUENCA 14/12/2021 Konnek Zona de Cobertura</SimpleData>
		<SimpleData name="Nombre">KM0912-2</SimpleData>
		<SimpleData name="Latitud">-2.9137378</SimpleData>
		<SimpleData name="Longitud">-79.0269855</SimpleData>
	</SchemaData></ExtendedData>
  </Placemark>
  <Placemark>
	<ExtendedData><SchemaData schemaUrl="#Sheet1">
		<SimpleData name="Capa">CUENCA 14/12/2021 Konnek Zona de Cobertura</SimpleData>
		<SimpleData name="Nombre">KM0912-3</SimpleData>
		<SimpleData name="Latitud">-2.915274</SimpleData>
		<SimpleData name="Longitud">-79.0256194</SimpleData>
	</SchemaData></ExtendedData>
  </Placemark>
  <Placemark>
	<ExtendedData><SchemaData schemaUrl="#Sheet1">
		<SimpleData name="Capa">CUENCA 14/12/2021 Konnek Zona de Cobertura</SimpleData>
		<SimpleData name="Nombre">KM0912-1</SimpleData>
		<SimpleData name="Latitud">-2.9123951</SimpleData>
		<SimpleData name="Longitud">-79.0280928</SimpleData>
	</SchemaData></ExtendedData>
  </Placemark>
  <Placemark>
	<ExtendedData><SchemaData schemaUrl="#Sheet1">
		<SimpleData name="Capa">CUENCA 14/12/2021 Konnek Zona de Cobertura</SimpleData>
		<SimpleData name="Nombre">KM0911-3</SimpleData>
		<SimpleData name="Latitud">-2.9118301</SimpleData>
		<SimpleData name="Longitud">-79.0252776</SimpleData>
	</SchemaData></ExtendedData>
  </Placemark>
  <Placemark>
	<ExtendedData><SchemaData schemaUrl="#Sheet1">
		<SimpleData name="Capa">CUENCA 14/12/2021 Konnek Zona de Cobertura</SimpleData>
		<SimpleData name="Nombre">KM0912-4</SimpleData>
		<SimpleData name="Latitud">-2.9141636</SimpleData>
		<SimpleData name="Longitud">-79.0238978</SimpleData>
	</SchemaData></ExtendedData>
  </Placemark>
  <Placemark>
	<ExtendedData><SchemaData schemaUrl="#Sheet1">
		<SimpleData name="Capa">CUENCA 14/12/2021 Konnek Zona de Cobertura</SimpleData>
		<SimpleData name="Nombre">KM0911-4</SimpleData>
		<SimpleData name="Latitud">-2.912738</SimpleData>
		<SimpleData name="Longitud">-79.0232647</SimpleData>
	</SchemaData></ExtendedData>
  </Placemark>
  <Placemark>
	<ExtendedData><SchemaData schemaUrl="#Sheet1">
		<SimpleData name="Capa">CUENCA 14/12/2021 Konnek Zona de Cobertura</SimpleData>
		<SimpleData name="Nombre">KM0911-5</SimpleData>
		<SimpleData name="Latitud">-2.9085972</SimpleData>
		<SimpleData name="Longitud">-79.020976</SimpleData>
	</SchemaData></ExtendedData>
  </Placemark>
  <Placemark>
	<ExtendedData><SchemaData schemaUrl="#Sheet1">
		<SimpleData name="Capa">CUENCA 14/12/2021 Konnek Zona de Cobertura</SimpleData>
		<SimpleData name="Nombre">KM0911-2</SimpleData>
		<SimpleData name="Latitud">-2.9077782</SimpleData>
		<SimpleData name="Longitud">-79.0227816</SimpleData>
	</SchemaData></ExtendedData>
  </Placemark>
  <Placemark>
	<ExtendedData><SchemaData schemaUrl="#Sheet1">
		<SimpleData name="Capa">CUENCA 14/12/2021 Konnek Zona de Cobertura</SimpleData>
		<SimpleData name="Nombre">KM0911-1</SimpleData>
		<SimpleData name="Latitud">-2.9102314</SimpleData>
		<SimpleData name="Longitud">-79.0239752</SimpleData>
	</SchemaData></ExtendedData>
  </Placemark>
  <Placemark>
	<ExtendedData><SchemaData schemaUrl="#Sheet1">
		<SimpleData name="Capa">CUENCA 14/12/2021 Konnek Zona de Cobertura</SimpleData>
		<SimpleData name="Nombre">SM1013A-3</SimpleData>
		<SimpleData name="Latitud">-2.9050153</SimpleData>
		<SimpleData name="Longitud">-79.0305611</SimpleData>
	</SchemaData></ExtendedData>
  </Placemark>
  <Placemark>
	<ExtendedData><SchemaData schemaUrl="#Sheet1">
		<SimpleData name="Capa">CUENCA 14/12/2021 Konnek Zona de Cobertura</SimpleData>
		<SimpleData name="Nombre">SM1013B-3</SimpleData>
		<SimpleData name="Latitud">-2.9064624</SimpleData>
		<SimpleData name="Longitud">-79.0320939</SimpleData>
	</SchemaData></ExtendedData>
  </Placemark>
  <Placemark>
	<ExtendedData><SchemaData schemaUrl="#Sheet1">
		<SimpleData name="Capa">CUENCA 14/12/2021 Konnek Zona de Cobertura</SimpleData>
		<SimpleData name="Nombre">SM1013B-1</SimpleData>
		<SimpleData name="Latitud">-2.9069181</SimpleData>
		<SimpleData name="Longitud">-79.0296326</SimpleData>
	</SchemaData></ExtendedData>
  </Placemark>
  <Placemark>
	<ExtendedData><SchemaData schemaUrl="#Sheet1">
		<SimpleData name="Capa">CUENCA 14/12/2021 Konnek Zona de Cobertura</SimpleData>
		<SimpleData name="Nombre">SM1013A-1</SimpleData>
		<SimpleData name="Latitud">-2.9058194</SimpleData>
		<SimpleData name="Longitud">-79.0293907</SimpleData>
	</SchemaData></ExtendedData>
  </Placemark>
  <Placemark>
	<ExtendedData><SchemaData schemaUrl="#Sheet1">
		<SimpleData name="Capa">CUENCA 14/12/2021 Konnek Zona de Cobertura</SimpleData>
		<SimpleData name="Nombre">KM0913-2</SimpleData>
		<SimpleData name="Latitud">-2.9075865</SimpleData>
		<SimpleData name="Longitud">-79.0264675</SimpleData>
	</SchemaData></ExtendedData>
  </Placemark>
  <Placemark>
	<ExtendedData><SchemaData schemaUrl="#Sheet1">
		<SimpleData name="Capa">CUENCA 14/12/2021 Konnek Zona de Cobertura</SimpleData>
		<SimpleData name="Nombre">KM0913-1</SimpleData>
		<SimpleData name="Latitud">-2.9098293</SimpleData>
		<SimpleData name="Longitud">-79.0280618</SimpleData>
	</SchemaData></ExtendedData>
  </Placemark>
  <Placemark>
	<ExtendedData><SchemaData schemaUrl="#Sheet1">
		<SimpleData name="Capa">CUENCA 14/12/2021 Konnek Zona de Cobertura</SimpleData>
		<SimpleData name="Nombre">KM0915-3</SimpleData>
		<SimpleData name="Latitud">-2.909782</SimpleData>
		<SimpleData name="Longitud">-79.0292456</SimpleData>
	</SchemaData></ExtendedData>
  </Placemark>
  <Placemark>
	<ExtendedData><SchemaData schemaUrl="#Sheet1">
		<SimpleData name="Capa">CUENCA 14/12/2021 Konnek Zona de Cobertura</SimpleData>
		<SimpleData name="Nombre">KM0916-1</SimpleData>
		<SimpleData name="Latitud">-2.9095928</SimpleData>
		<SimpleData name="Longitud">-79.0318436</SimpleData>
	</SchemaData></ExtendedData>
  </Placemark>
  <Placemark>
	<ExtendedData><SchemaData schemaUrl="#Sheet1">
		<SimpleData name="Capa">CUENCA 14/12/2021 Konnek Zona de Cobertura</SimpleData>
		<SimpleData name="Nombre">KM0915-1</SimpleData>
		<SimpleData name="Latitud">-2.9113543</SimpleData>
		<SimpleData name="Longitud">-79.0312606</SimpleData>
	</SchemaData></ExtendedData>
  </Placemark>
  <Placemark>
	<ExtendedData><SchemaData schemaUrl="#Sheet1">
		<SimpleData name="Capa">CUENCA 14/12/2021 Konnek Zona de Cobertura</SimpleData>
		<SimpleData name="Nombre">KM0913-4</SimpleData>
		<SimpleData name="Latitud">-2.9115709</SimpleData>
		<SimpleData name="Longitud">-79.0277273</SimpleData>
	</SchemaData></ExtendedData>
  </Placemark>
  <Placemark>
	<ExtendedData><SchemaData schemaUrl="#Sheet1">
		<SimpleData name="Capa">CUENCA 14/12/2021 Konnek Zona de Cobertura</SimpleData>
		<SimpleData name="Nombre">KM0913-3</SimpleData>
		<SimpleData name="Latitud">-2.9072724</SimpleData>
		<SimpleData name="Longitud">-79.0248465</SimpleData>
	</SchemaData></ExtendedData>
  </Placemark>
  <Placemark>
	<ExtendedData><SchemaData schemaUrl="#Sheet1">
		<SimpleData name="Capa">CUENCA 14/12/2021 Konnek Zona de Cobertura</SimpleData>
		<SimpleData name="Nombre">KM0916-2</SimpleData>
		<SimpleData name="Latitud">-2.909169</SimpleData>
		<SimpleData name="Longitud">-79.0333049</SimpleData>
	</SchemaData></ExtendedData>
  </Placemark>
  <Placemark>
	<ExtendedData><SchemaData schemaUrl="#Sheet1">
		<SimpleData name="Capa">CUENCA 14/12/2021 Konnek Zona de Cobertura</SimpleData>
		<SimpleData name="Nombre">KM0916-3</SimpleData>
		<SimpleData name="Latitud">-2.9102301</SimpleData>
		<SimpleData name="Longitud">-79.034312</SimpleData>
	</SchemaData></ExtendedData>
  </Placemark>
  <Placemark>
	<ExtendedData><SchemaData schemaUrl="#Sheet1">
		<SimpleData name="Capa">CUENCA 14/12/2021 Konnek Zona de Cobertura</SimpleData>
		<SimpleData name="Nombre">KM0916-4</SimpleData>
		<SimpleData name="Latitud">-2.9123433</SimpleData>
		<SimpleData name="Longitud">-79.0337367</SimpleData>
	</SchemaData></ExtendedData>
  </Placemark>
  <Placemark>
	<ExtendedData><SchemaData schemaUrl="#Sheet1">
		<SimpleData name="Capa">CUENCA 14/12/2021 Konnek Zona de Cobertura</SimpleData>
		<SimpleData name="Nombre">KM0915-2</SimpleData>
		<SimpleData name="Latitud">-2.91283</SimpleData>
		<SimpleData name="Longitud">-79.0320142</SimpleData>
	</SchemaData></ExtendedData>
  </Placemark>
  <Placemark>
	<ExtendedData><SchemaData schemaUrl="#Sheet1">
		<SimpleData name="Capa">CUENCA 14/12/2021 Konnek Zona de Cobertura</SimpleData>
		<SimpleData name="Nombre">KM0913-5</SimpleData>
		<SimpleData name="Latitud">-2.9128626</SimpleData>
		<SimpleData name="Longitud">-79.03057</SimpleData>
	</SchemaData></ExtendedData>
  </Placemark>
  <Placemark>
	<ExtendedData><SchemaData schemaUrl="#Sheet1">
		<SimpleData name="Capa">CUENCA 14/12/2021 Konnek Zona de Cobertura</SimpleData>
		<SimpleData name="Nombre">KM0912-5</SimpleData>
		<SimpleData name="Latitud">-2.9133656</SimpleData>
		<SimpleData name="Longitud">-79.0258299</SimpleData>
	</SchemaData></ExtendedData>
  </Placemark>
  <Placemark>
	<ExtendedData><SchemaData schemaUrl="#Sheet1">
		<SimpleData name="Capa">CUENCA 14/12/2021 Konnek Zona de Cobertura</SimpleData>
		<SimpleData name="Nombre">SM6006-2</SimpleData>
		<SimpleData name="Latitud">-2.8955569</SimpleData>
		<SimpleData name="Longitud">-78.9632275</SimpleData>
	</SchemaData></ExtendedData>
  </Placemark>
  <Placemark>
	<ExtendedData><SchemaData schemaUrl="#Sheet1">
		<SimpleData name="Capa">CUENCA 14/12/2021 Konnek Zona de Cobertura</SimpleData>
		<SimpleData name="Nombre">SM5117-2</SimpleData>
		<SimpleData name="Latitud">-2.8876278</SimpleData>
		<SimpleData name="Longitud">-79.0298533</SimpleData>
	</SchemaData></ExtendedData>
  </Placemark>
  <Placemark>
	<ExtendedData><SchemaData schemaUrl="#Sheet1">
		<SimpleData name="Capa">CUENCA 14/12/2021 Konnek Zona de Cobertura</SimpleData>
		<SimpleData name="Nombre">D-N11 Ext 2</SimpleData>
		<SimpleData name="Latitud">-2.9112854</SimpleData>
		<SimpleData name="Longitud">-79.0381449</SimpleData>
	</SchemaData></ExtendedData>
  </Placemark>
  <Placemark>
	<ExtendedData><SchemaData schemaUrl="#Sheet1">
		<SimpleData name="Capa">CUENCA 14/12/2021 Konnek Zona de Cobertura</SimpleData>
		<SimpleData name="Nombre">KM0905-5</SimpleData>
		<SimpleData name="Latitud">-2.9122552</SimpleData>
		<SimpleData name="Longitud">-79.0108785</SimpleData>
	</SchemaData></ExtendedData>
  </Placemark>
  <Placemark>
	<ExtendedData><SchemaData schemaUrl="#Sheet1">
		<SimpleData name="Capa">CUENCA 14/12/2021 Konnek Zona de Cobertura</SimpleData>
		<SimpleData name="Nombre">KM0905-6</SimpleData>
		<SimpleData name="Latitud">-2.911648</SimpleData>
		<SimpleData name="Longitud">-79.0111752</SimpleData>
	</SchemaData></ExtendedData>
  </Placemark>
  <Placemark>
	<ExtendedData><SchemaData schemaUrl="#Sheet1">
		<SimpleData name="Capa">CUENCA 14/12/2021 Konnek Zona de Cobertura</SimpleData>
		<SimpleData name="Nombre">KM0905-7</SimpleData>
		<SimpleData name="Latitud">-2.9080213</SimpleData>
		<SimpleData name="Longitud">-79.0135208</SimpleData>
	</SchemaData></ExtendedData>
  </Placemark>
  <Placemark>
	<ExtendedData><SchemaData schemaUrl="#Sheet1">
		<SimpleData name="Capa">CUENCA 14/12/2021 Konnek Zona de Cobertura</SimpleData>
		<SimpleData name="Nombre">ext  SM0811-7 </SimpleData>
		<SimpleData name="Latitud">-2.8472407</SimpleData>
		<SimpleData name="Longitud">-78.9177853</SimpleData>
	</SchemaData></ExtendedData>
  </Placemark>
  <Placemark>
	<ExtendedData><SchemaData schemaUrl="#Sheet1">
		<SimpleData name="Capa">CUENCA 14/12/2021 Konnek Zona de Cobertura</SimpleData>
		<SimpleData name="Nombre">KM0905-8 ED</SimpleData>
		<SimpleData name="Latitud">-2.9078927</SimpleData>
		<SimpleData name="Longitud">-79.0112173</SimpleData>
	</SchemaData></ExtendedData>
  </Placemark>
  <Placemark>
	<ExtendedData><SchemaData schemaUrl="#Sheet1">
		<SimpleData name="Capa">CUENCA 14/12/2021 Konnek Zona de Cobertura</SimpleData>
		<SimpleData name="Nombre">SM1013A-5</SimpleData>
		<SimpleData name="Latitud">-2.9052296</SimpleData>
		<SimpleData name="Longitud">-79.0280852</SimpleData>
	</SchemaData></ExtendedData>
  </Placemark>
  <Placemark>
	<ExtendedData><SchemaData schemaUrl="#Sheet1">
		<SimpleData name="Capa">CUENCA 14/12/2021 Konnek Zona de Cobertura</SimpleData>
		<SimpleData name="Nombre">SM1008B-5</SimpleData>
		<SimpleData name="Latitud">-2.9033464</SimpleData>
		<SimpleData name="Longitud">-79.0127449</SimpleData>
	</SchemaData></ExtendedData>
  </Placemark>
  <Placemark>
	<ExtendedData><SchemaData schemaUrl="#Sheet1">
		<SimpleData name="Capa">CUENCA 14/12/2021 Konnek Zona de Cobertura</SimpleData>
		<SimpleData name="Nombre">SM1014B-1</SimpleData>
		<SimpleData name="Latitud">-2.9045771</SimpleData>
		<SimpleData name="Longitud">-79.03341</SimpleData>
	</SchemaData></ExtendedData>
  </Placemark>
  <Placemark>
	<ExtendedData><SchemaData schemaUrl="#Sheet1">
		<SimpleData name="Capa">CUENCA 14/12/2021 Konnek Zona de Cobertura</SimpleData>
		<SimpleData name="Nombre">SM1014A-1</SimpleData>
		<SimpleData name="Latitud">-2.9018053</SimpleData>
		<SimpleData name="Longitud">-79.031033</SimpleData>
	</SchemaData></ExtendedData>
  </Placemark>
  <Placemark>
	<ExtendedData><SchemaData schemaUrl="#Sheet1">
		<SimpleData name="Capa">CUENCA 14/12/2021 Konnek Zona de Cobertura</SimpleData>
		<SimpleData name="Nombre">SM1011B-1</SimpleData>
		<SimpleData name="Latitud">-2.8996153</SimpleData>
		<SimpleData name="Longitud">-79.0244142</SimpleData>
	</SchemaData></ExtendedData>
  </Placemark>
  <Placemark>
	<ExtendedData><SchemaData schemaUrl="#Sheet1">
		<SimpleData name="Capa">CUENCA 14/12/2021 Konnek Zona de Cobertura</SimpleData>
		<SimpleData name="Nombre">SM1030A-1</SimpleData>
		<SimpleData name="Latitud">-2.8960223</SimpleData>
		<SimpleData name="Longitud">-79.0652672</SimpleData>
	</SchemaData></ExtendedData>
  </Placemark>
  <Placemark>
	<ExtendedData><SchemaData schemaUrl="#Sheet1">
		<SimpleData name="Capa">CUENCA 14/12/2021 Konnek Zona de Cobertura</SimpleData>
		<SimpleData name="Nombre">SM1014A-2</SimpleData>
		<SimpleData name="Latitud">-2.9010737</SimpleData>
		<SimpleData name="Longitud">-79.0335087</SimpleData>
	</SchemaData></ExtendedData>
  </Placemark>
  <Placemark>
	<ExtendedData><SchemaData schemaUrl="#Sheet1">
		<SimpleData name="Capa">CUENCA 14/12/2021 Konnek Zona de Cobertura</SimpleData>
		<SimpleData name="Nombre">SM1014A-5</SimpleData>
		<SimpleData name="Latitud">-2.8992366</SimpleData>
		<SimpleData name="Longitud">-79.0364555</SimpleData>
	</SchemaData></ExtendedData>
  </Placemark>
  <Placemark>
	<ExtendedData><SchemaData schemaUrl="#Sheet1">
		<SimpleData name="Capa">CUENCA 14/12/2021 Konnek Zona de Cobertura</SimpleData>
		<SimpleData name="Nombre">A1-N5</SimpleData>
		<SimpleData name="Latitud">-2.906775</SimpleData>
		<SimpleData name="Longitud">-79.0650588</SimpleData>
	</SchemaData></ExtendedData>
  </Placemark>
  <Placemark>
	<ExtendedData><SchemaData schemaUrl="#Sheet1">
		<SimpleData name="Capa">CUENCA 14/12/2021 Konnek Zona de Cobertura</SimpleData>
		<SimpleData name="Nombre">A1-N1</SimpleData>
		<SimpleData name="Latitud">-2.908524</SimpleData>
		<SimpleData name="Longitud">-79.060756</SimpleData>
	</SchemaData></ExtendedData>
  </Placemark>
  <Placemark>
	<ExtendedData><SchemaData schemaUrl="#Sheet1">
		<SimpleData name="Capa">CUENCA 14/12/2021 Konnek Zona de Cobertura</SimpleData>
		<SimpleData name="Nombre">A1-N7</SimpleData>
		<SimpleData name="Latitud">-2.908653</SimpleData>
		<SimpleData name="Longitud">-79.057557</SimpleData>
	</SchemaData></ExtendedData>
  </Placemark>
  <Placemark>
	<ExtendedData><SchemaData schemaUrl="#Sheet1">
		<SimpleData name="Capa">CUENCA 14/12/2021 Konnek Zona de Cobertura</SimpleData>
		<SimpleData name="Nombre">SM1030B-2</SimpleData>
		<SimpleData name="Latitud">-2.8919894</SimpleData>
		<SimpleData name="Longitud">-79.0535196</SimpleData>
	</SchemaData></ExtendedData>
  </Placemark>
  <Placemark>
	<ExtendedData><SchemaData schemaUrl="#Sheet1">
		<SimpleData name="Capa">CUENCA 14/12/2021 Konnek Zona de Cobertura</SimpleData>
		<SimpleData name="Nombre">D-N8 Ext</SimpleData>
		<SimpleData name="Latitud">-2.9157098</SimpleData>
		<SimpleData name="Longitud">-79.0403884</SimpleData>
	</SchemaData></ExtendedData>
  </Placemark>
  <Placemark>
	<ExtendedData><SchemaData schemaUrl="#Sheet1">
		<SimpleData name="Capa">CUENCA 14/12/2021 Konnek Zona de Cobertura</SimpleData>
		<SimpleData name="Nombre">KM0205-1</SimpleData>
		<SimpleData name="Latitud">-2.9136325</SimpleData>
		<SimpleData name="Longitud">-79.0368132</SimpleData>
	</SchemaData></ExtendedData>
  </Placemark>
  <Placemark>
	<ExtendedData><SchemaData schemaUrl="#Sheet1">
		<SimpleData name="Capa">CUENCA 14/12/2021 Konnek Zona de Cobertura</SimpleData>
		<SimpleData name="Nombre">SM1011A-3</SimpleData>
		<SimpleData name="Latitud">-2.8933412</SimpleData>
		<SimpleData name="Longitud">-79.0177372</SimpleData>
	</SchemaData></ExtendedData>
  </Placemark>
  <Placemark>
	<ExtendedData><SchemaData schemaUrl="#Sheet1">
		<SimpleData name="Capa">CUENCA 14/12/2021 Konnek Zona de Cobertura</SimpleData>
		<SimpleData name="Nombre">SM1033A-1</SimpleData>
		<SimpleData name="Latitud">-2.9029262</SimpleData>
		<SimpleData name="Longitud">-79.0525557</SimpleData>
	</SchemaData></ExtendedData>
  </Placemark>
  <Placemark>
	<ExtendedData><SchemaData schemaUrl="#Sheet1">
		<SimpleData name="Capa">CUENCA 14/12/2021 Konnek Zona de Cobertura</SimpleData>
		<SimpleData name="Nombre">SM1033B-1</SimpleData>
		<SimpleData name="Latitud">-2.9028078</SimpleData>
		<SimpleData name="Longitud">-79.0483959</SimpleData>
	</SchemaData></ExtendedData>
  </Placemark>
  <Placemark>
	<ExtendedData><SchemaData schemaUrl="#Sheet1">
		<SimpleData name="Capa">CUENCA 14/12/2021 Konnek Zona de Cobertura</SimpleData>
		<SimpleData name="Nombre">J-N7</SimpleData>
		<SimpleData name="Latitud">-2.9341612</SimpleData>
		<SimpleData name="Longitud">-79.0388358</SimpleData>
	</SchemaData></ExtendedData>
  </Placemark>
  <Placemark>
	<ExtendedData><SchemaData schemaUrl="#Sheet1">
		<SimpleData name="Capa">CUENCA 14/12/2021 Konnek Zona de Cobertura</SimpleData>
		<SimpleData name="Nombre">KM2045-1</SimpleData>
		<SimpleData name="Latitud">-2.9163668</SimpleData>
		<SimpleData name="Longitud">-79.0464962</SimpleData>
	</SchemaData></ExtendedData>
  </Placemark>
  <Placemark>
	<ExtendedData><SchemaData schemaUrl="#Sheet1">
		<SimpleData name="Capa">CUENCA 14/12/2021 Konnek Zona de Cobertura</SimpleData>
		<SimpleData name="Nombre">SM1035A-1</SimpleData>
		<SimpleData name="Latitud">-2.8923387</SimpleData>
		<SimpleData name="Longitud">-79.0589145</SimpleData>
	</SchemaData></ExtendedData>
  </Placemark>
  <Placemark>
	<ExtendedData><SchemaData schemaUrl="#Sheet1">
		<SimpleData name="Capa">CUENCA 14/12/2021 Konnek Zona de Cobertura</SimpleData>
		<SimpleData name="Nombre">SM1035A-3</SimpleData>
		<SimpleData name="Latitud">-2.8912262</SimpleData>
		<SimpleData name="Longitud">-79.0603606</SimpleData>
	</SchemaData></ExtendedData>
  </Placemark>
  <Placemark>
	<ExtendedData><SchemaData schemaUrl="#Sheet1">
		<SimpleData name="Capa">CUENCA 14/12/2021 Konnek Zona de Cobertura</SimpleData>
		<SimpleData name="Nombre">SM1030C-1</SimpleData>
		<SimpleData name="Latitud">-2.8947325</SimpleData>
		<SimpleData name="Longitud">-79.0512656</SimpleData>
	</SchemaData></ExtendedData>
  </Placemark>
  <Placemark>
	<ExtendedData><SchemaData schemaUrl="#Sheet1">
		<SimpleData name="Capa">CUENCA 14/12/2021 Konnek Zona de Cobertura</SimpleData>
		<SimpleData name="Nombre">SM1036A-1</SimpleData>
		<SimpleData name="Latitud">-2.8853186</SimpleData>
		<SimpleData name="Longitud">-79.0642342</SimpleData>
	</SchemaData></ExtendedData>
  </Placemark>
  <Placemark>
	<ExtendedData><SchemaData schemaUrl="#Sheet1">
		<SimpleData name="Capa">CUENCA 14/12/2021 Konnek Zona de Cobertura</SimpleData>
		<SimpleData name="Nombre">SM1037A-1</SimpleData>
		<SimpleData name="Latitud">-2.8848058</SimpleData>
		<SimpleData name="Longitud">-79.043777</SimpleData>
	</SchemaData></ExtendedData>
  </Placemark>
  <Placemark>
	<ExtendedData><SchemaData schemaUrl="#Sheet1">
		<SimpleData name="Capa">CUENCA 14/12/2021 Konnek Zona de Cobertura</SimpleData>
		<SimpleData name="Nombre">SM1036A-3</SimpleData>
		<SimpleData name="Latitud">-2.8816591</SimpleData>
		<SimpleData name="Longitud">-79.0611719</SimpleData>
	</SchemaData></ExtendedData>
  </Placemark>
  <Placemark>
	<ExtendedData><SchemaData schemaUrl="#Sheet1">
		<SimpleData name="Capa">SININCAY/REDANILLO</SimpleData>
		<SimpleData name="Nombre">SM5501-1</SimpleData>
		<SimpleData name="Latitud">-2.850416</SimpleData>
		<SimpleData name="Longitud">-79.0155</SimpleData>
	</SchemaData></ExtendedData>
  </Placemark>
  <Placemark>
	<ExtendedData><SchemaData schemaUrl="#Sheet1">
		<SimpleData name="Capa">SININCAY/REDANILLO</SimpleData>
		<SimpleData name="Nombre">SM5502-2</SimpleData>
		<SimpleData name="Latitud">-2.851516</SimpleData>
		<SimpleData name="Longitud">-79.014354</SimpleData>
	</SchemaData></ExtendedData>
  </Placemark>
  <Placemark>
	<ExtendedData><SchemaData schemaUrl="#Sheet1">
		<SimpleData name="Capa">SININCAY/REDANILLO</SimpleData>
		<SimpleData name="Nombre">SM5503-3</SimpleData>
		<SimpleData name="Latitud">-2.849995</SimpleData>
		<SimpleData name="Longitud">-79.016354</SimpleData>
	</SchemaData></ExtendedData>
  </Placemark>
  <Placemark>
	<ExtendedData><SchemaData schemaUrl="#Sheet1">
		<SimpleData name="Capa">SININCAY/REDANILLO</SimpleData>
		<SimpleData name="Nombre">SM015810-1</SimpleData>
		<SimpleData name="Latitud">-2.869988</SimpleData>
		<SimpleData name="Longitud">-78.929695</SimpleData>
	</SchemaData></ExtendedData>
  </Placemark>
  <Placemark>
	<ExtendedData><SchemaData schemaUrl="#Sheet1">
		<SimpleData name="Capa">SININCAY/REDANILLO</SimpleData>
		<SimpleData name="Nombre">SM015810-2</SimpleData>
		<SimpleData name="Latitud">-2.872066</SimpleData>
		<SimpleData name="Longitud">-78.92833</SimpleData>
	</SchemaData></ExtendedData>
  </Placemark>
  <Placemark>
	<ExtendedData><SchemaData schemaUrl="#Sheet1">
		<SimpleData name="Capa">SININCAY/REDANILLO</SimpleData>
		<SimpleData name="Nombre">SM015810-3</SimpleData>
		<SimpleData name="Latitud">-2.867595</SimpleData>
		<SimpleData name="Longitud">-78.929224</SimpleData>
	</SchemaData></ExtendedData>
  </Placemark>
  <Placemark>
	<ExtendedData><SchemaData schemaUrl="#Sheet1">
		<SimpleData name="Capa">SININCAY/REDANILLO</SimpleData>
		<SimpleData name="Nombre">SM015810-4</SimpleData>
		<SimpleData name="Latitud">-2.869735</SimpleData>
		<SimpleData name="Longitud">-78.926646</SimpleData>
	</SchemaData></ExtendedData>
  </Placemark>
  <Placemark>
	<ExtendedData><SchemaData schemaUrl="#Sheet1">
		<SimpleData name="Capa">SININCAY/REDANILLO</SimpleData>
		<SimpleData name="Nombre">SM015810-5</SimpleData>
		<SimpleData name="Latitud">-2.873036</SimpleData>
		<SimpleData name="Longitud">-78.925971</SimpleData>
	</SchemaData></ExtendedData>
  </Placemark>
  <Placemark>
	<ExtendedData><SchemaData schemaUrl="#Sheet1">
		<SimpleData name="Capa">SININCAY/REDANILLO</SimpleData>
		<SimpleData name="Nombre">SM015810-6</SimpleData>
		<SimpleData name="Latitud">-2.878852</SimpleData>
		<SimpleData name="Longitud">-78.921956</SimpleData>
	</SchemaData></ExtendedData>
  </Placemark>
  <Placemark>
	<ExtendedData><SchemaData schemaUrl="#Sheet1">
		<SimpleData name="Capa">SININCAY/REDANILLO</SimpleData>
		<SimpleData name="Nombre">SM015810-7</SimpleData>
		<SimpleData name="Latitud">-2.881344</SimpleData>
		<SimpleData name="Longitud">-78.920753</SimpleData>
	</SchemaData></ExtendedData>
  </Placemark>
  <Placemark>
	<ExtendedData><SchemaData schemaUrl="#Sheet1">
		<SimpleData name="Capa">SININCAY/REDANILLO</SimpleData>
		<SimpleData name="Nombre">SM7247-1</SimpleData>
		<SimpleData name="Latitud">-2.913255</SimpleData>
		<SimpleData name="Longitud">-78.948125</SimpleData>
	</SchemaData></ExtendedData>
  </Placemark>
  <Placemark>
	<ExtendedData><SchemaData schemaUrl="#Sheet1">
		<SimpleData name="Capa">SININCAY/REDANILLO</SimpleData>
		<SimpleData name="Nombre">SM7247-2</SimpleData>
		<SimpleData name="Latitud">-2.917669</SimpleData>
		<SimpleData name="Longitud">-78.942648</SimpleData>
	</SchemaData></ExtendedData>
  </Placemark>
  <Placemark>
	<ExtendedData><SchemaData schemaUrl="#Sheet1">
		<SimpleData name="Capa">SININCAY/REDANILLO</SimpleData>
		<SimpleData name="Nombre">SM7247-3</SimpleData>
		<SimpleData name="Latitud">-2.91933</SimpleData>
		<SimpleData name="Longitud">-78.941209</SimpleData>
	</SchemaData></ExtendedData>
  </Placemark>
  <Placemark>
	<ExtendedData><SchemaData schemaUrl="#Sheet1">
		<SimpleData name="Capa">SININCAY/REDANILLO</SimpleData>
		<SimpleData name="Nombre">SM7247-4</SimpleData>
		<SimpleData name="Latitud">-2.915629</SimpleData>
		<SimpleData name="Longitud">-78.938344</SimpleData>
	</SchemaData></ExtendedData>
  </Placemark>
  <Placemark>
	<ExtendedData><SchemaData schemaUrl="#Sheet1">
		<SimpleData name="Capa">SININCAY/REDANILLO</SimpleData>
		<SimpleData name="Nombre">SM7247-5</SimpleData>
		<SimpleData name="Latitud">-2.917494</SimpleData>
		<SimpleData name="Longitud">-78.936794</SimpleData>
	</SchemaData></ExtendedData>
  </Placemark>
  <Placemark>
	<ExtendedData><SchemaData schemaUrl="#Sheet1">
		<SimpleData name="Capa">SININCAY/REDANILLO</SimpleData>
		<SimpleData name="Nombre">SM7247-6</SimpleData>
		<SimpleData name="Latitud">-2.890079</SimpleData>
		<SimpleData name="Longitud">-78.928194</SimpleData>
	</SchemaData></ExtendedData>
  </Placemark>
  <Placemark>
	<ExtendedData><SchemaData schemaUrl="#Sheet1">
		<SimpleData name="Capa">SININCAY/REDANILLO</SimpleData>
		<SimpleData name="Nombre">SM0804-6</SimpleData>
		<SimpleData name="Latitud">-2.8784701</SimpleData>
		<SimpleData name="Longitud">-78.948965</SimpleData>
	</SchemaData></ExtendedData>
  </Placemark>
  <Placemark>
	<ExtendedData><SchemaData schemaUrl="#Sheet1">
		<SimpleData name="Capa">SININCAY/REDANILLO</SimpleData>
		<SimpleData name="Nombre">SM015819-1</SimpleData>
		<SimpleData name="Latitud">-2.8505332</SimpleData>
		<SimpleData name="Longitud">-78.9016302</SimpleData>
	</SchemaData></ExtendedData>
  </Placemark>
  <Placemark>
	<ExtendedData><SchemaData schemaUrl="#Sheet1">
		<SimpleData name="Capa">SININCAY/REDANILLO</SimpleData>
		<SimpleData name="Nombre">SM015819-2</SimpleData>
		<SimpleData name="Latitud">-2.8460776</SimpleData>
		<SimpleData name="Longitud">-78.8888901</SimpleData>
	</SchemaData></ExtendedData>
  </Placemark>
  <Placemark>
	<ExtendedData><SchemaData schemaUrl="#Sheet1">
		<SimpleData name="Capa">SININCAY/REDANILLO</SimpleData>
		<SimpleData name="Nombre">CAJA UNAE</SimpleData>
		<SimpleData name="Latitud">-2.8157614</SimpleData>
		<SimpleData name="Longitud">-78.8772901</SimpleData>
	</SchemaData></ExtendedData>
  </Placemark>
  <Placemark>
	<ExtendedData><SchemaData schemaUrl="#Sheet1">
		<SimpleData name="Capa">SININCAY/REDANILLO</SimpleData>
		<SimpleData name="Nombre">C6N1</SimpleData>
		<SimpleData name="Latitud">-2.7440692</SimpleData>
		<SimpleData name="Longitud">-78.8250175</SimpleData>
	</SchemaData></ExtendedData>
  </Placemark>
  <Placemark>
	<ExtendedData><SchemaData schemaUrl="#Sheet1">
		<SimpleData name="Capa">SININCAY/REDANILLO</SimpleData>
		<SimpleData name="Nombre">C4N8</SimpleData>
		<SimpleData name="Latitud">-2.7462356</SimpleData>
		<SimpleData name="Longitud">-78.8258415</SimpleData>
	</SchemaData></ExtendedData>
  </Placemark>
  <Placemark>
	<ExtendedData><SchemaData schemaUrl="#Sheet1">
		<SimpleData name="Capa">SININCAY/REDANILLO</SimpleData>
		<SimpleData name="Nombre">c4N7</SimpleData>
		<SimpleData name="Latitud">-2.7478729</SimpleData>
		<SimpleData name="Longitud">-78.8266475</SimpleData>
	</SchemaData></ExtendedData>
  </Placemark>
  <Placemark>
	<ExtendedData><SchemaData schemaUrl="#Sheet1">
		<SimpleData name="Capa">SININCAY/REDANILLO</SimpleData>
		<SimpleData name="Nombre">C4N6</SimpleData>
		<SimpleData name="Latitud">-2.7487885</SimpleData>
		<SimpleData name="Longitud">-78.8313096</SimpleData>
	</SchemaData></ExtendedData>
  </Placemark>
  <Placemark>
	<ExtendedData><SchemaData schemaUrl="#Sheet1">
		<SimpleData name="Capa">SININCAY/REDANILLO</SimpleData>
		<SimpleData name="Nombre">C4N5</SimpleData>
		<SimpleData name="Latitud">-2.7456825</SimpleData>
		<SimpleData name="Longitud">-78.8358054</SimpleData>
	</SchemaData></ExtendedData>
  </Placemark>
  <Placemark>
	<ExtendedData><SchemaData schemaUrl="#Sheet1">
		<SimpleData name="Capa">SININCAY/REDANILLO</SimpleData>
		<SimpleData name="Nombre">C4N4</SimpleData>
		<SimpleData name="Latitud">-2.7417766</SimpleData>
		<SimpleData name="Longitud">-78.8367759</SimpleData>
	</SchemaData></ExtendedData>
  </Placemark>
  <Placemark>
	<ExtendedData><SchemaData schemaUrl="#Sheet1">
		<SimpleData name="Capa">SININCAY/REDANILLO</SimpleData>
		<SimpleData name="Nombre">SM0804-4</SimpleData>
		<SimpleData name="Latitud">-2.8859534</SimpleData>
		<SimpleData name="Longitud">-78.9551741</SimpleData>
	</SchemaData></ExtendedData>
  </Placemark>
  <Placemark>
	<ExtendedData><SchemaData schemaUrl="#Sheet1">
		<SimpleData name="Capa">SININCAY/REDANILLO</SimpleData>
		<SimpleData name="Nombre">SM7071-2</SimpleData>
		<SimpleData name="Latitud">-2.8824668</SimpleData>
		<SimpleData name="Longitud">-78.9813731</SimpleData>
	</SchemaData></ExtendedData>
  </Placemark>
  <Placemark>
	<ExtendedData><SchemaData schemaUrl="#Sheet1">
		<SimpleData name="Capa">SININCAY/REDANILLO</SimpleData>
		<SimpleData name="Nombre">SM7071-3</SimpleData>
		<SimpleData name="Latitud">-2.88277</SimpleData>
		<SimpleData name="Longitud">-78.9847036</SimpleData>
	</SchemaData></ExtendedData>
  </Placemark>
  <Placemark>
	<ExtendedData><SchemaData schemaUrl="#Sheet1">
		<SimpleData name="Capa">SININCAY/REDANILLO</SimpleData>
		<SimpleData name="Nombre">SM7071-6</SimpleData>
		<SimpleData name="Latitud">-2.8849879</SimpleData>
		<SimpleData name="Longitud">-78.9837381</SimpleData>
	</SchemaData></ExtendedData>
  </Placemark>
  <Placemark>
	<ExtendedData><SchemaData schemaUrl="#Sheet1">
		<SimpleData name="Capa">SININCAY/REDANILLO</SimpleData>
		<SimpleData name="Nombre">SM7071-7</SimpleData>
		<SimpleData name="Latitud">-2.8867548</SimpleData>
		<SimpleData name="Longitud">-78.9859515</SimpleData>
	</SchemaData></ExtendedData>
  </Placemark>
  <Placemark>
	<ExtendedData><SchemaData schemaUrl="#Sheet1">
		<SimpleData name="Capa">SININCAY/REDANILLO</SimpleData>
		<SimpleData name="Nombre">SM7071-4</SimpleData>
		<SimpleData name="Latitud">-2.8848662</SimpleData>
		<SimpleData name="Longitud">-78.9866083</SimpleData>
	</SchemaData></ExtendedData>
  </Placemark>
  <Placemark>
	<ExtendedData><SchemaData schemaUrl="#Sheet1">
		<SimpleData name="Capa">SININCAY/REDANILLO</SimpleData>
		<SimpleData name="Nombre">SM7071-5</SimpleData>
		<SimpleData name="Latitud">-2.8827942</SimpleData>
		<SimpleData name="Longitud">-78.9874035</SimpleData>
	</SchemaData></ExtendedData>
  </Placemark>
  <Placemark>
	<ExtendedData><SchemaData schemaUrl="#Sheet1">
		<SimpleData name="Capa">SININCAY/REDANILLO</SimpleData>
		<SimpleData name="Nombre">SM7071-8</SimpleData>
		<SimpleData name="Latitud">-2.8846474</SimpleData>
		<SimpleData name="Longitud">-78.9890694</SimpleData>
	</SchemaData></ExtendedData>
  </Placemark>
  <Placemark>
	<ExtendedData><SchemaData schemaUrl="#Sheet1">
		<SimpleData name="Capa">SININCAY/REDANILLO</SimpleData>
		<SimpleData name="Nombre">SM7072-1</SimpleData>
		<SimpleData name="Latitud">-2.8859447</SimpleData>
		<SimpleData name="Longitud">-78.9909551</SimpleData>
	</SchemaData></ExtendedData>
  </Placemark>
  <Placemark>
	<ExtendedData><SchemaData schemaUrl="#Sheet1">
		<SimpleData name="Capa">SININCAY/REDANILLO</SimpleData>
		<SimpleData name="Nombre">SM7072-7</SimpleData>
		<SimpleData name="Latitud">-2.8873157</SimpleData>
		<SimpleData name="Longitud">-78.9917183</SimpleData>
	</SchemaData></ExtendedData>
  </Placemark>
  <Placemark>
	<ExtendedData><SchemaData schemaUrl="#Sheet1">
		<SimpleData name="Capa">SININCAY/REDANILLO</SimpleData>
		<SimpleData name="Nombre">SM7072-2</SimpleData>
		<SimpleData name="Latitud">-2.8869728</SimpleData>
		<SimpleData name="Longitud">-78.9891625</SimpleData>
	</SchemaData></ExtendedData>
  </Placemark>
  <Placemark>
	<ExtendedData><SchemaData schemaUrl="#Sheet1">
		<SimpleData name="Capa">SININCAY/REDANILLO</SimpleData>
		<SimpleData name="Nombre">SM7072-3</SimpleData>
		<SimpleData name="Latitud">-2.8888033</SimpleData>
		<SimpleData name="Longitud">-78.9884809</SimpleData>
	</SchemaData></ExtendedData>
  </Placemark>
  <Placemark>
	<ExtendedData><SchemaData schemaUrl="#Sheet1">
		<SimpleData name="Capa">SININCAY/REDANILLO</SimpleData>
		<SimpleData name="Nombre">SM7072-4</SimpleData>
		<SimpleData name="Latitud">-2.8887998</SimpleData>
		<SimpleData name="Longitud">-78.9915691</SimpleData>
	</SchemaData></ExtendedData>
  </Placemark>
  <Placemark>
	<ExtendedData><SchemaData schemaUrl="#Sheet1">
		<SimpleData name="Capa">SININCAY/REDANILLO</SimpleData>
		<SimpleData name="Nombre">SM7072-5</SimpleData>
		<SimpleData name="Latitud">-2.89066</SimpleData>
		<SimpleData name="Longitud">-78.9905719</SimpleData>
	</SchemaData></ExtendedData>
  </Placemark>
  <Placemark>
	<ExtendedData><SchemaData schemaUrl="#Sheet1">
		<SimpleData name="Capa">SININCAY/REDANILLO</SimpleData>
		<SimpleData name="Nombre">SM7072-8</SimpleData>
		<SimpleData name="Latitud">-2.8916108</SimpleData>
		<SimpleData name="Longitud">-78.9938426</SimpleData>
	</SchemaData></ExtendedData>
  </Placemark>
  <Placemark>
	<ExtendedData><SchemaData schemaUrl="#Sheet1">
		<SimpleData name="Capa">SININCAY/REDANILLO</SimpleData>
		<SimpleData name="Nombre">SM7072-6</SimpleData>
		<SimpleData name="Latitud">-2.8898531</SimpleData>
		<SimpleData name="Longitud">-78.9950954</SimpleData>
	</SchemaData></ExtendedData>
  </Placemark>
  <Placemark>
	<ExtendedData><SchemaData schemaUrl="#Sheet1">
		<SimpleData name="Capa">SININCAY/REDANILLO</SimpleData>
		<SimpleData name="Nombre">SM7075-3</SimpleData>
		<SimpleData name="Latitud">-2.890208</SimpleData>
		<SimpleData name="Longitud">-79.0065987</SimpleData>
	</SchemaData></ExtendedData>
  </Placemark>
  <Placemark>
	<ExtendedData><SchemaData schemaUrl="#Sheet1">
		<SimpleData name="Capa">SININCAY/REDANILLO</SimpleData>
		<SimpleData name="Nombre">SM7075-1</SimpleData>
		<SimpleData name="Latitud">-2.888565</SimpleData>
		<SimpleData name="Longitud">-79.00763</SimpleData>
	</SchemaData></ExtendedData>
  </Placemark>
  <Placemark>
	<ExtendedData><SchemaData schemaUrl="#Sheet1">
		<SimpleData name="Capa">SININCAY/REDANILLO</SimpleData>
		<SimpleData name="Nombre">SM7075-2</SimpleData>
		<SimpleData name="Latitud">-2.8898982</SimpleData>
		<SimpleData name="Longitud">-79.0086845</SimpleData>
	</SchemaData></ExtendedData>
  </Placemark>
  <Placemark>
	<ExtendedData><SchemaData schemaUrl="#Sheet1">
		<SimpleData name="Capa">SININCAY/REDANILLO</SimpleData>
		<SimpleData name="Nombre">SM7075-4</SimpleData>
		<SimpleData name="Latitud">-2.8895909</SimpleData>
		<SimpleData name="Longitud">-79.0109365</SimpleData>
	</SchemaData></ExtendedData>
  </Placemark>
  <Placemark>
	<ExtendedData><SchemaData schemaUrl="#Sheet1">
		<SimpleData name="Capa">SININCAY/REDANILLO</SimpleData>
		<SimpleData name="Nombre">SM7075-5</SimpleData>
		<SimpleData name="Latitud">-2.8909858</SimpleData>
		<SimpleData name="Longitud">-79.0109956</SimpleData>
	</SchemaData></ExtendedData>
  </Placemark>
  <Placemark>
	<ExtendedData><SchemaData schemaUrl="#Sheet1">
		<SimpleData name="Capa">SININCAY/REDANILLO</SimpleData>
		<SimpleData name="Nombre">SM7075-7</SimpleData>
		<SimpleData name="Latitud">-2.8929895</SimpleData>
		<SimpleData name="Longitud">-79.0113265</SimpleData>
	</SchemaData></ExtendedData>
  </Placemark>
  <Placemark>
	<ExtendedData><SchemaData schemaUrl="#Sheet1">
		<SimpleData name="Capa">SININCAY/REDANILLO</SimpleData>
		<SimpleData name="Nombre">SM7075-8</SimpleData>
		<SimpleData name="Latitud">-2.8900272</SimpleData>
		<SimpleData name="Longitud">-79.0129997</SimpleData>
	</SchemaData></ExtendedData>
  </Placemark>
  <Placemark>
	<ExtendedData><SchemaData schemaUrl="#Sheet1">
		<SimpleData name="Capa">SININCAY/REDANILLO</SimpleData>
		<SimpleData name="Nombre">SM7076-7</SimpleData>
		<SimpleData name="Latitud">-2.8890251</SimpleData>
		<SimpleData name="Longitud">-79.0146597</SimpleData>
	</SchemaData></ExtendedData>
  </Placemark>
  <Placemark>
	<ExtendedData><SchemaData schemaUrl="#Sheet1">
		<SimpleData name="Capa">SININCAY/REDANILLO</SimpleData>
		<SimpleData name="Nombre">SM7076-6</SimpleData>
		<SimpleData name="Latitud">-2.8922329</SimpleData>
		<SimpleData name="Longitud">-79.0143335</SimpleData>
	</SchemaData></ExtendedData>
  </Placemark>
  <Placemark>
	<ExtendedData><SchemaData schemaUrl="#Sheet1">
		<SimpleData name="Capa">SININCAY/REDANILLO</SimpleData>
		<SimpleData name="Nombre">SM7076-1</SimpleData>
		<SimpleData name="Latitud">-2.890143</SimpleData>
		<SimpleData name="Longitud">-79.0154814</SimpleData>
	</SchemaData></ExtendedData>
  </Placemark>
  <Placemark>
	<ExtendedData><SchemaData schemaUrl="#Sheet1">
		<SimpleData name="Capa">SININCAY/REDANILLO</SimpleData>
		<SimpleData name="Nombre">SM7076-5</SimpleData>
		<SimpleData name="Latitud">-2.8888239</SimpleData>
		<SimpleData name="Longitud">-79.0171938</SimpleData>
	</SchemaData></ExtendedData>
  </Placemark>
  <Placemark>
	<ExtendedData><SchemaData schemaUrl="#Sheet1">
		<SimpleData name="Capa">SININCAY/REDANILLO</SimpleData>
		<SimpleData name="Nombre">SM7076-2</SimpleData>
		<SimpleData name="Latitud">-2.8897411</SimpleData>
		<SimpleData name="Longitud">-79.0190824</SimpleData>
	</SchemaData></ExtendedData>
  </Placemark>
  <Placemark>
	<ExtendedData><SchemaData schemaUrl="#Sheet1">
		<SimpleData name="Capa">SININCAY/REDANILLO</SimpleData>
		<SimpleData name="Nombre">SM7076-3</SimpleData>
		<SimpleData name="Latitud">-2.8894184</SimpleData>
		<SimpleData name="Longitud">-79.0209505</SimpleData>
	</SchemaData></ExtendedData>
  </Placemark>
  <Placemark>
	<ExtendedData><SchemaData schemaUrl="#Sheet1">
		<SimpleData name="Capa">SININCAY/REDANILLO</SimpleData>
		<SimpleData name="Nombre">SM7076-4</SimpleData>
		<SimpleData name="Latitud">-2.8913804</SimpleData>
		<SimpleData name="Longitud">-79.0171711</SimpleData>
	</SchemaData></ExtendedData>
  </Placemark>
  <Placemark>
	<ExtendedData><SchemaData schemaUrl="#Sheet1">
		<SimpleData name="Capa">SININCAY/REDANILLO</SimpleData>
		<SimpleData name="Nombre">SM7077-1</SimpleData>
		<SimpleData name="Latitud">-2.8912921</SimpleData>
		<SimpleData name="Longitud">-79.0183894</SimpleData>
	</SchemaData></ExtendedData>
  </Placemark>
  <Placemark>
	<ExtendedData><SchemaData schemaUrl="#Sheet1">
		<SimpleData name="Capa">SININCAY/REDANILLO</SimpleData>
		<SimpleData name="Nombre">SM7077-6</SimpleData>
		<SimpleData name="Latitud">-2.8924571</SimpleData>
		<SimpleData name="Longitud">-79.0186718</SimpleData>
	</SchemaData></ExtendedData>
  </Placemark>
  <Placemark>
	<ExtendedData><SchemaData schemaUrl="#Sheet1">
		<SimpleData name="Capa">SININCAY/REDANILLO</SimpleData>
		<SimpleData name="Nombre">SM7077-5  ED</SimpleData>
		<SimpleData name="Latitud">-2.8909261</SimpleData>
		<SimpleData name="Longitud">-79.0190221</SimpleData>
	</SchemaData></ExtendedData>
  </Placemark>
  <Placemark>
	<ExtendedData><SchemaData schemaUrl="#Sheet1">
		<SimpleData name="Capa">SININCAY/REDANILLO</SimpleData>
		<SimpleData name="Nombre">SM7077-2</SimpleData>
		<SimpleData name="Latitud">-2.8925943</SimpleData>
		<SimpleData name="Longitud">-79.0193387</SimpleData>
	</SchemaData></ExtendedData>
  </Placemark>
  <Placemark>
	<ExtendedData><SchemaData schemaUrl="#Sheet1">
		<SimpleData name="Capa">SININCAY/REDANILLO</SimpleData>
		<SimpleData name="Nombre">SM7077-3 ED</SimpleData>
		<SimpleData name="Latitud">-2.8921885</SimpleData>
		<SimpleData name="Longitud">-79.0216923</SimpleData>
	</SchemaData></ExtendedData>
  </Placemark>
  <Placemark>
	<ExtendedData><SchemaData schemaUrl="#Sheet1">
		<SimpleData name="Capa">SININCAY/REDANILLO</SimpleData>
		<SimpleData name="Nombre">SM7077-4</SimpleData>
		<SimpleData name="Latitud">-2.8921398</SimpleData>
		<SimpleData name="Longitud">-79.0222156</SimpleData>
	</SchemaData></ExtendedData>
  </Placemark>
  <Placemark>
	<ExtendedData><SchemaData schemaUrl="#Sheet1">
		<SimpleData name="Capa">SININCAY/REDANILLO</SimpleData>
		<SimpleData name="Nombre">SM7077-7</SimpleData>
		<SimpleData name="Latitud">-2.8933049</SimpleData>
		<SimpleData name="Longitud">-79.0234232</SimpleData>
	</SchemaData></ExtendedData>
  </Placemark>
  <Placemark>
	<ExtendedData><SchemaData schemaUrl="#Sheet1">
		<SimpleData name="Capa">SININCAY/REDANILLO</SimpleData>
		<SimpleData name="Nombre">SM7073-1</SimpleData>
		<SimpleData name="Latitud">-2.8871734</SimpleData>
		<SimpleData name="Longitud">-78.9942205</SimpleData>
	</SchemaData></ExtendedData>
  </Placemark>
  <Placemark>
	<ExtendedData><SchemaData schemaUrl="#Sheet1">
		<SimpleData name="Capa">SININCAY/REDANILLO</SimpleData>
		<SimpleData name="Nombre">SM7073-2</SimpleData>
		<SimpleData name="Latitud">-2.8866796</SimpleData>
		<SimpleData name="Longitud">-78.9973692</SimpleData>
	</SchemaData></ExtendedData>
  </Placemark>
  <Placemark>
	<ExtendedData><SchemaData schemaUrl="#Sheet1">
		<SimpleData name="Capa">SININCAY/REDANILLO</SimpleData>
		<SimpleData name="Nombre">SM7073-3</SimpleData>
		<SimpleData name="Latitud">-2.8890516</SimpleData>
		<SimpleData name="Longitud">-78.9972461</SimpleData>
	</SchemaData></ExtendedData>
  </Placemark>
  <Placemark>
	<ExtendedData><SchemaData schemaUrl="#Sheet1">
		<SimpleData name="Capa">SININCAY/REDANILLO</SimpleData>
		<SimpleData name="Nombre">SM7073-4</SimpleData>
		<SimpleData name="Latitud">-2.8875874</SimpleData>
		<SimpleData name="Longitud">-78.9990471</SimpleData>
	</SchemaData></ExtendedData>
  </Placemark>
  <Placemark>
	<ExtendedData><SchemaData schemaUrl="#Sheet1">
		<SimpleData name="Capa">SININCAY/REDANILLO</SimpleData>
		<SimpleData name="Nombre">SM7073-5</SimpleData>
		<SimpleData name="Latitud">-2.8904078</SimpleData>
		<SimpleData name="Longitud">-78.999746</SimpleData>
	</SchemaData></ExtendedData>
  </Placemark>
  <Placemark>
	<ExtendedData><SchemaData schemaUrl="#Sheet1">
		<SimpleData name="Capa">SININCAY/REDANILLO</SimpleData>
		<SimpleData name="Nombre">SM7073-6</SimpleData>
		<SimpleData name="Latitud">-2.8919266</SimpleData>
		<SimpleData name="Longitud">-78.9980345</SimpleData>
	</SchemaData></ExtendedData>
  </Placemark>
  <Placemark>
	<ExtendedData><SchemaData schemaUrl="#Sheet1">
		<SimpleData name="Capa">SININCAY/REDANILLO</SimpleData>
		<SimpleData name="Nombre">SM7074-3</SimpleData>
		<SimpleData name="Latitud">-2.885707</SimpleData>
		<SimpleData name="Longitud">-79.0010289</SimpleData>
	</SchemaData></ExtendedData>
  </Placemark>
  <Placemark>
	<ExtendedData><SchemaData schemaUrl="#Sheet1">
		<SimpleData name="Capa">SININCAY/REDANILLO</SimpleData>
		<SimpleData name="Nombre">SM7074-1</SimpleData>
		<SimpleData name="Latitud">-2.8875302</SimpleData>
		<SimpleData name="Longitud">-79.0022044</SimpleData>
	</SchemaData></ExtendedData>
  </Placemark>
  <Placemark>
	<ExtendedData><SchemaData schemaUrl="#Sheet1">
		<SimpleData name="Capa">SININCAY/REDANILLO</SimpleData>
		<SimpleData name="Nombre">SM7074-5</SimpleData>
		<SimpleData name="Latitud">-2.8850801</SimpleData>
		<SimpleData name="Longitud">-79.0048553</SimpleData>
	</SchemaData></ExtendedData>
  </Placemark>
  <Placemark>
	<ExtendedData><SchemaData schemaUrl="#Sheet1">
		<SimpleData name="Capa">SININCAY/REDANILLO</SimpleData>
		<SimpleData name="Nombre">SM7074-2</SimpleData>
		<SimpleData name="Latitud">-2.8869195</SimpleData>
		<SimpleData name="Longitud">-79.004657</SimpleData>
	</SchemaData></ExtendedData>
  </Placemark>
  <Placemark>
	<ExtendedData><SchemaData schemaUrl="#Sheet1">
		<SimpleData name="Capa">SININCAY/REDANILLO</SimpleData>
		<SimpleData name="Nombre">SM7074-4</SimpleData>
		<SimpleData name="Latitud">-2.8897596</SimpleData>
		<SimpleData name="Longitud">-79.0026399</SimpleData>
	</SchemaData></ExtendedData>
  </Placemark>
  <Placemark>
	<ExtendedData><SchemaData schemaUrl="#Sheet1">
		<SimpleData name="Capa">SININCAY/REDANILLO</SimpleData>
		<SimpleData name="Nombre">SM7074-6</SimpleData>
		<SimpleData name="Latitud">-2.8886843</SimpleData>
		<SimpleData name="Longitud">-79.0046736</SimpleData>
	</SchemaData></ExtendedData>
  </Placemark>
  <Placemark>
	<ExtendedData><SchemaData schemaUrl="#Sheet1">
		<SimpleData name="Capa">SININCAY/REDANILLO</SimpleData>
		<SimpleData name="Nombre">SM7074-8</SimpleData>
		<SimpleData name="Latitud">-2.8873443</SimpleData>
		<SimpleData name="Longitud">-79.006116</SimpleData>
	</SchemaData></ExtendedData>
  </Placemark>
  <Placemark>
	<ExtendedData><SchemaData schemaUrl="#Sheet1">
		<SimpleData name="Capa">SININCAY/REDANILLO</SimpleData>
		<SimpleData name="Nombre">SM7074-7</SimpleData>
		<SimpleData name="Latitud">-2.885663</SimpleData>
		<SimpleData name="Longitud">-79.0063864</SimpleData>
	</SchemaData></ExtendedData>
  </Placemark>
  <Placemark>
	<ExtendedData><SchemaData schemaUrl="#Sheet1">
		<SimpleData name="Capa">SININCAY/REDANILLO</SimpleData>
		<SimpleData name="Nombre">SM100C1-6</SimpleData>
		<SimpleData name="Latitud">-2.8489096</SimpleData>
		<SimpleData name="Longitud">-78.9902745</SimpleData>
	</SchemaData></ExtendedData>
  </Placemark>
  <Placemark>
	<ExtendedData><SchemaData schemaUrl="#Sheet1">
		<SimpleData name="Capa">SININCAY/REDANILLO</SimpleData>
		<SimpleData name="Nombre">SM100C1-7</SimpleData>
		<SimpleData name="Latitud">-2.8490891</SimpleData>
		<SimpleData name="Longitud">-78.9901297</SimpleData>
	</SchemaData></ExtendedData>
  </Placemark>
  <Placemark>
	<ExtendedData><SchemaData schemaUrl="#Sheet1">
		<SimpleData name="Capa">SININCAY/REDANILLO</SimpleData>
		<SimpleData name="Nombre">SM4904-2</SimpleData>
		<SimpleData name="Latitud">-2.8767109</SimpleData>
		<SimpleData name="Longitud">-78.9773614</SimpleData>
	</SchemaData></ExtendedData>
  </Placemark>
  <Placemark>
	<ExtendedData><SchemaData schemaUrl="#Sheet1">
		<SimpleData name="Capa">SININCAY/REDANILLO</SimpleData>
		<SimpleData name="Nombre">SM1512-5</SimpleData>
		<SimpleData name="Latitud">-2.8757564</SimpleData>
		<SimpleData name="Longitud">-78.9812308</SimpleData>
	</SchemaData></ExtendedData>
  </Placemark>
  <Placemark>
	<ExtendedData><SchemaData schemaUrl="#Sheet1">
		<SimpleData name="Capa">SININCAY/REDANILLO</SimpleData>
		<SimpleData name="Nombre">SM7077-8</SimpleData>
		<SimpleData name="Latitud">-2.8947313</SimpleData>
		<SimpleData name="Longitud">-79.0130809</SimpleData>
	</SchemaData></ExtendedData>
  </Placemark>
  <Placemark>
	<ExtendedData><SchemaData schemaUrl="#Sheet1">
		<SimpleData name="Capa">SININCAY/REDANILLO</SimpleData>
		<SimpleData name="Nombre">KM0918-1</SimpleData>
		<SimpleData name="Latitud">-2.9175291</SimpleData>
		<SimpleData name="Longitud">-79.0047623</SimpleData>
	</SchemaData></ExtendedData>
  </Placemark>
  <Placemark>
	<ExtendedData><SchemaData schemaUrl="#Sheet1">
		<SimpleData name="Capa">SININCAY/REDANILLO</SimpleData>
		<SimpleData name="Nombre">SM1207-1</SimpleData>
		<SimpleData name="Latitud">-2.9162834</SimpleData>
		<SimpleData name="Longitud">-78.9934137</SimpleData>
	</SchemaData></ExtendedData>
  </Placemark>
  <Placemark>
	<ExtendedData><SchemaData schemaUrl="#Sheet1">
		<SimpleData name="Capa">SININCAY/REDANILLO</SimpleData>
		<SimpleData name="Nombre">EXT:SM7077-6</SimpleData>
		<SimpleData name="Latitud">-2.8951813</SimpleData>
		<SimpleData name="Longitud">-79.0180533</SimpleData>
	</SchemaData></ExtendedData>
  </Placemark>
  <Placemark>
	<ExtendedData><SchemaData schemaUrl="#Sheet1">
		<SimpleData name="Capa">SININCAY/REDANILLO</SimpleData>
		<SimpleData name="Nombre">SM5410-4</SimpleData>
		<SimpleData name="Latitud">-2.8258003</SimpleData>
		<SimpleData name="Longitud">-78.9847064</SimpleData>
	</SchemaData></ExtendedData>
  </Placemark>
  <Placemark>
	<ExtendedData><SchemaData schemaUrl="#Sheet1">
		<SimpleData name="Capa">SININCAY/REDANILLO</SimpleData>
		<SimpleData name="Nombre">SM5501-4</SimpleData>
		<SimpleData name="Latitud">-2.8478306</SimpleData>
		<SimpleData name="Longitud">-79.0111266</SimpleData>
	</SchemaData></ExtendedData>
  </Placemark>
  <Placemark>
	<ExtendedData><SchemaData schemaUrl="#Sheet1">
		<SimpleData name="Capa">SININCAY/REDANILLO</SimpleData>
		<SimpleData name="Nombre">CAJA UNAE  exte</SimpleData>
		<SimpleData name="Latitud">-2.8108941</SimpleData>
		<SimpleData name="Longitud">-78.8758226</SimpleData>
	</SchemaData></ExtendedData>
  </Placemark>
  <Placemark>
	<ExtendedData><SchemaData schemaUrl="#Sheet1">
		<SimpleData name="Capa">SININCAY/REDANILLO</SimpleData>
		<SimpleData name="Nombre">ext-SM0302-8 MANGA</SimpleData>
		<SimpleData name="Latitud">-2.9055559</SimpleData>
		<SimpleData name="Longitud">-79.0037457</SimpleData>
	</SchemaData></ExtendedData>
  </Placemark>
  <Placemark>
	<ExtendedData><SchemaData schemaUrl="#Sheet1">
		<SimpleData name="Capa">SININCAY/REDANILLO</SimpleData>
		<SimpleData name="Nombre">ext-SM0302-8  MANGA</SimpleData>
		<SimpleData name="Latitud">-2.9039525</SimpleData>
		<SimpleData name="Longitud">-79.0040153</SimpleData>
	</SchemaData></ExtendedData>
  </Placemark>
  <Placemark>
	<ExtendedData><SchemaData schemaUrl="#Sheet1">
		<SimpleData name="Capa">SININCAY/REDANILLO</SimpleData>
		<SimpleData name="Nombre">SM1207-7/SM1207-5</SimpleData>
		<SimpleData name="Latitud">-2.9147794</SimpleData>
		<SimpleData name="Longitud">-78.9889592</SimpleData>
	</SchemaData></ExtendedData>
  </Placemark>
  <Placemark>
	<ExtendedData><SchemaData schemaUrl="#Sheet1">
		<SimpleData name="Capa">SININCAY/REDANILLO</SimpleData>
		<SimpleData name="Nombre">Punto 93</SimpleData>
		<SimpleData name="Latitud">-2.8015297</SimpleData>
		<SimpleData name="Longitud">-78.8788312</SimpleData>
	</SchemaData></ExtendedData>
  </Placemark>
  <Placemark>
	<ExtendedData><SchemaData schemaUrl="#Sheet1">
		<SimpleData name="Capa">SININCAY/REDANILLO</SimpleData>
		<SimpleData name="Nombre">A1-N8</SimpleData>
		<SimpleData name="Latitud">-2.9091393</SimpleData>
		<SimpleData name="Longitud">-79.0557817</SimpleData>
	</SchemaData></ExtendedData>
  </Placemark>
  <Placemark>
	<ExtendedData><SchemaData schemaUrl="#Sheet1">
		<SimpleData name="Capa">SININCAY/REDANILLO</SimpleData>
		<SimpleData name="Nombre">extSM015803-1</SimpleData>
		<SimpleData name="Latitud">-2.8570058</SimpleData>
		<SimpleData name="Longitud">-78.9170252</SimpleData>
	</SchemaData></ExtendedData>
  </Placemark>
  <Placemark>
	<ExtendedData><SchemaData schemaUrl="#Sheet1">
		<SimpleData name="Capa">SININCAY/REDANILLO</SimpleData>
		<SimpleData name="Nombre">SM5119-5 ED</SimpleData>
		<SimpleData name="Latitud">-2.8915534</SimpleData>
		<SimpleData name="Longitud">-79.0326907</SimpleData>
	</SchemaData></ExtendedData>
  </Placemark>
  <Placemark>
	<ExtendedData><SchemaData schemaUrl="#Sheet1">
		<SimpleData name="Capa">SININCAY/REDANILLO</SimpleData>
		<SimpleData name="Nombre">SM5120-1 ED</SimpleData>
		<SimpleData name="Latitud">-2.8913056</SimpleData>
		<SimpleData name="Longitud">-79.0331353</SimpleData>
	</SchemaData></ExtendedData>
  </Placemark>
  <Placemark>
	<ExtendedData><SchemaData schemaUrl="#Sheet1">
		<SimpleData name="Capa">SININCAY/REDANILLO</SimpleData>
		<SimpleData name="Nombre">SM5120-3 ED</SimpleData>
		<SimpleData name="Latitud">-2.891845</SimpleData>
		<SimpleData name="Longitud">-79.0273859</SimpleData>
	</SchemaData></ExtendedData>
  </Placemark>
  <Placemark>
	<ExtendedData><SchemaData schemaUrl="#Sheet1">
		<SimpleData name="Capa">SININCAY/REDANILLO</SimpleData>
		<SimpleData name="Nombre">SM1011A-1</SimpleData>
		<SimpleData name="Latitud">-2.8993676</SimpleData>
		<SimpleData name="Longitud">-79.0186143</SimpleData>
	</SchemaData></ExtendedData>
  </Placemark>
  <Placemark>
	<ExtendedData><SchemaData schemaUrl="#Sheet1">
		<SimpleData name="Capa">SININCAY/REDANILLO</SimpleData>
		<SimpleData name="Latitud">-2.913748</SimpleData>
		<SimpleData name="Longitud">-78.995619</SimpleData>
	</SchemaData></ExtendedData>
  </Placemark>
  <Placemark>
	<ExtendedData><SchemaData schemaUrl="#Sheet1">
		<SimpleData name="Capa">SININCAY/REDANILLO</SimpleData>
		<SimpleData name="Latitud">-2.912518</SimpleData>
		<SimpleData name="Longitud">-78.994728</SimpleData>
	</SchemaData></ExtendedData>
  </Placemark>
  <Placemark>
	<ExtendedData><SchemaData schemaUrl="#Sheet1">
		<SimpleData name="Capa">SININCAY/REDANILLO</SimpleData>
		<SimpleData name="Latitud">-2.908549</SimpleData>
		<SimpleData name="Longitud">-78.999812</SimpleData>
	</SchemaData></ExtendedData>
  </Placemark>
  <Placemark>
	<ExtendedData><SchemaData schemaUrl="#Sheet1">
		<SimpleData name="Capa">SININCAY/REDANILLO</SimpleData>
		<SimpleData name="Latitud">-2.908663</SimpleData>
		<SimpleData name="Longitud">-78.99806</SimpleData>
	</SchemaData></ExtendedData>
  </Placemark>
  <Placemark>
	<ExtendedData><SchemaData schemaUrl="#Sheet1">
		<SimpleData name="Capa">SININCAY/REDANILLO</SimpleData>
		<SimpleData name="Latitud">-2.911351</SimpleData>
		<SimpleData name="Longitud">-78.997218</SimpleData>
	</SchemaData></ExtendedData>
  </Placemark>
  <Placemark>
	<ExtendedData><SchemaData schemaUrl="#Sheet1">
		<SimpleData name="Capa">SININCAY/REDANILLO</SimpleData>
		<SimpleData name="Latitud">-2.912475</SimpleData>
		<SimpleData name="Longitud">-78.999222</SimpleData>
	</SchemaData></ExtendedData>
  </Placemark>
  <Placemark>
	<ExtendedData><SchemaData schemaUrl="#Sheet1">
		<SimpleData name="Capa">SININCAY/REDANILLO</SimpleData>
		<SimpleData name="Latitud">-2.90687</SimpleData>
		<SimpleData name="Longitud">-79.003585</SimpleData>
	</SchemaData></ExtendedData>
  </Placemark>
  <Placemark>
	<ExtendedData><SchemaData schemaUrl="#Sheet1">
		<SimpleData name="Capa">SININCAY/REDANILLO</SimpleData>
		<SimpleData name="Latitud">-2.904081</SimpleData>
		<SimpleData name="Longitud">-79.004138</SimpleData>
	</SchemaData></ExtendedData>
  </Placemark>
  <Placemark>
	<ExtendedData><SchemaData schemaUrl="#Sheet1">
		<SimpleData name="Capa">SININCAY/REDANILLO</SimpleData>
		<SimpleData name="Latitud">-2.905167</SimpleData>
		<SimpleData name="Longitud">-79.006511</SimpleData>
	</SchemaData></ExtendedData>
  </Placemark>
  <Placemark>
	<ExtendedData><SchemaData schemaUrl="#Sheet1">
		<SimpleData name="Capa">SININCAY/REDANILLO</SimpleData>
		<SimpleData name="Latitud">-2.911465</SimpleData>
		<SimpleData name="Longitud">-79.001328</SimpleData>
	</SchemaData></ExtendedData>
  </Placemark>
  <Placemark>
	<ExtendedData><SchemaData schemaUrl="#Sheet1">
		<SimpleData name="Capa">SININCAY/REDANILLO</SimpleData>
		<SimpleData name="Latitud">-2.911278</SimpleData>
		<SimpleData name="Longitud">-79.0039</SimpleData>
	</SchemaData></ExtendedData>
  </Placemark>
  <Placemark>
	<ExtendedData><SchemaData schemaUrl="#Sheet1">
		<SimpleData name="Capa">SININCAY/REDANILLO</SimpleData>
		<SimpleData name="Latitud">-2.908859</SimpleData>
		<SimpleData name="Longitud">-79.006092</SimpleData>
	</SchemaData></ExtendedData>
  </Placemark>
  <Placemark>
	<ExtendedData><SchemaData schemaUrl="#Sheet1">
		<SimpleData name="Capa">SININCAY/REDANILLO</SimpleData>
		<SimpleData name="Latitud">-2.913859</SimpleData>
		<SimpleData name="Longitud">-79.008406</SimpleData>
	</SchemaData></ExtendedData>
  </Placemark>
  <Placemark>
	<ExtendedData><SchemaData schemaUrl="#Sheet1">
		<SimpleData name="Capa">SININCAY/REDANILLO</SimpleData>
		<SimpleData name="Latitud">-2.912372</SimpleData>
		<SimpleData name="Longitud">-79.006266</SimpleData>
	</SchemaData></ExtendedData>
  </Placemark>
  <Placemark>
	<ExtendedData><SchemaData schemaUrl="#Sheet1">
		<SimpleData name="Capa">SININCAY/REDANILLO</SimpleData>
		<SimpleData name="Latitud">-2.913362</SimpleData>
		<SimpleData name="Longitud">-79.005718</SimpleData>
	</SchemaData></ExtendedData>
  </Placemark>
  <Placemark>
	<ExtendedData><SchemaData schemaUrl="#Sheet1">
		<SimpleData name="Capa">SININCAY/REDANILLO</SimpleData>
		<SimpleData name="Latitud">-2.914389</SimpleData>
		<SimpleData name="Longitud">-79.003118</SimpleData>
	</SchemaData></ExtendedData>
  </Placemark>
  <Placemark>
	<ExtendedData><SchemaData schemaUrl="#Sheet1">
		<SimpleData name="Capa">SININCAY/REDANILLO</SimpleData>
		<SimpleData name="Latitud">-2.916384</SimpleData>
		<SimpleData name="Longitud">-79.001121</SimpleData>
	</SchemaData></ExtendedData>
  </Placemark>
  <Placemark>
	<ExtendedData><SchemaData schemaUrl="#Sheet1">
		<SimpleData name="Capa">SININCAY/REDANILLO</SimpleData>
		<SimpleData name="Latitud">-2.914651</SimpleData>
		<SimpleData name="Longitud">-79.000403</SimpleData>
	</SchemaData></ExtendedData>
  </Placemark>
  <Placemark>
	<ExtendedData><SchemaData schemaUrl="#Sheet1">
		<SimpleData name="Capa">SININCAY/REDANILLO</SimpleData>
		<SimpleData name="Latitud">-2.914973</SimpleData>
		<SimpleData name="Longitud">-78.998387</SimpleData>
	</SchemaData></ExtendedData>
  </Placemark>
  <Placemark>
	<ExtendedData><SchemaData schemaUrl="#Sheet1">
		<SimpleData name="Capa">SININCAY/REDANILLO</SimpleData>
		<SimpleData name="Latitud">-2.907841</SimpleData>
		<SimpleData name="Longitud">-79.005503</SimpleData>
	</SchemaData></ExtendedData>
  </Placemark>
  <Placemark>
	<ExtendedData><SchemaData schemaUrl="#Sheet1">
		<SimpleData name="Capa">SININCAY/REDANILLO</SimpleData>
		<SimpleData name="Latitud">-2.908849</SimpleData>
		<SimpleData name="Longitud">-79.003411</SimpleData>
	</SchemaData></ExtendedData>
  </Placemark>
  <Placemark>
	<ExtendedData><SchemaData schemaUrl="#Sheet1">
		<SimpleData name="Capa">SININCAY/REDANILLO</SimpleData>
		<SimpleData name="Latitud">-2.90921</SimpleData>
		<SimpleData name="Longitud">-79.010068</SimpleData>
	</SchemaData></ExtendedData>
  </Placemark>
  <Placemark>
	<ExtendedData><SchemaData schemaUrl="#Sheet1">
		<SimpleData name="Capa">SININCAY/REDANILLO</SimpleData>
		<SimpleData name="Latitud">-2.908283</SimpleData>
		<SimpleData name="Longitud">-79.017843</SimpleData>
	</SchemaData></ExtendedData>
  </Placemark>
  <Placemark>
	<ExtendedData><SchemaData schemaUrl="#Sheet1">
		<SimpleData name="Capa">SININCAY/REDANILLO</SimpleData>
		<SimpleData name="Latitud">-2.910644</SimpleData>
		<SimpleData name="Longitud">-79.013403</SimpleData>
	</SchemaData></ExtendedData>
  </Placemark>
  <Placemark>
	<ExtendedData><SchemaData schemaUrl="#Sheet1">
		<SimpleData name="Capa">SININCAY/REDANILLO</SimpleData>
		<SimpleData name="Latitud">-2.913162</SimpleData>
		<SimpleData name="Longitud">-79.011426</SimpleData>
	</SchemaData></ExtendedData>
  </Placemark>
  <Placemark>
	<ExtendedData><SchemaData schemaUrl="#Sheet1">
		<SimpleData name="Capa">SININCAY/REDANILLO</SimpleData>
		<SimpleData name="Latitud">-2.914401</SimpleData>
		<SimpleData name="Longitud">-79.010448</SimpleData>
	</SchemaData></ExtendedData>
  </Placemark>
  <Placemark>
	<ExtendedData><SchemaData schemaUrl="#Sheet1">
		<SimpleData name="Capa">SININCAY/REDANILLO</SimpleData>
		<SimpleData name="Latitud">-2.907967</SimpleData>
		<SimpleData name="Longitud">-79.009545</SimpleData>
	</SchemaData></ExtendedData>
  </Placemark>
  <Placemark>
	<ExtendedData><SchemaData schemaUrl="#Sheet1">
		<SimpleData name="Capa">SININCAY/REDANILLO</SimpleData>
		<SimpleData name="Latitud">-2.908199</SimpleData>
		<SimpleData name="Longitud">-79.013208</SimpleData>
	</SchemaData></ExtendedData>
  </Placemark>
  <Placemark>
	<ExtendedData><SchemaData schemaUrl="#Sheet1">
		<SimpleData name="Capa">SININCAY/REDANILLO</SimpleData>
		<SimpleData name="Latitud">-2.906432</SimpleData>
		<SimpleData name="Longitud">-79.012402</SimpleData>
	</SchemaData></ExtendedData>
  </Placemark>
  <Placemark>
	<ExtendedData><SchemaData schemaUrl="#Sheet1">
		<SimpleData name="Capa">SININCAY/REDANILLO</SimpleData>
		<SimpleData name="Latitud">-2.90712</SimpleData>
		<SimpleData name="Longitud">-79.01675</SimpleData>
	</SchemaData></ExtendedData>
  </Placemark>
  <Placemark>
	<ExtendedData><SchemaData schemaUrl="#Sheet1">
		<SimpleData name="Capa">SININCAY/REDANILLO</SimpleData>
		<SimpleData name="Latitud">-2.904925</SimpleData>
		<SimpleData name="Longitud">-79.01522</SimpleData>
	</SchemaData></ExtendedData>
  </Placemark>
  <Placemark>
	<ExtendedData><SchemaData schemaUrl="#Sheet1">
		<SimpleData name="Capa">SININCAY/REDANILLO</SimpleData>
		<SimpleData name="Latitud">-2.905795</SimpleData>
		<SimpleData name="Longitud">-79.020941</SimpleData>
	</SchemaData></ExtendedData>
  </Placemark>
  <Placemark>
	<ExtendedData><SchemaData schemaUrl="#Sheet1">
		<SimpleData name="Capa">SININCAY/REDANILLO</SimpleData>
		<SimpleData name="Latitud">-2.904749</SimpleData>
		<SimpleData name="Longitud">-79.021851</SimpleData>
	</SchemaData></ExtendedData>
  </Placemark>
  <Placemark>
	<ExtendedData><SchemaData schemaUrl="#Sheet1">
		<SimpleData name="Capa">SININCAY/REDANILLO</SimpleData>
		<SimpleData name="Latitud">-2.906428</SimpleData>
		<SimpleData name="Longitud">-79.021109</SimpleData>
	</SchemaData></ExtendedData>
  </Placemark>
  <Placemark>
	<ExtendedData><SchemaData schemaUrl="#Sheet1">
		<SimpleData name="Capa">SININCAY/REDANILLO</SimpleData>
		<SimpleData name="Latitud">-2.905851</SimpleData>
		<SimpleData name="Longitud">-79.022197</SimpleData>
	</SchemaData></ExtendedData>
  </Placemark>
  <Placemark>
	<ExtendedData><SchemaData schemaUrl="#Sheet1">
		<SimpleData name="Capa">SININCAY/REDANILLO</SimpleData>
		<SimpleData name="Latitud">-2.905077</SimpleData>
		<SimpleData name="Longitud">-79.023979</SimpleData>
	</SchemaData></ExtendedData>
  </Placemark>
  <Placemark>
	<ExtendedData><SchemaData schemaUrl="#Sheet1">
		<SimpleData name="Capa">SININCAY/REDANILLO</SimpleData>
		<SimpleData name="Latitud">-2.906005</SimpleData>
		<SimpleData name="Longitud">-79.01975</SimpleData>
	</SchemaData></ExtendedData>
  </Placemark>
  <Placemark>
	<ExtendedData><SchemaData schemaUrl="#Sheet1">
		<SimpleData name="Capa">SININCAY/REDANILLO</SimpleData>
		<SimpleData name="Latitud">-2.904065</SimpleData>
		<SimpleData name="Longitud">-79.01859</SimpleData>
	</SchemaData></ExtendedData>
  </Placemark>
  <Placemark>
	<ExtendedData><SchemaData schemaUrl="#Sheet1">
		<SimpleData name="Capa">SININCAY/REDANILLO</SimpleData>
		<SimpleData name="Latitud">-2.903116</SimpleData>
		<SimpleData name="Longitud">-79.019795</SimpleData>
	</SchemaData></ExtendedData>
  </Placemark>
  <Placemark>
	<ExtendedData><SchemaData schemaUrl="#Sheet1">
		<SimpleData name="Capa">SININCAY/REDANILLO</SimpleData>
		<SimpleData name="Latitud">-2.903352</SimpleData>
		<SimpleData name="Longitud">-79.016726</SimpleData>
	</SchemaData></ExtendedData>
  </Placemark>
  <Placemark>
	<ExtendedData><SchemaData schemaUrl="#Sheet1">
		<SimpleData name="Capa">SININCAY/REDANILLO</SimpleData>
		<SimpleData name="Latitud">-2.902452</SimpleData>
		<SimpleData name="Longitud">-79.015711</SimpleData>
	</SchemaData></ExtendedData>
  </Placemark>
  <Placemark>
	<ExtendedData><SchemaData schemaUrl="#Sheet1">
		<SimpleData name="Capa">SININCAY/REDANILLO</SimpleData>
		<SimpleData name="Nombre">SM4904-1</SimpleData>
		<SimpleData name="Latitud">-2.8786772</SimpleData>
		<SimpleData name="Longitud">-78.9775787</SimpleData>
	</SchemaData></ExtendedData>
  </Placemark>
  <Placemark>
	<ExtendedData><SchemaData schemaUrl="#Sheet1">
		<SimpleData name="Capa">SININCAY/REDANILLO</SimpleData>
		<SimpleData name="Nombre">SM1012A-1</SimpleData>
		<SimpleData name="Latitud">-2.8967407</SimpleData>
		<SimpleData name="Longitud">-79.0216948</SimpleData>
	</SchemaData></ExtendedData>
  </Placemark>
  <Placemark>
	<ExtendedData><SchemaData schemaUrl="#Sheet1">
		<SimpleData name="Capa">SININCAY/REDANILLO</SimpleData>
		<SimpleData name="Nombre">SM1207-6</SimpleData>
		<SimpleData name="Latitud">-2.9061869</SimpleData>
		<SimpleData name="Longitud">-79.0023489</SimpleData>
	</SchemaData></ExtendedData>
  </Placemark>
  <Placemark>
	<ExtendedData><SchemaData schemaUrl="#Sheet1">
		<SimpleData name="Capa">SININCAY/REDANILLO</SimpleData>
		<SimpleData name="Nombre">SM7076-3-EXT ED</SimpleData>
		<SimpleData name="Latitud">-2.8901613</SimpleData>
		<SimpleData name="Longitud">-79.0217459</SimpleData>
	</SchemaData></ExtendedData>
  </Placemark>
  <Placemark>
	<ExtendedData><SchemaData schemaUrl="#Sheet1">
		<SimpleData name="Capa">SININCAY/REDANILLO</SimpleData>
		<SimpleData name="Nombre">SM5120-8 ED</SimpleData>
		<SimpleData name="Latitud">-2.8913002</SimpleData>
		<SimpleData name="Longitud">-79.0347393</SimpleData>
	</SchemaData></ExtendedData>
  </Placemark>
  <Placemark>
	<ExtendedData><SchemaData schemaUrl="#Sheet1">
		<SimpleData name="Capa">SININCAY/REDANILLO</SimpleData>
		<SimpleData name="Nombre">SM5120-7 ED</SimpleData>
		<SimpleData name="Latitud">-2.8920303</SimpleData>
		<SimpleData name="Longitud">-79.0335431</SimpleData>
	</SchemaData></ExtendedData>
  </Placemark>
  <Placemark>
	<ExtendedData><SchemaData schemaUrl="#Sheet1">
		<SimpleData name="Capa">SININCAY/REDANILLO</SimpleData>
		<SimpleData name="Nombre">SM1004A-7</SimpleData>
		<SimpleData name="Latitud">-2.9103829</SimpleData>
		<SimpleData name="Longitud">-79.0035759</SimpleData>
	</SchemaData></ExtendedData>
  </Placemark>
  <Placemark>
	<ExtendedData><SchemaData schemaUrl="#Sheet1">
		<SimpleData name="Capa">SININCAY/REDANILLO</SimpleData>
		<SimpleData name="Nombre">SM015819-3</SimpleData>
		<SimpleData name="Latitud">-2.846023</SimpleData>
		<SimpleData name="Longitud">-78.8814225</SimpleData>
	</SchemaData></ExtendedData>
  </Placemark>
  <Placemark>
	<ExtendedData><SchemaData schemaUrl="#Sheet1">
		<SimpleData name="Capa">SININCAY/REDANILLO</SimpleData>
		<SimpleData name="Nombre">SM4904-3</SimpleData>
		<SimpleData name="Latitud">-2.8774938</SimpleData>
		<SimpleData name="Longitud">-78.9791613</SimpleData>
	</SchemaData></ExtendedData>
  </Placemark>
  <Placemark>
	<ExtendedData><SchemaData schemaUrl="#Sheet1">
		<SimpleData name="Capa">SININCAY/REDANILLO</SimpleData>
		<SimpleData name="Nombre">SM1012A-3</SimpleData>
		<SimpleData name="Latitud">-2.8960241</SimpleData>
		<SimpleData name="Longitud">-79.0229082</SimpleData>
	</SchemaData></ExtendedData>
  </Placemark>
  <Placemark>
	<ExtendedData><SchemaData schemaUrl="#Sheet1">
		<SimpleData name="Capa">SININCAY/REDANILLO</SimpleData>
		<SimpleData name="Nombre">SM015810-1 Ext</SimpleData>
		<SimpleData name="Latitud">-2.8748408</SimpleData>
		<SimpleData name="Longitud">-78.9359689</SimpleData>
	</SchemaData></ExtendedData>
  </Placemark>
  <Placemark>
	<ExtendedData><SchemaData schemaUrl="#Sheet1">
		<SimpleData name="Capa">SININCAY/REDANILLO</SimpleData>
		<SimpleData name="Nombre">SM1008B-7</SimpleData>
		<SimpleData name="Latitud">-2.9035447</SimpleData>
		<SimpleData name="Longitud">-79.0105098</SimpleData>
	</SchemaData></ExtendedData>
  </Placemark>
  <Placemark>
	<ExtendedData><SchemaData schemaUrl="#Sheet1">
		<SimpleData name="Capa">Ricaurte/kennedy/velodromo/Molinopamba/QUINTACHICA</SimpleData>
		<SimpleData name="Nombre">SM0814-1</SimpleData>
		<SimpleData name="Latitud">-2.861769</SimpleData>
		<SimpleData name="Longitud">-78.936976</SimpleData>
	</SchemaData></ExtendedData>
  </Placemark>
  <Placemark>
	<ExtendedData><SchemaData schemaUrl="#Sheet1">
		<SimpleData name="Capa">Ricaurte/kennedy/velodromo/Molinopamba/QUINTACHICA</SimpleData>
		<SimpleData name="Nombre">SM0814-2</SimpleData>
		<SimpleData name="Latitud">-2.860147</SimpleData>
		<SimpleData name="Longitud">-78.937243</SimpleData>
	</SchemaData></ExtendedData>
  </Placemark>
  <Placemark>
	<ExtendedData><SchemaData schemaUrl="#Sheet1">
		<SimpleData name="Capa">Ricaurte/kennedy/velodromo/Molinopamba/QUINTACHICA</SimpleData>
		<SimpleData name="Nombre">SM0814-3</SimpleData>
		<SimpleData name="Latitud">-2.86344</SimpleData>
		<SimpleData name="Longitud">-78.935371</SimpleData>
	</SchemaData></ExtendedData>
  </Placemark>
  <Placemark>
	<ExtendedData><SchemaData schemaUrl="#Sheet1">
		<SimpleData name="Capa">Ricaurte/kennedy/velodromo/Molinopamba/QUINTACHICA</SimpleData>
		<SimpleData name="Nombre">SM0814-4</SimpleData>
		<SimpleData name="Latitud">-2.863255</SimpleData>
		<SimpleData name="Longitud">-78.933045</SimpleData>
	</SchemaData></ExtendedData>
  </Placemark>
  <Placemark>
	<ExtendedData><SchemaData schemaUrl="#Sheet1">
		<SimpleData name="Capa">Ricaurte/kennedy/velodromo/Molinopamba/QUINTACHICA</SimpleData>
		<SimpleData name="Nombre">SM0816-1</SimpleData>
		<SimpleData name="Latitud">-2.864037</SimpleData>
		<SimpleData name="Longitud">-78.938774</SimpleData>
	</SchemaData></ExtendedData>
  </Placemark>
  <Placemark>
	<ExtendedData><SchemaData schemaUrl="#Sheet1">
		<SimpleData name="Capa">Ricaurte/kennedy/velodromo/Molinopamba/QUINTACHICA</SimpleData>
		<SimpleData name="Nombre">SM0816-2</SimpleData>
		<SimpleData name="Latitud">-2.861284</SimpleData>
		<SimpleData name="Longitud">-78.941469</SimpleData>
	</SchemaData></ExtendedData>
  </Placemark>
  <Placemark>
	<ExtendedData><SchemaData schemaUrl="#Sheet1">
		<SimpleData name="Capa">Ricaurte/kennedy/velodromo/Molinopamba/QUINTACHICA</SimpleData>
		<SimpleData name="Nombre">SM0816-3 1/16</SimpleData>
		<SimpleData name="Latitud">-2.860084</SimpleData>
		<SimpleData name="Longitud">-78.941373</SimpleData>
	</SchemaData></ExtendedData>
  </Placemark>
  <Placemark>
	<ExtendedData><SchemaData schemaUrl="#Sheet1">
		<SimpleData name="Capa">Ricaurte/kennedy/velodromo/Molinopamba/QUINTACHICA</SimpleData>
		<SimpleData name="Nombre">SM0813-4</SimpleData>
		<SimpleData name="Latitud">-2.857734</SimpleData>
		<SimpleData name="Longitud">-78.939285</SimpleData>
	</SchemaData></ExtendedData>
  </Placemark>
  <Placemark>
	<ExtendedData><SchemaData schemaUrl="#Sheet1">
		<SimpleData name="Capa">Ricaurte/kennedy/velodromo/Molinopamba/QUINTACHICA</SimpleData>
		<SimpleData name="Nombre">SM0813-5</SimpleData>
		<SimpleData name="Latitud">-2.855042</SimpleData>
		<SimpleData name="Longitud">-78.937944</SimpleData>
	</SchemaData></ExtendedData>
  </Placemark>
  <Placemark>
	<ExtendedData><SchemaData schemaUrl="#Sheet1">
		<SimpleData name="Capa">Ricaurte/kennedy/velodromo/Molinopamba/QUINTACHICA</SimpleData>
		<SimpleData name="Nombre">SM0813-6</SimpleData>
		<SimpleData name="Latitud">-2.849205</SimpleData>
		<SimpleData name="Longitud">-78.934728</SimpleData>
	</SchemaData></ExtendedData>
  </Placemark>
  <Placemark>
	<ExtendedData><SchemaData schemaUrl="#Sheet1">
		<SimpleData name="Capa">Ricaurte/kennedy/velodromo/Molinopamba/QUINTACHICA</SimpleData>
		<SimpleData name="Nombre">SM0813-7</SimpleData>
		<SimpleData name="Latitud">-2.8479889</SimpleData>
		<SimpleData name="Longitud">-78.9336133</SimpleData>
	</SchemaData></ExtendedData>
  </Placemark>
  <Placemark>
	<ExtendedData><SchemaData schemaUrl="#Sheet1">
		<SimpleData name="Capa">Ricaurte/kennedy/velodromo/Molinopamba/QUINTACHICA</SimpleData>
		<SimpleData name="Nombre">SM0813-8</SimpleData>
		<SimpleData name="Latitud">-2.850759</SimpleData>
		<SimpleData name="Longitud">-78.93404</SimpleData>
	</SchemaData></ExtendedData>
  </Placemark>
  <Placemark>
	<ExtendedData><SchemaData schemaUrl="#Sheet1">
		<SimpleData name="Capa">Ricaurte/kennedy/velodromo/Molinopamba/QUINTACHICA</SimpleData>
		<SimpleData name="Nombre">SM0813-3</SimpleData>
		<SimpleData name="Latitud">-2.857917</SimpleData>
		<SimpleData name="Longitud">-78.938134</SimpleData>
	</SchemaData></ExtendedData>
  </Placemark>
  <Placemark>
	<ExtendedData><SchemaData schemaUrl="#Sheet1">
		<SimpleData name="Capa">Ricaurte/kennedy/velodromo/Molinopamba/QUINTACHICA</SimpleData>
		<SimpleData name="Nombre">SM0812-1</SimpleData>
		<SimpleData name="Latitud">-2.862494</SimpleData>
		<SimpleData name="Longitud">-78.934394</SimpleData>
	</SchemaData></ExtendedData>
  </Placemark>
  <Placemark>
	<ExtendedData><SchemaData schemaUrl="#Sheet1">
		<SimpleData name="Capa">Ricaurte/kennedy/velodromo/Molinopamba/QUINTACHICA</SimpleData>
		<SimpleData name="Nombre">SM0812-8</SimpleData>
		<SimpleData name="Latitud">-2.858213</SimpleData>
		<SimpleData name="Longitud">-78.92984</SimpleData>
	</SchemaData></ExtendedData>
  </Placemark>
  <Placemark>
	<ExtendedData><SchemaData schemaUrl="#Sheet1">
		<SimpleData name="Capa">Ricaurte/kennedy/velodromo/Molinopamba/QUINTACHICA</SimpleData>
		<SimpleData name="Nombre">SM0812-6</SimpleData>
		<SimpleData name="Latitud">-2.860626</SimpleData>
		<SimpleData name="Longitud">-78.93196</SimpleData>
	</SchemaData></ExtendedData>
  </Placemark>
  <Placemark>
	<ExtendedData><SchemaData schemaUrl="#Sheet1">
		<SimpleData name="Capa">Ricaurte/kennedy/velodromo/Molinopamba/QUINTACHICA</SimpleData>
		<SimpleData name="Nombre">SM0812-2</SimpleData>
		<SimpleData name="Latitud">-2.862286</SimpleData>
		<SimpleData name="Longitud">-78.931996</SimpleData>
	</SchemaData></ExtendedData>
  </Placemark>
  <Placemark>
	<ExtendedData><SchemaData schemaUrl="#Sheet1">
		<SimpleData name="Capa">Ricaurte/kennedy/velodromo/Molinopamba/QUINTACHICA</SimpleData>
		<SimpleData name="Nombre">SM0812-7</SimpleData>
		<SimpleData name="Latitud">-2.859238</SimpleData>
		<SimpleData name="Longitud">-78.931819</SimpleData>
	</SchemaData></ExtendedData>
  </Placemark>
  <Placemark>
	<ExtendedData><SchemaData schemaUrl="#Sheet1">
		<SimpleData name="Capa">Ricaurte/kennedy/velodromo/Molinopamba/QUINTACHICA</SimpleData>
		<SimpleData name="Nombre">SM0812-5</SimpleData>
		<SimpleData name="Latitud">-2.859406</SimpleData>
		<SimpleData name="Longitud">-78.928662</SimpleData>
	</SchemaData></ExtendedData>
  </Placemark>
  <Placemark>
	<ExtendedData><SchemaData schemaUrl="#Sheet1">
		<SimpleData name="Capa">Ricaurte/kennedy/velodromo/Molinopamba/QUINTACHICA</SimpleData>
		<SimpleData name="Nombre">SM0812-4</SimpleData>
		<SimpleData name="Latitud">-2.860144</SimpleData>
		<SimpleData name="Longitud">-78.930352</SimpleData>
	</SchemaData></ExtendedData>
  </Placemark>
  <Placemark>
	<ExtendedData><SchemaData schemaUrl="#Sheet1">
		<SimpleData name="Capa">Ricaurte/kennedy/velodromo/Molinopamba/QUINTACHICA</SimpleData>
		<SimpleData name="Nombre">SM0812-3</SimpleData>
		<SimpleData name="Latitud">-2.861633</SimpleData>
		<SimpleData name="Longitud">-78.930077</SimpleData>
	</SchemaData></ExtendedData>
  </Placemark>
  <Placemark>
	<ExtendedData><SchemaData schemaUrl="#Sheet1">
		<SimpleData name="Capa">Ricaurte/kennedy/velodromo/Molinopamba/QUINTACHICA</SimpleData>
		<SimpleData name="Nombre">SM0811-1</SimpleData>
		<SimpleData name="Latitud">-2.846882</SimpleData>
		<SimpleData name="Longitud">-78.91192</SimpleData>
	</SchemaData></ExtendedData>
  </Placemark>
  <Placemark>
	<ExtendedData><SchemaData schemaUrl="#Sheet1">
		<SimpleData name="Capa">Ricaurte/kennedy/velodromo/Molinopamba/QUINTACHICA</SimpleData>
		<SimpleData name="Nombre">SM0811-2</SimpleData>
		<SimpleData name="Latitud">-2.843975</SimpleData>
		<SimpleData name="Longitud">-78.911508</SimpleData>
	</SchemaData></ExtendedData>
  </Placemark>
  <Placemark>
	<ExtendedData><SchemaData schemaUrl="#Sheet1">
		<SimpleData name="Capa">Ricaurte/kennedy/velodromo/Molinopamba/QUINTACHICA</SimpleData>
		<SimpleData name="Nombre">SM0811-3</SimpleData>
		<SimpleData name="Latitud">-2.845352</SimpleData>
		<SimpleData name="Longitud">-78.910652</SimpleData>
	</SchemaData></ExtendedData>
  </Placemark>
  <Placemark>
	<ExtendedData><SchemaData schemaUrl="#Sheet1">
		<SimpleData name="Capa">Ricaurte/kennedy/velodromo/Molinopamba/QUINTACHICA</SimpleData>
		<SimpleData name="Nombre">SM0811-4</SimpleData>
		<SimpleData name="Latitud">-2.843175</SimpleData>
		<SimpleData name="Longitud">-78.910436</SimpleData>
	</SchemaData></ExtendedData>
  </Placemark>
  <Placemark>
	<ExtendedData><SchemaData schemaUrl="#Sheet1">
		<SimpleData name="Capa">Ricaurte/kennedy/velodromo/Molinopamba/QUINTACHICA</SimpleData>
		<SimpleData name="Nombre">SM0811-5</SimpleData>
		<SimpleData name="Latitud">-2.841951</SimpleData>
		<SimpleData name="Longitud">-78.908687</SimpleData>
	</SchemaData></ExtendedData>
  </Placemark>
  <Placemark>
	<ExtendedData><SchemaData schemaUrl="#Sheet1">
		<SimpleData name="Capa">Ricaurte/kennedy/velodromo/Molinopamba/QUINTACHICA</SimpleData>
		<SimpleData name="Nombre">SM0811-6</SimpleData>
		<SimpleData name="Latitud">-2.839177</SimpleData>
		<SimpleData name="Longitud">-78.908962</SimpleData>
	</SchemaData></ExtendedData>
  </Placemark>
  <Placemark>
	<ExtendedData><SchemaData schemaUrl="#Sheet1">
		<SimpleData name="Capa">Ricaurte/kennedy/velodromo/Molinopamba/QUINTACHICA</SimpleData>
		<SimpleData name="Nombre">SM0811-7</SimpleData>
		<SimpleData name="Latitud">-2.847936</SimpleData>
		<SimpleData name="Longitud">-78.916738</SimpleData>
	</SchemaData></ExtendedData>
  </Placemark>
  <Placemark>
	<ExtendedData><SchemaData schemaUrl="#Sheet1">
		<SimpleData name="Capa">Ricaurte/kennedy/velodromo/Molinopamba/QUINTACHICA</SimpleData>
		<SimpleData name="Nombre">SM0811-8</SimpleData>
		<SimpleData name="Latitud">-2.850816</SimpleData>
		<SimpleData name="Longitud">-78.920768</SimpleData>
	</SchemaData></ExtendedData>
  </Placemark>
  <Placemark>
	<ExtendedData><SchemaData schemaUrl="#Sheet1">
		<SimpleData name="Capa">Ricaurte/kennedy/velodromo/Molinopamba/QUINTACHICA</SimpleData>
		<SimpleData name="Nombre">SM0810-7</SimpleData>
		<SimpleData name="Latitud">-2.844105</SimpleData>
		<SimpleData name="Longitud">-78.90623</SimpleData>
	</SchemaData></ExtendedData>
  </Placemark>
  <Placemark>
	<ExtendedData><SchemaData schemaUrl="#Sheet1">
		<SimpleData name="Capa">Ricaurte/kennedy/velodromo/Molinopamba/QUINTACHICA</SimpleData>
		<SimpleData name="Nombre">SM0810-6</SimpleData>
		<SimpleData name="Latitud">-2.843911</SimpleData>
		<SimpleData name="Longitud">-78.903666</SimpleData>
	</SchemaData></ExtendedData>
  </Placemark>
  <Placemark>
	<ExtendedData><SchemaData schemaUrl="#Sheet1">
		<SimpleData name="Capa">Ricaurte/kennedy/velodromo/Molinopamba/QUINTACHICA</SimpleData>
		<SimpleData name="Nombre">SM0810-5</SimpleData>
		<SimpleData name="Latitud">-2.844604</SimpleData>
		<SimpleData name="Longitud">-78.902339</SimpleData>
	</SchemaData></ExtendedData>
  </Placemark>
  <Placemark>
	<ExtendedData><SchemaData schemaUrl="#Sheet1">
		<SimpleData name="Capa">Ricaurte/kennedy/velodromo/Molinopamba/QUINTACHICA</SimpleData>
		<SimpleData name="Nombre">SM0810-1</SimpleData>
		<SimpleData name="Latitud">-2.844733</SimpleData>
		<SimpleData name="Longitud">-78.900176</SimpleData>
	</SchemaData></ExtendedData>
  </Placemark>
  <Placemark>
	<ExtendedData><SchemaData schemaUrl="#Sheet1">
		<SimpleData name="Capa">Ricaurte/kennedy/velodromo/Molinopamba/QUINTACHICA</SimpleData>
		<SimpleData name="Nombre">SM0810-2</SimpleData>
		<SimpleData name="Latitud">-2.844758</SimpleData>
		<SimpleData name="Longitud">-78.895229</SimpleData>
	</SchemaData></ExtendedData>
  </Placemark>
  <Placemark>
	<ExtendedData><SchemaData schemaUrl="#Sheet1">
		<SimpleData name="Capa">Ricaurte/kennedy/velodromo/Molinopamba/QUINTACHICA</SimpleData>
		<SimpleData name="Nombre">SM0810-3</SimpleData>
		<SimpleData name="Latitud">-2.844619</SimpleData>
		<SimpleData name="Longitud">-78.891283</SimpleData>
	</SchemaData></ExtendedData>
  </Placemark>
  <Placemark>
	<ExtendedData><SchemaData schemaUrl="#Sheet1">
		<SimpleData name="Capa">Ricaurte/kennedy/velodromo/Molinopamba/QUINTACHICA</SimpleData>
		<SimpleData name="Nombre">SM0810-4</SimpleData>
		<SimpleData name="Latitud">-2.84182</SimpleData>
		<SimpleData name="Longitud">-78.891014</SimpleData>
	</SchemaData></ExtendedData>
  </Placemark>
  <Placemark>
	<ExtendedData><SchemaData schemaUrl="#Sheet1">
		<SimpleData name="Capa">Ricaurte/kennedy/velodromo/Molinopamba/QUINTACHICA</SimpleData>
		<SimpleData name="Nombre">SM0810-8</SimpleData>
		<SimpleData name="Latitud">-2.842223</SimpleData>
		<SimpleData name="Longitud">-78.90766</SimpleData>
	</SchemaData></ExtendedData>
  </Placemark>
  <Placemark>
	<ExtendedData><SchemaData schemaUrl="#Sheet1">
		<SimpleData name="Capa">Ricaurte/kennedy/velodromo/Molinopamba/QUINTACHICA</SimpleData>
		<SimpleData name="Nombre">Ext. SM0810(4)</SimpleData>
		<SimpleData name="Latitud">-2.83757</SimpleData>
		<SimpleData name="Longitud">-78.891493</SimpleData>
	</SchemaData></ExtendedData>
  </Placemark>
  <Placemark>
	<ExtendedData><SchemaData schemaUrl="#Sheet1">
		<SimpleData name="Capa">Ricaurte/kennedy/velodromo/Molinopamba/QUINTACHICA</SimpleData>
		<SimpleData name="Nombre">SM0815-1</SimpleData>
		<SimpleData name="Latitud">-2.863466</SimpleData>
		<SimpleData name="Longitud">-78.940091</SimpleData>
	</SchemaData></ExtendedData>
  </Placemark>
  <Placemark>
	<ExtendedData><SchemaData schemaUrl="#Sheet1">
		<SimpleData name="Capa">Ricaurte/kennedy/velodromo/Molinopamba/QUINTACHICA</SimpleData>
		<SimpleData name="Nombre">SM0815-2</SimpleData>
		<SimpleData name="Latitud">-2.864183</SimpleData>
		<SimpleData name="Longitud">-78.942535</SimpleData>
	</SchemaData></ExtendedData>
  </Placemark>
  <Placemark>
	<ExtendedData><SchemaData schemaUrl="#Sheet1">
		<SimpleData name="Capa">Ricaurte/kennedy/velodromo/Molinopamba/QUINTACHICA</SimpleData>
		<SimpleData name="Nombre">SM0815-5</SimpleData>
		<SimpleData name="Latitud">-2.863485</SimpleData>
		<SimpleData name="Longitud">-78.945295</SimpleData>
	</SchemaData></ExtendedData>
  </Placemark>
  <Placemark>
	<ExtendedData><SchemaData schemaUrl="#Sheet1">
		<SimpleData name="Capa">Ricaurte/kennedy/velodromo/Molinopamba/QUINTACHICA</SimpleData>
		<SimpleData name="Nombre">SM0815-4</SimpleData>
		<SimpleData name="Latitud">-2.866109</SimpleData>
		<SimpleData name="Longitud">-78.943489</SimpleData>
	</SchemaData></ExtendedData>
  </Placemark>
  <Placemark>
	<ExtendedData><SchemaData schemaUrl="#Sheet1">
		<SimpleData name="Capa">Ricaurte/kennedy/velodromo/Molinopamba/QUINTACHICA</SimpleData>
		<SimpleData name="Nombre">SM0815-3</SimpleData>
		<SimpleData name="Latitud">-2.865959</SimpleData>
		<SimpleData name="Longitud">-78.942627</SimpleData>
	</SchemaData></ExtendedData>
  </Placemark>
  <Placemark>
	<ExtendedData><SchemaData schemaUrl="#Sheet1">
		<SimpleData name="Capa">Ricaurte/kennedy/velodromo/Molinopamba/QUINTACHICA</SimpleData>
		<SimpleData name="Nombre">SM0815-6</SimpleData>
		<SimpleData name="Latitud">-2.865885</SimpleData>
		<SimpleData name="Longitud">-78.945648</SimpleData>
	</SchemaData></ExtendedData>
  </Placemark>
  <Placemark>
	<ExtendedData><SchemaData schemaUrl="#Sheet1">
		<SimpleData name="Capa">Ricaurte/kennedy/velodromo/Molinopamba/QUINTACHICA</SimpleData>
		<SimpleData name="Nombre">SM0815-7</SimpleData>
		<SimpleData name="Latitud">-2.866878</SimpleData>
		<SimpleData name="Longitud">-78.947346</SimpleData>
	</SchemaData></ExtendedData>
  </Placemark>
  <Placemark>
	<ExtendedData><SchemaData schemaUrl="#Sheet1">
		<SimpleData name="Capa">Ricaurte/kennedy/velodromo/Molinopamba/QUINTACHICA</SimpleData>
		<SimpleData name="Nombre">SM0815-8</SimpleData>
		<SimpleData name="Latitud">-2.869933</SimpleData>
		<SimpleData name="Longitud">-78.948317</SimpleData>
	</SchemaData></ExtendedData>
  </Placemark>
  <Placemark>
	<ExtendedData><SchemaData schemaUrl="#Sheet1">
		<SimpleData name="Capa">Ricaurte/kennedy/velodromo/Molinopamba/QUINTACHICA</SimpleData>
		<SimpleData name="Nombre">SM0818-1</SimpleData>
		<SimpleData name="Latitud">-2.859168</SimpleData>
		<SimpleData name="Longitud">-78.935542</SimpleData>
	</SchemaData></ExtendedData>
  </Placemark>
  <Placemark>
	<ExtendedData><SchemaData schemaUrl="#Sheet1">
		<SimpleData name="Capa">Ricaurte/kennedy/velodromo/Molinopamba/QUINTACHICA</SimpleData>
		<SimpleData name="Nombre">SM015802-1</SimpleData>
		<SimpleData name="Latitud">-2.850998</SimpleData>
		<SimpleData name="Longitud">-78.899819</SimpleData>
	</SchemaData></ExtendedData>
  </Placemark>
  <Placemark>
	<ExtendedData><SchemaData schemaUrl="#Sheet1">
		<SimpleData name="Capa">Ricaurte/kennedy/velodromo/Molinopamba/QUINTACHICA</SimpleData>
		<SimpleData name="Nombre">SM015802-2</SimpleData>
		<SimpleData name="Latitud">-2.849524</SimpleData>
		<SimpleData name="Longitud">-78.896922</SimpleData>
	</SchemaData></ExtendedData>
  </Placemark>
  <Placemark>
	<ExtendedData><SchemaData schemaUrl="#Sheet1">
		<SimpleData name="Capa">Ricaurte/kennedy/velodromo/Molinopamba/QUINTACHICA</SimpleData>
		<SimpleData name="Nombre">SM015802-3</SimpleData>
		<SimpleData name="Latitud">-2.852967</SimpleData>
		<SimpleData name="Longitud">-78.903632</SimpleData>
	</SchemaData></ExtendedData>
  </Placemark>
  <Placemark>
	<ExtendedData><SchemaData schemaUrl="#Sheet1">
		<SimpleData name="Capa">Ricaurte/kennedy/velodromo/Molinopamba/QUINTACHICA</SimpleData>
		<SimpleData name="Nombre">SM015802-4</SimpleData>
		<SimpleData name="Latitud">-2.854114</SimpleData>
		<SimpleData name="Longitud">-78.902952</SimpleData>
	</SchemaData></ExtendedData>
  </Placemark>
  <Placemark>
	<ExtendedData><SchemaData schemaUrl="#Sheet1">
		<SimpleData name="Capa">Ricaurte/kennedy/velodromo/Molinopamba/QUINTACHICA</SimpleData>
		<SimpleData name="Nombre">SM015802-5</SimpleData>
		<SimpleData name="Latitud">-2.855695</SimpleData>
		<SimpleData name="Longitud">-78.902926</SimpleData>
	</SchemaData></ExtendedData>
  </Placemark>
  <Placemark>
	<ExtendedData><SchemaData schemaUrl="#Sheet1">
		<SimpleData name="Capa">Ricaurte/kennedy/velodromo/Molinopamba/QUINTACHICA</SimpleData>
		<SimpleData name="Nombre">SM015802-6</SimpleData>
		<SimpleData name="Latitud">-2.852955</SimpleData>
		<SimpleData name="Longitud">-78.905049</SimpleData>
	</SchemaData></ExtendedData>
  </Placemark>
  <Placemark>
	<ExtendedData><SchemaData schemaUrl="#Sheet1">
		<SimpleData name="Capa">Ricaurte/kennedy/velodromo/Molinopamba/QUINTACHICA</SimpleData>
		<SimpleData name="Nombre">SM015802-7</SimpleData>
		<SimpleData name="Latitud">-2.853395</SimpleData>
		<SimpleData name="Longitud">-78.906193</SimpleData>
	</SchemaData></ExtendedData>
  </Placemark>
  <Placemark>
	<ExtendedData><SchemaData schemaUrl="#Sheet1">
		<SimpleData name="Capa">Ricaurte/kennedy/velodromo/Molinopamba/QUINTACHICA</SimpleData>
		<SimpleData name="Nombre">SM015802-8</SimpleData>
		<SimpleData name="Latitud">-2.8553</SimpleData>
		<SimpleData name="Longitud">-78.90916</SimpleData>
	</SchemaData></ExtendedData>
  </Placemark>
  <Placemark>
	<ExtendedData><SchemaData schemaUrl="#Sheet1">
		<SimpleData name="Capa">Ricaurte/kennedy/velodromo/Molinopamba/QUINTACHICA</SimpleData>
		<SimpleData name="Nombre">SM015801-1</SimpleData>
		<SimpleData name="Latitud">-2.856555</SimpleData>
		<SimpleData name="Longitud">-78.908726</SimpleData>
	</SchemaData></ExtendedData>
  </Placemark>
  <Placemark>
	<ExtendedData><SchemaData schemaUrl="#Sheet1">
		<SimpleData name="Capa">Ricaurte/kennedy/velodromo/Molinopamba/QUINTACHICA</SimpleData>
		<SimpleData name="Nombre">SM015801-2</SimpleData>
		<SimpleData name="Latitud">-2.861294</SimpleData>
		<SimpleData name="Longitud">-78.907397</SimpleData>
	</SchemaData></ExtendedData>
  </Placemark>
  <Placemark>
	<ExtendedData><SchemaData schemaUrl="#Sheet1">
		<SimpleData name="Capa">Ricaurte/kennedy/velodromo/Molinopamba/QUINTACHICA</SimpleData>
		<SimpleData name="Nombre">SM015801-3</SimpleData>
		<SimpleData name="Latitud">-2.864178</SimpleData>
		<SimpleData name="Longitud">-78.907767</SimpleData>
	</SchemaData></ExtendedData>
  </Placemark>
  <Placemark>
	<ExtendedData><SchemaData schemaUrl="#Sheet1">
		<SimpleData name="Capa">Ricaurte/kennedy/velodromo/Molinopamba/QUINTACHICA</SimpleData>
		<SimpleData name="Nombre">SM015801-4</SimpleData>
		<SimpleData name="Latitud">-2.854784</SimpleData>
		<SimpleData name="Longitud">-78.910051</SimpleData>
	</SchemaData></ExtendedData>
  </Placemark>
  <Placemark>
	<ExtendedData><SchemaData schemaUrl="#Sheet1">
		<SimpleData name="Capa">Ricaurte/kennedy/velodromo/Molinopamba/QUINTACHICA</SimpleData>
		<SimpleData name="Nombre">SM015801-5</SimpleData>
		<SimpleData name="Latitud">-2.85412</SimpleData>
		<SimpleData name="Longitud">-78.911689</SimpleData>
	</SchemaData></ExtendedData>
  </Placemark>
  <Placemark>
	<ExtendedData><SchemaData schemaUrl="#Sheet1">
		<SimpleData name="Capa">Ricaurte/kennedy/velodromo/Molinopamba/QUINTACHICA</SimpleData>
		<SimpleData name="Nombre">SM015801-6</SimpleData>
		<SimpleData name="Latitud">-2.850839</SimpleData>
		<SimpleData name="Longitud">-78.910056</SimpleData>
	</SchemaData></ExtendedData>
  </Placemark>
  <Placemark>
	<ExtendedData><SchemaData schemaUrl="#Sheet1">
		<SimpleData name="Capa">Ricaurte/kennedy/velodromo/Molinopamba/QUINTACHICA</SimpleData>
		<SimpleData name="Nombre">SM015801-7</SimpleData>
		<SimpleData name="Latitud">-2.850384</SimpleData>
		<SimpleData name="Longitud">-78.913197</SimpleData>
	</SchemaData></ExtendedData>
  </Placemark>
  <Placemark>
	<ExtendedData><SchemaData schemaUrl="#Sheet1">
		<SimpleData name="Capa">Ricaurte/kennedy/velodromo/Molinopamba/QUINTACHICA</SimpleData>
		<SimpleData name="Nombre">SM015801-8</SimpleData>
		<SimpleData name="Latitud">-2.851673</SimpleData>
		<SimpleData name="Longitud">-78.916024</SimpleData>
	</SchemaData></ExtendedData>
  </Placemark>
  <Placemark>
	<ExtendedData><SchemaData schemaUrl="#Sheet1">
		<SimpleData name="Capa">Ricaurte/kennedy/velodromo/Molinopamba/QUINTACHICA</SimpleData>
		<SimpleData name="Nombre">SM015803-3</SimpleData>
		<SimpleData name="Latitud">-2.860025</SimpleData>
		<SimpleData name="Longitud">-78.911946</SimpleData>
	</SchemaData></ExtendedData>
  </Placemark>
  <Placemark>
	<ExtendedData><SchemaData schemaUrl="#Sheet1">
		<SimpleData name="Capa">Ricaurte/kennedy/velodromo/Molinopamba/QUINTACHICA</SimpleData>
		<SimpleData name="Nombre">SM015803-2</SimpleData>
		<SimpleData name="Latitud">-2.856815</SimpleData>
		<SimpleData name="Longitud">-78.912474</SimpleData>
	</SchemaData></ExtendedData>
  </Placemark>
  <Placemark>
	<ExtendedData><SchemaData schemaUrl="#Sheet1">
		<SimpleData name="Capa">Ricaurte/kennedy/velodromo/Molinopamba/QUINTACHICA</SimpleData>
		<SimpleData name="Nombre">SM015803-1</SimpleData>
		<SimpleData name="Latitud">-2.857296</SimpleData>
		<SimpleData name="Longitud">-78.914731</SimpleData>
	</SchemaData></ExtendedData>
  </Placemark>
  <Placemark>
	<ExtendedData><SchemaData schemaUrl="#Sheet1">
		<SimpleData name="Capa">Ricaurte/kennedy/velodromo/Molinopamba/QUINTACHICA</SimpleData>
		<SimpleData name="Nombre">SM015803-4</SimpleData>
		<SimpleData name="Latitud">-2.859642</SimpleData>
		<SimpleData name="Longitud">-78.914911</SimpleData>
	</SchemaData></ExtendedData>
  </Placemark>
  <Placemark>
	<ExtendedData><SchemaData schemaUrl="#Sheet1">
		<SimpleData name="Capa">Ricaurte/kennedy/velodromo/Molinopamba/QUINTACHICA</SimpleData>
		<SimpleData name="Nombre">SM015803-6</SimpleData>
		<SimpleData name="Latitud">-2.859878</SimpleData>
		<SimpleData name="Longitud">-78.918956</SimpleData>
	</SchemaData></ExtendedData>
  </Placemark>
  <Placemark>
	<ExtendedData><SchemaData schemaUrl="#Sheet1">
		<SimpleData name="Capa">Ricaurte/kennedy/velodromo/Molinopamba/QUINTACHICA</SimpleData>
		<SimpleData name="Nombre">SM015803-7</SimpleData>
		<SimpleData name="Latitud">-2.862195</SimpleData>
		<SimpleData name="Longitud">-78.921565</SimpleData>
	</SchemaData></ExtendedData>
  </Placemark>
  <Placemark>
	<ExtendedData><SchemaData schemaUrl="#Sheet1">
		<SimpleData name="Capa">Ricaurte/kennedy/velodromo/Molinopamba/QUINTACHICA</SimpleData>
		<SimpleData name="Nombre">SM015803-5</SimpleData>
		<SimpleData name="Latitud">-2.861147</SimpleData>
		<SimpleData name="Longitud">-78.91472</SimpleData>
	</SchemaData></ExtendedData>
  </Placemark>
  <Placemark>
	<ExtendedData><SchemaData schemaUrl="#Sheet1">
		<SimpleData name="Capa">Ricaurte/kennedy/velodromo/Molinopamba/QUINTACHICA</SimpleData>
		<SimpleData name="Nombre">SM015803-8</SimpleData>
		<SimpleData name="Latitud">-2.857171</SimpleData>
		<SimpleData name="Longitud">-78.91935</SimpleData>
	</SchemaData></ExtendedData>
  </Placemark>
  <Placemark>
	<ExtendedData><SchemaData schemaUrl="#Sheet1">
		<SimpleData name="Capa">Ricaurte/kennedy/velodromo/Molinopamba/QUINTACHICA</SimpleData>
		<SimpleData name="Nombre">SM015804-5</SimpleData>
		<SimpleData name="Latitud">-2.84986</SimpleData>
		<SimpleData name="Longitud">-78.898639</SimpleData>
	</SchemaData></ExtendedData>
  </Placemark>
  <Placemark>
	<ExtendedData><SchemaData schemaUrl="#Sheet1">
		<SimpleData name="Capa">Ricaurte/kennedy/velodromo/Molinopamba/QUINTACHICA</SimpleData>
		<SimpleData name="Nombre">SM015804-4</SimpleData>
		<SimpleData name="Latitud">-2.852225</SimpleData>
		<SimpleData name="Longitud">-78.901099</SimpleData>
	</SchemaData></ExtendedData>
  </Placemark>
  <Placemark>
	<ExtendedData><SchemaData schemaUrl="#Sheet1">
		<SimpleData name="Capa">Ricaurte/kennedy/velodromo/Molinopamba/QUINTACHICA</SimpleData>
		<SimpleData name="Nombre">SM015804-3</SimpleData>
		<SimpleData name="Latitud">-2.857125</SimpleData>
		<SimpleData name="Longitud">-78.901435</SimpleData>
	</SchemaData></ExtendedData>
  </Placemark>
  <Placemark>
	<ExtendedData><SchemaData schemaUrl="#Sheet1">
		<SimpleData name="Capa">Ricaurte/kennedy/velodromo/Molinopamba/QUINTACHICA</SimpleData>
		<SimpleData name="Nombre">SM015804-2</SimpleData>
		<SimpleData name="Latitud">-2.856199</SimpleData>
		<SimpleData name="Longitud">-78.904274</SimpleData>
	</SchemaData></ExtendedData>
  </Placemark>
  <Placemark>
	<ExtendedData><SchemaData schemaUrl="#Sheet1">
		<SimpleData name="Capa">Ricaurte/kennedy/velodromo/Molinopamba/QUINTACHICA</SimpleData>
		<SimpleData name="Nombre">SM015804-1</SimpleData>
		<SimpleData name="Latitud">-2.852801</SimpleData>
		<SimpleData name="Longitud">-78.904156</SimpleData>
	</SchemaData></ExtendedData>
  </Placemark>
  <Placemark>
	<ExtendedData><SchemaData schemaUrl="#Sheet1">
		<SimpleData name="Capa">Ricaurte/kennedy/velodromo/Molinopamba/QUINTACHICA</SimpleData>
		<SimpleData name="Nombre">SM015805-1</SimpleData>
		<SimpleData name="Latitud">-2.853384</SimpleData>
		<SimpleData name="Longitud">-78.912954</SimpleData>
	</SchemaData></ExtendedData>
  </Placemark>
  <Placemark>
	<ExtendedData><SchemaData schemaUrl="#Sheet1">
		<SimpleData name="Capa">Ricaurte/kennedy/velodromo/Molinopamba/QUINTACHICA</SimpleData>
		<SimpleData name="Nombre">SM015805-2</SimpleData>
		<SimpleData name="Latitud">-2.86162</SimpleData>
		<SimpleData name="Longitud">-78.907196</SimpleData>
	</SchemaData></ExtendedData>
  </Placemark>
  <Placemark>
	<ExtendedData><SchemaData schemaUrl="#Sheet1">
		<SimpleData name="Capa">Ricaurte/kennedy/velodromo/Molinopamba/QUINTACHICA</SimpleData>
		<SimpleData name="Nombre">SM015805-3</SimpleData>
		<SimpleData name="Latitud">-2.866541</SimpleData>
		<SimpleData name="Longitud">-78.908602</SimpleData>
	</SchemaData></ExtendedData>
  </Placemark>
  <Placemark>
	<ExtendedData><SchemaData schemaUrl="#Sheet1">
		<SimpleData name="Capa">Ricaurte/kennedy/velodromo/Molinopamba/QUINTACHICA</SimpleData>
		<SimpleData name="Nombre">SM015805-5</SimpleData>
		<SimpleData name="Latitud">-2.854124</SimpleData>
		<SimpleData name="Longitud">-78.911665</SimpleData>
	</SchemaData></ExtendedData>
  </Placemark>
  <Placemark>
	<ExtendedData><SchemaData schemaUrl="#Sheet1">
		<SimpleData name="Capa">Ricaurte/kennedy/velodromo/Molinopamba/QUINTACHICA</SimpleData>
		<SimpleData name="Nombre">SM015806-6</SimpleData>
		<SimpleData name="Latitud">-2.870477</SimpleData>
		<SimpleData name="Longitud">-78.909837</SimpleData>
	</SchemaData></ExtendedData>
  </Placemark>
  <Placemark>
	<ExtendedData><SchemaData schemaUrl="#Sheet1">
		<SimpleData name="Capa">Ricaurte/kennedy/velodromo/Molinopamba/QUINTACHICA</SimpleData>
		<SimpleData name="Nombre">SM015806-7</SimpleData>
		<SimpleData name="Latitud">-2.870516</SimpleData>
		<SimpleData name="Longitud">-78.908239</SimpleData>
	</SchemaData></ExtendedData>
  </Placemark>
  <Placemark>
	<ExtendedData><SchemaData schemaUrl="#Sheet1">
		<SimpleData name="Capa">Ricaurte/kennedy/velodromo/Molinopamba/QUINTACHICA</SimpleData>
		<SimpleData name="Nombre">SM015808-8</SimpleData>
		<SimpleData name="Latitud">-2.859453</SimpleData>
		<SimpleData name="Longitud">-78.922018</SimpleData>
	</SchemaData></ExtendedData>
  </Placemark>
  <Placemark>
	<ExtendedData><SchemaData schemaUrl="#Sheet1">
		<SimpleData name="Capa">Ricaurte/kennedy/velodromo/Molinopamba/QUINTACHICA</SimpleData>
		<SimpleData name="Nombre">SM015808-2</SimpleData>
		<SimpleData name="Latitud">-2.857251</SimpleData>
		<SimpleData name="Longitud">-78.921745</SimpleData>
	</SchemaData></ExtendedData>
  </Placemark>
  <Placemark>
	<ExtendedData><SchemaData schemaUrl="#Sheet1">
		<SimpleData name="Capa">Ricaurte/kennedy/velodromo/Molinopamba/QUINTACHICA</SimpleData>
		<SimpleData name="Nombre">SM015808-1</SimpleData>
		<SimpleData name="Latitud">-2.857648</SimpleData>
		<SimpleData name="Longitud">-78.92266</SimpleData>
	</SchemaData></ExtendedData>
  </Placemark>
  <Placemark>
	<ExtendedData><SchemaData schemaUrl="#Sheet1">
		<SimpleData name="Capa">Ricaurte/kennedy/velodromo/Molinopamba/QUINTACHICA</SimpleData>
		<SimpleData name="Nombre">SM015808-5</SimpleData>
		<SimpleData name="Latitud">-2.859346</SimpleData>
		<SimpleData name="Longitud">-78.923817</SimpleData>
	</SchemaData></ExtendedData>
  </Placemark>
  <Placemark>
	<ExtendedData><SchemaData schemaUrl="#Sheet1">
		<SimpleData name="Capa">Ricaurte/kennedy/velodromo/Molinopamba/QUINTACHICA</SimpleData>
		<SimpleData name="Nombre">SM015808-4</SimpleData>
		<SimpleData name="Latitud">-2.858356</SimpleData>
		<SimpleData name="Longitud">-78.923609</SimpleData>
	</SchemaData></ExtendedData>
  </Placemark>
  <Placemark>
	<ExtendedData><SchemaData schemaUrl="#Sheet1">
		<SimpleData name="Capa">Ricaurte/kennedy/velodromo/Molinopamba/QUINTACHICA</SimpleData>
		<SimpleData name="Nombre">SM015808-6</SimpleData>
		<SimpleData name="Latitud">-2.857892</SimpleData>
		<SimpleData name="Longitud">-78.921923</SimpleData>
	</SchemaData></ExtendedData>
  </Placemark>
  <Placemark>
	<ExtendedData><SchemaData schemaUrl="#Sheet1">
		<SimpleData name="Capa">Ricaurte/kennedy/velodromo/Molinopamba/QUINTACHICA</SimpleData>
		<SimpleData name="Nombre">SM015808-7</SimpleData>
		<SimpleData name="Latitud">-2.858414</SimpleData>
		<SimpleData name="Longitud">-78.921837</SimpleData>
	</SchemaData></ExtendedData>
  </Placemark>
  <Placemark>
	<ExtendedData><SchemaData schemaUrl="#Sheet1">
		<SimpleData name="Capa">Ricaurte/kennedy/velodromo/Molinopamba/QUINTACHICA</SimpleData>
		<SimpleData name="Nombre">SM015808-3</SimpleData>
		<SimpleData name="Latitud">-2.856413</SimpleData>
		<SimpleData name="Longitud">-78.920466</SimpleData>
	</SchemaData></ExtendedData>
  </Placemark>
  <Placemark>
	<ExtendedData><SchemaData schemaUrl="#Sheet1">
		<SimpleData name="Capa">Ricaurte/kennedy/velodromo/Molinopamba/QUINTACHICA</SimpleData>
		<SimpleData name="Nombre">SM6001-1</SimpleData>
		<SimpleData name="Latitud">-2.892111</SimpleData>
		<SimpleData name="Longitud">-78.940397</SimpleData>
	</SchemaData></ExtendedData>
  </Placemark>
  <Placemark>
	<ExtendedData><SchemaData schemaUrl="#Sheet1">
		<SimpleData name="Capa">Ricaurte/kennedy/velodromo/Molinopamba/QUINTACHICA</SimpleData>
		<SimpleData name="Nombre">SM6001-2</SimpleData>
		<SimpleData name="Latitud">-2.893223</SimpleData>
		<SimpleData name="Longitud">-78.939468</SimpleData>
	</SchemaData></ExtendedData>
  </Placemark>
  <Placemark>
	<ExtendedData><SchemaData schemaUrl="#Sheet1">
		<SimpleData name="Capa">Ricaurte/kennedy/velodromo/Molinopamba/QUINTACHICA</SimpleData>
		<SimpleData name="Nombre">SM6001-3</SimpleData>
		<SimpleData name="Latitud">-2.892274</SimpleData>
		<SimpleData name="Longitud">-78.938432</SimpleData>
	</SchemaData></ExtendedData>
  </Placemark>
  <Placemark>
	<ExtendedData><SchemaData schemaUrl="#Sheet1">
		<SimpleData name="Capa">Ricaurte/kennedy/velodromo/Molinopamba/QUINTACHICA</SimpleData>
		<SimpleData name="Nombre">SM6001-4</SimpleData>
		<SimpleData name="Latitud">-2.893698</SimpleData>
		<SimpleData name="Longitud">-78.940788</SimpleData>
	</SchemaData></ExtendedData>
  </Placemark>
  <Placemark>
	<ExtendedData><SchemaData schemaUrl="#Sheet1">
		<SimpleData name="Capa">Ricaurte/kennedy/velodromo/Molinopamba/QUINTACHICA</SimpleData>
		<SimpleData name="Nombre">SM6001-5</SimpleData>
		<SimpleData name="Latitud">-2.894095</SimpleData>
		<SimpleData name="Longitud">-78.938651</SimpleData>
	</SchemaData></ExtendedData>
  </Placemark>
  <Placemark>
	<ExtendedData><SchemaData schemaUrl="#Sheet1">
		<SimpleData name="Capa">Ricaurte/kennedy/velodromo/Molinopamba/QUINTACHICA</SimpleData>
		<SimpleData name="Nombre">SM6001-6</SimpleData>
		<SimpleData name="Latitud">-2.887821</SimpleData>
		<SimpleData name="Longitud">-78.941101</SimpleData>
	</SchemaData></ExtendedData>
  </Placemark>
  <Placemark>
	<ExtendedData><SchemaData schemaUrl="#Sheet1">
		<SimpleData name="Capa">Ricaurte/kennedy/velodromo/Molinopamba/QUINTACHICA</SimpleData>
		<SimpleData name="Nombre">SM6001-7</SimpleData>
		<SimpleData name="Latitud">-2.88827</SimpleData>
		<SimpleData name="Longitud">-78.93823</SimpleData>
	</SchemaData></ExtendedData>
  </Placemark>
  <Placemark>
	<ExtendedData><SchemaData schemaUrl="#Sheet1">
		<SimpleData name="Capa">Ricaurte/kennedy/velodromo/Molinopamba/QUINTACHICA</SimpleData>
		<SimpleData name="Nombre">SM6002-8</SimpleData>
		<SimpleData name="Latitud">-2.900465</SimpleData>
		<SimpleData name="Longitud">-78.935049</SimpleData>
	</SchemaData></ExtendedData>
  </Placemark>
  <Placemark>
	<ExtendedData><SchemaData schemaUrl="#Sheet1">
		<SimpleData name="Capa">Ricaurte/kennedy/velodromo/Molinopamba/QUINTACHICA</SimpleData>
		<SimpleData name="Nombre">SM6002-1</SimpleData>
		<SimpleData name="Latitud">-2.895767</SimpleData>
		<SimpleData name="Longitud">-78.936317</SimpleData>
	</SchemaData></ExtendedData>
  </Placemark>
  <Placemark>
	<ExtendedData><SchemaData schemaUrl="#Sheet1">
		<SimpleData name="Capa">Ricaurte/kennedy/velodromo/Molinopamba/QUINTACHICA</SimpleData>
		<SimpleData name="Nombre">SM6002-2</SimpleData>
		<SimpleData name="Latitud">-2.895338</SimpleData>
		<SimpleData name="Longitud">-78.934466</SimpleData>
	</SchemaData></ExtendedData>
  </Placemark>
  <Placemark>
	<ExtendedData><SchemaData schemaUrl="#Sheet1">
		<SimpleData name="Capa">Ricaurte/kennedy/velodromo/Molinopamba/QUINTACHICA</SimpleData>
		<SimpleData name="Nombre">SM6002-3</SimpleData>
		<SimpleData name="Latitud">-2.896704</SimpleData>
		<SimpleData name="Longitud">-78.93539</SimpleData>
	</SchemaData></ExtendedData>
  </Placemark>
  <Placemark>
	<ExtendedData><SchemaData schemaUrl="#Sheet1">
		<SimpleData name="Capa">Ricaurte/kennedy/velodromo/Molinopamba/QUINTACHICA</SimpleData>
		<SimpleData name="Nombre">SM6002-4</SimpleData>
		<SimpleData name="Latitud">-2.898591</SimpleData>
		<SimpleData name="Longitud">-78.933896</SimpleData>
	</SchemaData></ExtendedData>
  </Placemark>
  <Placemark>
	<ExtendedData><SchemaData schemaUrl="#Sheet1">
		<SimpleData name="Capa">Ricaurte/kennedy/velodromo/Molinopamba/QUINTACHICA</SimpleData>
		<SimpleData name="Nombre">SM6002-6</SimpleData>
		<SimpleData name="Latitud">-2.899164</SimpleData>
		<SimpleData name="Longitud">-78.935547</SimpleData>
	</SchemaData></ExtendedData>
  </Placemark>
  <Placemark>
	<ExtendedData><SchemaData schemaUrl="#Sheet1">
		<SimpleData name="Capa">Ricaurte/kennedy/velodromo/Molinopamba/QUINTACHICA</SimpleData>
		<SimpleData name="Nombre">SM6002-5</SimpleData>
		<SimpleData name="Latitud">-2.897389</SimpleData>
		<SimpleData name="Longitud">-78.936886</SimpleData>
	</SchemaData></ExtendedData>
  </Placemark>
  <Placemark>
	<ExtendedData><SchemaData schemaUrl="#Sheet1">
		<SimpleData name="Capa">Ricaurte/kennedy/velodromo/Molinopamba/QUINTACHICA</SimpleData>
		<SimpleData name="Nombre">SM6002-7</SimpleData>
		<SimpleData name="Latitud">-2.900516</SimpleData>
		<SimpleData name="Longitud">-78.937317</SimpleData>
	</SchemaData></ExtendedData>
  </Placemark>
  <Placemark>
	<ExtendedData><SchemaData schemaUrl="#Sheet1">
		<SimpleData name="Capa">Ricaurte/kennedy/velodromo/Molinopamba/QUINTACHICA</SimpleData>
		<SimpleData name="Nombre">SM6001-8</SimpleData>
		<SimpleData name="Latitud">-2.88086</SimpleData>
		<SimpleData name="Longitud">-78.942381</SimpleData>
	</SchemaData></ExtendedData>
  </Placemark>
  <Placemark>
	<ExtendedData><SchemaData schemaUrl="#Sheet1">
		<SimpleData name="Capa">Ricaurte/kennedy/velodromo/Molinopamba/QUINTACHICA</SimpleData>
		<SimpleData name="Nombre">SM6003-2</SimpleData>
		<SimpleData name="Latitud">-2.897017</SimpleData>
		<SimpleData name="Longitud">-78.932974</SimpleData>
	</SchemaData></ExtendedData>
  </Placemark>
  <Placemark>
	<ExtendedData><SchemaData schemaUrl="#Sheet1">
		<SimpleData name="Capa">Ricaurte/kennedy/velodromo/Molinopamba/QUINTACHICA</SimpleData>
		<SimpleData name="Nombre">SM6003-1</SimpleData>
		<SimpleData name="Latitud">-2.899993</SimpleData>
		<SimpleData name="Longitud">-78.933072</SimpleData>
	</SchemaData></ExtendedData>
  </Placemark>
  <Placemark>
	<ExtendedData><SchemaData schemaUrl="#Sheet1">
		<SimpleData name="Capa">Ricaurte/kennedy/velodromo/Molinopamba/QUINTACHICA</SimpleData>
		<SimpleData name="Nombre">SM6003-4</SimpleData>
		<SimpleData name="Latitud">-2.905229</SimpleData>
		<SimpleData name="Longitud">-78.934991</SimpleData>
	</SchemaData></ExtendedData>
  </Placemark>
  <Placemark>
	<ExtendedData><SchemaData schemaUrl="#Sheet1">
		<SimpleData name="Capa">Ricaurte/kennedy/velodromo/Molinopamba/QUINTACHICA</SimpleData>
		<SimpleData name="Nombre">SM6004-1</SimpleData>
		<SimpleData name="Latitud">-2.884902</SimpleData>
		<SimpleData name="Longitud">-78.9405</SimpleData>
	</SchemaData></ExtendedData>
  </Placemark>
  <Placemark>
	<ExtendedData><SchemaData schemaUrl="#Sheet1">
		<SimpleData name="Capa">Ricaurte/kennedy/velodromo/Molinopamba/QUINTACHICA</SimpleData>
		<SimpleData name="Nombre">SM6004-2</SimpleData>
		<SimpleData name="Latitud">-2.883929</SimpleData>
		<SimpleData name="Longitud">-78.938682</SimpleData>
	</SchemaData></ExtendedData>
  </Placemark>
  <Placemark>
	<ExtendedData><SchemaData schemaUrl="#Sheet1">
		<SimpleData name="Capa">Ricaurte/kennedy/velodromo/Molinopamba/QUINTACHICA</SimpleData>
		<SimpleData name="Nombre">SM6004-3</SimpleData>
		<SimpleData name="Latitud">-2.884136</SimpleData>
		<SimpleData name="Longitud">-78.93684</SimpleData>
	</SchemaData></ExtendedData>
  </Placemark>
  <Placemark>
	<ExtendedData><SchemaData schemaUrl="#Sheet1">
		<SimpleData name="Capa">Ricaurte/kennedy/velodromo/Molinopamba/QUINTACHICA</SimpleData>
		<SimpleData name="Nombre">SM6004-4</SimpleData>
		<SimpleData name="Latitud">-2.882504</SimpleData>
		<SimpleData name="Longitud">-78.936365</SimpleData>
	</SchemaData></ExtendedData>
  </Placemark>
  <Placemark>
	<ExtendedData><SchemaData schemaUrl="#Sheet1">
		<SimpleData name="Capa">Ricaurte/kennedy/velodromo/Molinopamba/QUINTACHICA</SimpleData>
		<SimpleData name="Nombre">SM6004-6</SimpleData>
		<SimpleData name="Latitud">-2.882821</SimpleData>
		<SimpleData name="Longitud">-78.934654</SimpleData>
	</SchemaData></ExtendedData>
  </Placemark>
  <Placemark>
	<ExtendedData><SchemaData schemaUrl="#Sheet1">
		<SimpleData name="Capa">Ricaurte/kennedy/velodromo/Molinopamba/QUINTACHICA</SimpleData>
		<SimpleData name="Nombre">SM6004-8</SimpleData>
		<SimpleData name="Latitud">-2.883695</SimpleData>
		<SimpleData name="Longitud">-78.932354</SimpleData>
	</SchemaData></ExtendedData>
  </Placemark>
  <Placemark>
	<ExtendedData><SchemaData schemaUrl="#Sheet1">
		<SimpleData name="Capa">Ricaurte/kennedy/velodromo/Molinopamba/QUINTACHICA</SimpleData>
		<SimpleData name="Nombre">SM6004-7</SimpleData>
		<SimpleData name="Latitud">-2.8816256</SimpleData>
		<SimpleData name="Longitud">-78.9332736</SimpleData>
	</SchemaData></ExtendedData>
  </Placemark>
  <Placemark>
	<ExtendedData><SchemaData schemaUrl="#Sheet1">
		<SimpleData name="Capa">Ricaurte/kennedy/velodromo/Molinopamba/QUINTACHICA</SimpleData>
		<SimpleData name="Nombre">SM6005-2</SimpleData>
		<SimpleData name="Latitud">-2.896936</SimpleData>
		<SimpleData name="Longitud">-78.946712</SimpleData>
	</SchemaData></ExtendedData>
  </Placemark>
  <Placemark>
	<ExtendedData><SchemaData schemaUrl="#Sheet1">
		<SimpleData name="Capa">Ricaurte/kennedy/velodromo/Molinopamba/QUINTACHICA</SimpleData>
		<SimpleData name="Nombre">SM6005-1</SimpleData>
		<SimpleData name="Latitud">-2.895994</SimpleData>
		<SimpleData name="Longitud">-78.94506</SimpleData>
	</SchemaData></ExtendedData>
  </Placemark>
  <Placemark>
	<ExtendedData><SchemaData schemaUrl="#Sheet1">
		<SimpleData name="Capa">Ricaurte/kennedy/velodromo/Molinopamba/QUINTACHICA</SimpleData>
		<SimpleData name="Nombre">SM5401-2</SimpleData>
		<SimpleData name="Latitud">-2.850706</SimpleData>
		<SimpleData name="Longitud">-78.985841</SimpleData>
	</SchemaData></ExtendedData>
  </Placemark>
  <Placemark>
	<ExtendedData><SchemaData schemaUrl="#Sheet1">
		<SimpleData name="Capa">Ricaurte/kennedy/velodromo/Molinopamba/QUINTACHICA</SimpleData>
		<SimpleData name="Nombre">SM5401-4</SimpleData>
		<SimpleData name="Latitud">-2.860854</SimpleData>
		<SimpleData name="Longitud">-78.98309</SimpleData>
	</SchemaData></ExtendedData>
  </Placemark>
  <Placemark>
	<ExtendedData><SchemaData schemaUrl="#Sheet1">
		<SimpleData name="Capa">Ricaurte/kennedy/velodromo/Molinopamba/QUINTACHICA</SimpleData>
		<SimpleData name="Nombre">SM5401-3</SimpleData>
		<SimpleData name="Latitud">-2.855684</SimpleData>
		<SimpleData name="Longitud">-78.985081</SimpleData>
	</SchemaData></ExtendedData>
  </Placemark>
  <Placemark>
	<ExtendedData><SchemaData schemaUrl="#Sheet1">
		<SimpleData name="Capa">Ricaurte/kennedy/velodromo/Molinopamba/QUINTACHICA</SimpleData>
		<SimpleData name="Nombre">SM5401-1</SimpleData>
		<SimpleData name="Latitud">-2.84872</SimpleData>
		<SimpleData name="Longitud">-78.986551</SimpleData>
	</SchemaData></ExtendedData>
  </Placemark>
  <Placemark>
	<ExtendedData><SchemaData schemaUrl="#Sheet1">
		<SimpleData name="Capa">Ricaurte/kennedy/velodromo/Molinopamba/QUINTACHICA</SimpleData>
		<SimpleData name="Nombre">SM5401-5</SimpleData>
		<SimpleData name="Latitud">-2.844917</SimpleData>
		<SimpleData name="Longitud">-78.986724</SimpleData>
	</SchemaData></ExtendedData>
  </Placemark>
  <Placemark>
	<ExtendedData><SchemaData schemaUrl="#Sheet1">
		<SimpleData name="Capa">Ricaurte/kennedy/velodromo/Molinopamba/QUINTACHICA</SimpleData>
		<SimpleData name="Nombre">SM5401-6</SimpleData>
		<SimpleData name="Latitud">-2.84235</SimpleData>
		<SimpleData name="Longitud">-78.986868</SimpleData>
	</SchemaData></ExtendedData>
  </Placemark>
  <Placemark>
	<ExtendedData><SchemaData schemaUrl="#Sheet1">
		<SimpleData name="Capa">Ricaurte/kennedy/velodromo/Molinopamba/QUINTACHICA</SimpleData>
		<SimpleData name="Nombre">SM5401-7</SimpleData>
		<SimpleData name="Latitud">-2.84055</SimpleData>
		<SimpleData name="Longitud">-78.986673</SimpleData>
	</SchemaData></ExtendedData>
  </Placemark>
  <Placemark>
	<ExtendedData><SchemaData schemaUrl="#Sheet1">
		<SimpleData name="Capa">Ricaurte/kennedy/velodromo/Molinopamba/QUINTACHICA</SimpleData>
		<SimpleData name="Nombre">SM5401-8</SimpleData>
		<SimpleData name="Latitud">-2.835886</SimpleData>
		<SimpleData name="Longitud">-78.98596</SimpleData>
	</SchemaData></ExtendedData>
  </Placemark>
  <Placemark>
	<ExtendedData><SchemaData schemaUrl="#Sheet1">
		<SimpleData name="Capa">Ricaurte/kennedy/velodromo/Molinopamba/QUINTACHICA</SimpleData>
		<SimpleData name="Nombre">SM5402-2</SimpleData>
		<SimpleData name="Latitud">-2.84438</SimpleData>
		<SimpleData name="Longitud">-78.98781</SimpleData>
	</SchemaData></ExtendedData>
  </Placemark>
  <Placemark>
	<ExtendedData><SchemaData schemaUrl="#Sheet1">
		<SimpleData name="Capa">Ricaurte/kennedy/velodromo/Molinopamba/QUINTACHICA</SimpleData>
		<SimpleData name="Nombre">SM5402-1</SimpleData>
		<SimpleData name="Latitud">-2.840881</SimpleData>
		<SimpleData name="Longitud">-78.989441</SimpleData>
	</SchemaData></ExtendedData>
  </Placemark>
  <Placemark>
	<ExtendedData><SchemaData schemaUrl="#Sheet1">
		<SimpleData name="Capa">Ricaurte/kennedy/velodromo/Molinopamba/QUINTACHICA</SimpleData>
		<SimpleData name="Nombre">SM5402-3</SimpleData>
		<SimpleData name="Latitud">-2.838795</SimpleData>
		<SimpleData name="Longitud">-78.990158</SimpleData>
	</SchemaData></ExtendedData>
  </Placemark>
  <Placemark>
	<ExtendedData><SchemaData schemaUrl="#Sheet1">
		<SimpleData name="Capa">Ricaurte/kennedy/velodromo/Molinopamba/QUINTACHICA</SimpleData>
		<SimpleData name="Nombre">SM5402-4</SimpleData>
		<SimpleData name="Latitud">-2.836615</SimpleData>
		<SimpleData name="Longitud">-78.991993</SimpleData>
	</SchemaData></ExtendedData>
  </Placemark>
  <Placemark>
	<ExtendedData><SchemaData schemaUrl="#Sheet1">
		<SimpleData name="Capa">Ricaurte/kennedy/velodromo/Molinopamba/QUINTACHICA</SimpleData>
		<SimpleData name="Nombre">SM5402-5</SimpleData>
		<SimpleData name="Latitud">-2.846942</SimpleData>
		<SimpleData name="Longitud">-78.987878</SimpleData>
	</SchemaData></ExtendedData>
  </Placemark>
  <Placemark>
	<ExtendedData><SchemaData schemaUrl="#Sheet1">
		<SimpleData name="Capa">Ricaurte/kennedy/velodromo/Molinopamba/QUINTACHICA</SimpleData>
		<SimpleData name="Nombre">SM5403-2</SimpleData>
		<SimpleData name="Latitud">-2.833553</SimpleData>
		<SimpleData name="Longitud">-78.988171</SimpleData>
	</SchemaData></ExtendedData>
  </Placemark>
  <Placemark>
	<ExtendedData><SchemaData schemaUrl="#Sheet1">
		<SimpleData name="Capa">Ricaurte/kennedy/velodromo/Molinopamba/QUINTACHICA</SimpleData>
		<SimpleData name="Nombre">SM5403-1</SimpleData>
		<SimpleData name="Latitud">-2.833878</SimpleData>
		<SimpleData name="Longitud">-78.985884</SimpleData>
	</SchemaData></ExtendedData>
  </Placemark>
  <Placemark>
	<ExtendedData><SchemaData schemaUrl="#Sheet1">
		<SimpleData name="Capa">Ricaurte/kennedy/velodromo/Molinopamba/QUINTACHICA</SimpleData>
		<SimpleData name="Nombre">SM5403-3</SimpleData>
		<SimpleData name="Latitud">-2.832697</SimpleData>
		<SimpleData name="Longitud">-78.984614</SimpleData>
	</SchemaData></ExtendedData>
  </Placemark>
  <Placemark>
	<ExtendedData><SchemaData schemaUrl="#Sheet1">
		<SimpleData name="Capa">Ricaurte/kennedy/velodromo/Molinopamba/QUINTACHICA</SimpleData>
		<SimpleData name="Nombre">SM5403-4</SimpleData>
		<SimpleData name="Latitud">-2.830013</SimpleData>
		<SimpleData name="Longitud">-78.984617</SimpleData>
	</SchemaData></ExtendedData>
  </Placemark>
  <Placemark>
	<ExtendedData><SchemaData schemaUrl="#Sheet1">
		<SimpleData name="Capa">Ricaurte/kennedy/velodromo/Molinopamba/QUINTACHICA</SimpleData>
		<SimpleData name="Nombre">SM5403-5</SimpleData>
		<SimpleData name="Latitud">-2.835871</SimpleData>
		<SimpleData name="Longitud">-78.983923</SimpleData>
	</SchemaData></ExtendedData>
  </Placemark>
  <Placemark>
	<ExtendedData><SchemaData schemaUrl="#Sheet1">
		<SimpleData name="Capa">Ricaurte/kennedy/velodromo/Molinopamba/QUINTACHICA</SimpleData>
		<SimpleData name="Nombre">SM5403-6</SimpleData>
		<SimpleData name="Latitud">-2.831816</SimpleData>
		<SimpleData name="Longitud">-78.986859</SimpleData>
	</SchemaData></ExtendedData>
  </Placemark>
  <Placemark>
	<ExtendedData><SchemaData schemaUrl="#Sheet1">
		<SimpleData name="Capa">Ricaurte/kennedy/velodromo/Molinopamba/QUINTACHICA</SimpleData>
		<SimpleData name="Nombre">SM5403-7</SimpleData>
		<SimpleData name="Latitud">-2.828463</SimpleData>
		<SimpleData name="Longitud">-78.987716</SimpleData>
	</SchemaData></ExtendedData>
  </Placemark>
  <Placemark>
	<ExtendedData><SchemaData schemaUrl="#Sheet1">
		<SimpleData name="Capa">Ricaurte/kennedy/velodromo/Molinopamba/QUINTACHICA</SimpleData>
		<SimpleData name="Nombre">SM5403-8</SimpleData>
		<SimpleData name="Latitud">-2.825701</SimpleData>
		<SimpleData name="Longitud">-78.991363</SimpleData>
	</SchemaData></ExtendedData>
  </Placemark>
  <Placemark>
	<ExtendedData><SchemaData schemaUrl="#Sheet1">
		<SimpleData name="Capa">Ricaurte/kennedy/velodromo/Molinopamba/QUINTACHICA</SimpleData>
		<SimpleData name="Nombre">SM5404-1</SimpleData>
		<SimpleData name="Latitud">-2.831415</SimpleData>
		<SimpleData name="Longitud">-78.993992</SimpleData>
	</SchemaData></ExtendedData>
  </Placemark>
  <Placemark>
	<ExtendedData><SchemaData schemaUrl="#Sheet1">
		<SimpleData name="Capa">Ricaurte/kennedy/velodromo/Molinopamba/QUINTACHICA</SimpleData>
		<SimpleData name="Nombre">SM5404-2</SimpleData>
		<SimpleData name="Latitud">-2.833183</SimpleData>
		<SimpleData name="Longitud">-78.9907</SimpleData>
	</SchemaData></ExtendedData>
  </Placemark>
  <Placemark>
	<ExtendedData><SchemaData schemaUrl="#Sheet1">
		<SimpleData name="Capa">Ricaurte/kennedy/velodromo/Molinopamba/QUINTACHICA</SimpleData>
		<SimpleData name="Nombre">SM5404-3</SimpleData>
		<SimpleData name="Latitud">-2.827167</SimpleData>
		<SimpleData name="Longitud">-78.993588</SimpleData>
	</SchemaData></ExtendedData>
  </Placemark>
  <Placemark>
	<ExtendedData><SchemaData schemaUrl="#Sheet1">
		<SimpleData name="Capa">Ricaurte/kennedy/velodromo/Molinopamba/QUINTACHICA</SimpleData>
		<SimpleData name="Nombre">SM5404-4</SimpleData>
		<SimpleData name="Latitud">-2.823793</SimpleData>
		<SimpleData name="Longitud">-78.996813</SimpleData>
	</SchemaData></ExtendedData>
  </Placemark>
  <Placemark>
	<ExtendedData><SchemaData schemaUrl="#Sheet1">
		<SimpleData name="Capa">Ricaurte/kennedy/velodromo/Molinopamba/QUINTACHICA</SimpleData>
		<SimpleData name="Nombre">SM5404-5</SimpleData>
		<SimpleData name="Latitud">-2.828379</SimpleData>
		<SimpleData name="Longitud">-78.996489</SimpleData>
	</SchemaData></ExtendedData>
  </Placemark>
  <Placemark>
	<ExtendedData><SchemaData schemaUrl="#Sheet1">
		<SimpleData name="Capa">Ricaurte/kennedy/velodromo/Molinopamba/QUINTACHICA</SimpleData>
		<SimpleData name="Nombre">SM5404-6</SimpleData>
		<SimpleData name="Latitud">-2.830339</SimpleData>
		<SimpleData name="Longitud">-78.996119</SimpleData>
	</SchemaData></ExtendedData>
  </Placemark>
  <Placemark>
	<ExtendedData><SchemaData schemaUrl="#Sheet1">
		<SimpleData name="Capa">Ricaurte/kennedy/velodromo/Molinopamba/QUINTACHICA</SimpleData>
		<SimpleData name="Nombre">SM5404-6  NEW</SimpleData>
		<SimpleData name="Latitud">-2.836184</SimpleData>
		<SimpleData name="Longitud">-78.996939</SimpleData>
	</SchemaData></ExtendedData>
  </Placemark>
  <Placemark>
	<ExtendedData><SchemaData schemaUrl="#Sheet1">
		<SimpleData name="Capa">Ricaurte/kennedy/velodromo/Molinopamba/QUINTACHICA</SimpleData>
		<SimpleData name="Nombre">SM5404-7</SimpleData>
		<SimpleData name="Latitud">-2.832869</SimpleData>
		<SimpleData name="Longitud">-78.995365</SimpleData>
	</SchemaData></ExtendedData>
  </Placemark>
  <Placemark>
	<ExtendedData><SchemaData schemaUrl="#Sheet1">
		<SimpleData name="Capa">Ricaurte/kennedy/velodromo/Molinopamba/QUINTACHICA</SimpleData>
		<SimpleData name="Nombre">SM5404-8</SimpleData>
		<SimpleData name="Latitud">-2.835289</SimpleData>
		<SimpleData name="Longitud">-78.99529</SimpleData>
	</SchemaData></ExtendedData>
  </Placemark>
  <Placemark>
	<ExtendedData><SchemaData schemaUrl="#Sheet1">
		<SimpleData name="Capa">Ricaurte/kennedy/velodromo/Molinopamba/QUINTACHICA</SimpleData>
		<SimpleData name="Nombre">SM5405-2</SimpleData>
		<SimpleData name="Latitud">-2.837492</SimpleData>
		<SimpleData name="Longitud">-78.983187</SimpleData>
	</SchemaData></ExtendedData>
  </Placemark>
  <Placemark>
	<ExtendedData><SchemaData schemaUrl="#Sheet1">
		<SimpleData name="Capa">Ricaurte/kennedy/velodromo/Molinopamba/QUINTACHICA</SimpleData>
		<SimpleData name="Nombre">SM5405-1</SimpleData>
		<SimpleData name="Latitud">-2.838643</SimpleData>
		<SimpleData name="Longitud">-78.982091</SimpleData>
	</SchemaData></ExtendedData>
  </Placemark>
  <Placemark>
	<ExtendedData><SchemaData schemaUrl="#Sheet1">
		<SimpleData name="Capa">Ricaurte/kennedy/velodromo/Molinopamba/QUINTACHICA</SimpleData>
		<SimpleData name="Nombre">SM5405-3</SimpleData>
		<SimpleData name="Latitud">-2.845076</SimpleData>
		<SimpleData name="Longitud">-78.981611</SimpleData>
	</SchemaData></ExtendedData>
  </Placemark>
  <Placemark>
	<ExtendedData><SchemaData schemaUrl="#Sheet1">
		<SimpleData name="Capa">Ricaurte/kennedy/velodromo/Molinopamba/QUINTACHICA</SimpleData>
		<SimpleData name="Nombre">SM5405-4</SimpleData>
		<SimpleData name="Latitud">-2.846986</SimpleData>
		<SimpleData name="Longitud">-78.98148</SimpleData>
	</SchemaData></ExtendedData>
  </Placemark>
  <Placemark>
	<ExtendedData><SchemaData schemaUrl="#Sheet1">
		<SimpleData name="Capa">Ricaurte/kennedy/velodromo/Molinopamba/QUINTACHICA</SimpleData>
		<SimpleData name="Nombre">SM5405-5</SimpleData>
		<SimpleData name="Latitud">-2.849897</SimpleData>
		<SimpleData name="Longitud">-78.981204</SimpleData>
	</SchemaData></ExtendedData>
  </Placemark>
  <Placemark>
	<ExtendedData><SchemaData schemaUrl="#Sheet1">
		<SimpleData name="Capa">Ricaurte/kennedy/velodromo/Molinopamba/QUINTACHICA</SimpleData>
		<SimpleData name="Nombre">SM5405-6</SimpleData>
		<SimpleData name="Latitud">-2.851817</SimpleData>
		<SimpleData name="Longitud">-78.98089</SimpleData>
	</SchemaData></ExtendedData>
  </Placemark>
  <Placemark>
	<ExtendedData><SchemaData schemaUrl="#Sheet1">
		<SimpleData name="Capa">Ricaurte/kennedy/velodromo/Molinopamba/QUINTACHICA</SimpleData>
		<SimpleData name="Nombre">SM5405-7</SimpleData>
		<SimpleData name="Latitud">-2.854127</SimpleData>
		<SimpleData name="Longitud">-78.9805</SimpleData>
	</SchemaData></ExtendedData>
  </Placemark>
  <Placemark>
	<ExtendedData><SchemaData schemaUrl="#Sheet1">
		<SimpleData name="Capa">Ricaurte/kennedy/velodromo/Molinopamba/QUINTACHICA</SimpleData>
		<SimpleData name="Nombre">SM5406-6</SimpleData>
		<SimpleData name="Latitud">-2.81666</SimpleData>
		<SimpleData name="Longitud">-78.999246</SimpleData>
	</SchemaData></ExtendedData>
  </Placemark>
  <Placemark>
	<ExtendedData><SchemaData schemaUrl="#Sheet1">
		<SimpleData name="Capa">Ricaurte/kennedy/velodromo/Molinopamba/QUINTACHICA</SimpleData>
		<SimpleData name="Nombre">SM5406-5</SimpleData>
		<SimpleData name="Latitud">-2.813847</SimpleData>
		<SimpleData name="Longitud">-79.000336</SimpleData>
	</SchemaData></ExtendedData>
  </Placemark>
  <Placemark>
	<ExtendedData><SchemaData schemaUrl="#Sheet1">
		<SimpleData name="Capa">Ricaurte/kennedy/velodromo/Molinopamba/QUINTACHICA</SimpleData>
		<SimpleData name="Nombre">SM5406-4</SimpleData>
		<SimpleData name="Latitud">-2.814424</SimpleData>
		<SimpleData name="Longitud">-78.998667</SimpleData>
	</SchemaData></ExtendedData>
  </Placemark>
  <Placemark>
	<ExtendedData><SchemaData schemaUrl="#Sheet1">
		<SimpleData name="Capa">Ricaurte/kennedy/velodromo/Molinopamba/QUINTACHICA</SimpleData>
		<SimpleData name="Nombre">SM5406-1</SimpleData>
		<SimpleData name="Latitud">-2.816042</SimpleData>
		<SimpleData name="Longitud">-78.995304</SimpleData>
	</SchemaData></ExtendedData>
  </Placemark>
  <Placemark>
	<ExtendedData><SchemaData schemaUrl="#Sheet1">
		<SimpleData name="Capa">Ricaurte/kennedy/velodromo/Molinopamba/QUINTACHICA</SimpleData>
		<SimpleData name="Nombre">SM5406-2</SimpleData>
		<SimpleData name="Latitud">-2.818536</SimpleData>
		<SimpleData name="Longitud">-78.992554</SimpleData>
	</SchemaData></ExtendedData>
  </Placemark>
  <Placemark>
	<ExtendedData><SchemaData schemaUrl="#Sheet1">
		<SimpleData name="Capa">Ricaurte/kennedy/velodromo/Molinopamba/QUINTACHICA</SimpleData>
		<SimpleData name="Nombre">SM5406-3</SimpleData>
		<SimpleData name="Latitud">-2.822552</SimpleData>
		<SimpleData name="Longitud">-78.990523</SimpleData>
	</SchemaData></ExtendedData>
  </Placemark>
  <Placemark>
	<ExtendedData><SchemaData schemaUrl="#Sheet1">
		<SimpleData name="Capa">Ricaurte/kennedy/velodromo/Molinopamba/QUINTACHICA</SimpleData>
		<SimpleData name="Nombre">SM5407-1</SimpleData>
		<SimpleData name="Latitud">-2.812486</SimpleData>
		<SimpleData name="Longitud">-79.001921</SimpleData>
	</SchemaData></ExtendedData>
  </Placemark>
  <Placemark>
	<ExtendedData><SchemaData schemaUrl="#Sheet1">
		<SimpleData name="Capa">Ricaurte/kennedy/velodromo/Molinopamba/QUINTACHICA</SimpleData>
		<SimpleData name="Nombre">SM5407-2</SimpleData>
		<SimpleData name="Latitud">-2.810747</SimpleData>
		<SimpleData name="Longitud">-79.001417</SimpleData>
	</SchemaData></ExtendedData>
  </Placemark>
  <Placemark>
	<ExtendedData><SchemaData schemaUrl="#Sheet1">
		<SimpleData name="Capa">Ricaurte/kennedy/velodromo/Molinopamba/QUINTACHICA</SimpleData>
		<SimpleData name="Nombre">SM5407-3</SimpleData>
		<SimpleData name="Latitud">-2.809717</SimpleData>
		<SimpleData name="Longitud">-79.003357</SimpleData>
	</SchemaData></ExtendedData>
  </Placemark>
  <Placemark>
	<ExtendedData><SchemaData schemaUrl="#Sheet1">
		<SimpleData name="Capa">Ricaurte/kennedy/velodromo/Molinopamba/QUINTACHICA</SimpleData>
		<SimpleData name="Nombre">SM5407-4</SimpleData>
		<SimpleData name="Latitud">-2.80899</SimpleData>
		<SimpleData name="Longitud">-79.00026</SimpleData>
	</SchemaData></ExtendedData>
  </Placemark>
  <Placemark>
	<ExtendedData><SchemaData schemaUrl="#Sheet1">
		<SimpleData name="Capa">Ricaurte/kennedy/velodromo/Molinopamba/QUINTACHICA</SimpleData>
		<SimpleData name="Nombre">SM5407-5</SimpleData>
		<SimpleData name="Latitud">-2.814244</SimpleData>
		<SimpleData name="Longitud">-79.003117</SimpleData>
	</SchemaData></ExtendedData>
  </Placemark>
  <Placemark>
	<ExtendedData><SchemaData schemaUrl="#Sheet1">
		<SimpleData name="Capa">Ricaurte/kennedy/velodromo/Molinopamba/QUINTACHICA</SimpleData>
		<SimpleData name="Nombre">SM5407-6</SimpleData>
		<SimpleData name="Latitud">-2.812194</SimpleData>
		<SimpleData name="Longitud">-79.003783</SimpleData>
	</SchemaData></ExtendedData>
  </Placemark>
  <Placemark>
	<ExtendedData><SchemaData schemaUrl="#Sheet1">
		<SimpleData name="Capa">Ricaurte/kennedy/velodromo/Molinopamba/QUINTACHICA</SimpleData>
		<SimpleData name="Nombre">SM5407-7</SimpleData>
		<SimpleData name="Latitud">-2.81536</SimpleData>
		<SimpleData name="Longitud">-79.001853</SimpleData>
	</SchemaData></ExtendedData>
  </Placemark>
  <Placemark>
	<ExtendedData><SchemaData schemaUrl="#Sheet1">
		<SimpleData name="Capa">Ricaurte/kennedy/velodromo/Molinopamba/QUINTACHICA</SimpleData>
		<SimpleData name="Nombre">SM5407-8</SimpleData>
		<SimpleData name="Latitud">-2.818897</SimpleData>
		<SimpleData name="Longitud">-79.001826</SimpleData>
	</SchemaData></ExtendedData>
  </Placemark>
  <Placemark>
	<ExtendedData><SchemaData schemaUrl="#Sheet1">
		<SimpleData name="Capa">Ricaurte/kennedy/velodromo/Molinopamba/QUINTACHICA</SimpleData>
		<SimpleData name="Nombre">SM5408-3</SimpleData>
		<SimpleData name="Latitud">-2.808516</SimpleData>
		<SimpleData name="Longitud">-78.997113</SimpleData>
	</SchemaData></ExtendedData>
  </Placemark>
  <Placemark>
	<ExtendedData><SchemaData schemaUrl="#Sheet1">
		<SimpleData name="Capa">Ricaurte/kennedy/velodromo/Molinopamba/QUINTACHICA</SimpleData>
		<SimpleData name="Nombre">SM5408-1</SimpleData>
		<SimpleData name="Latitud">-2.806644</SimpleData>
		<SimpleData name="Longitud">-78.996437</SimpleData>
	</SchemaData></ExtendedData>
  </Placemark>
  <Placemark>
	<ExtendedData><SchemaData schemaUrl="#Sheet1">
		<SimpleData name="Capa">Ricaurte/kennedy/velodromo/Molinopamba/QUINTACHICA</SimpleData>
		<SimpleData name="Nombre">SM5408-2</SimpleData>
		<SimpleData name="Latitud">-2.807661</SimpleData>
		<SimpleData name="Longitud">-78.994175</SimpleData>
	</SchemaData></ExtendedData>
  </Placemark>
  <Placemark>
	<ExtendedData><SchemaData schemaUrl="#Sheet1">
		<SimpleData name="Capa">Ricaurte/kennedy/velodromo/Molinopamba/QUINTACHICA</SimpleData>
		<SimpleData name="Nombre">SM5408-4</SimpleData>
		<SimpleData name="Latitud">-2.810947</SimpleData>
		<SimpleData name="Longitud">-78.994667</SimpleData>
	</SchemaData></ExtendedData>
  </Placemark>
  <Placemark>
	<ExtendedData><SchemaData schemaUrl="#Sheet1">
		<SimpleData name="Capa">Ricaurte/kennedy/velodromo/Molinopamba/QUINTACHICA</SimpleData>
		<SimpleData name="Nombre">SM5409-1</SimpleData>
		<SimpleData name="Latitud">-2.796467</SimpleData>
		<SimpleData name="Longitud">-78.996022</SimpleData>
	</SchemaData></ExtendedData>
  </Placemark>
  <Placemark>
	<ExtendedData><SchemaData schemaUrl="#Sheet1">
		<SimpleData name="Capa">Ricaurte/kennedy/velodromo/Molinopamba/QUINTACHICA</SimpleData>
		<SimpleData name="Nombre">SM5409-2</SimpleData>
		<SimpleData name="Latitud">-2.803231</SimpleData>
		<SimpleData name="Longitud">-78.991493</SimpleData>
	</SchemaData></ExtendedData>
  </Placemark>
  <Placemark>
	<ExtendedData><SchemaData schemaUrl="#Sheet1">
		<SimpleData name="Capa">Ricaurte/kennedy/velodromo/Molinopamba/QUINTACHICA</SimpleData>
		<SimpleData name="Nombre">SM5409-3</SimpleData>
		<SimpleData name="Latitud">-2.801958</SimpleData>
		<SimpleData name="Longitud">-78.990794</SimpleData>
	</SchemaData></ExtendedData>
  </Placemark>
  <Placemark>
	<ExtendedData><SchemaData schemaUrl="#Sheet1">
		<SimpleData name="Capa">Ricaurte/kennedy/velodromo/Molinopamba/QUINTACHICA</SimpleData>
		<SimpleData name="Nombre">SM5409-4</SimpleData>
		<SimpleData name="Latitud">-2.804824</SimpleData>
		<SimpleData name="Longitud">-78.991071</SimpleData>
	</SchemaData></ExtendedData>
  </Placemark>
  <Placemark>
	<ExtendedData><SchemaData schemaUrl="#Sheet1">
		<SimpleData name="Capa">Ricaurte/kennedy/velodromo/Molinopamba/QUINTACHICA</SimpleData>
		<SimpleData name="Nombre">SM5409-5</SimpleData>
		<SimpleData name="Latitud">-2.807056</SimpleData>
		<SimpleData name="Longitud">-78.993085</SimpleData>
	</SchemaData></ExtendedData>
  </Placemark>
  <Placemark>
	<ExtendedData><SchemaData schemaUrl="#Sheet1">
		<SimpleData name="Capa">Ricaurte/kennedy/velodromo/Molinopamba/QUINTACHICA</SimpleData>
		<SimpleData name="Nombre">SM5410-3</SimpleData>
		<SimpleData name="Latitud">-2.818199</SimpleData>
		<SimpleData name="Longitud">-78.987573</SimpleData>
	</SchemaData></ExtendedData>
  </Placemark>
  <Placemark>
	<ExtendedData><SchemaData schemaUrl="#Sheet1">
		<SimpleData name="Capa">Ricaurte/kennedy/velodromo/Molinopamba/QUINTACHICA</SimpleData>
		<SimpleData name="Nombre">SM5410-1</SimpleData>
		<SimpleData name="Latitud">-2.830002</SimpleData>
		<SimpleData name="Longitud">-78.984053</SimpleData>
	</SchemaData></ExtendedData>
  </Placemark>
  <Placemark>
	<ExtendedData><SchemaData schemaUrl="#Sheet1">
		<SimpleData name="Capa">Ricaurte/kennedy/velodromo/Molinopamba/QUINTACHICA</SimpleData>
		<SimpleData name="Nombre">SM5410-2</SimpleData>
		<SimpleData name="Latitud">-2.83021</SimpleData>
		<SimpleData name="Longitud">-78.983921</SimpleData>
	</SchemaData></ExtendedData>
  </Placemark>
  <Placemark>
	<ExtendedData><SchemaData schemaUrl="#Sheet1">
		<SimpleData name="Capa">Ricaurte/kennedy/velodromo/Molinopamba/QUINTACHICA</SimpleData>
		<SimpleData name="Nombre">SM5412-1</SimpleData>
		<SimpleData name="Latitud">-2.820099</SimpleData>
		<SimpleData name="Longitud">-79.003336</SimpleData>
	</SchemaData></ExtendedData>
  </Placemark>
  <Placemark>
	<ExtendedData><SchemaData schemaUrl="#Sheet1">
		<SimpleData name="Capa">Ricaurte/kennedy/velodromo/Molinopamba/QUINTACHICA</SimpleData>
		<SimpleData name="Nombre">SM5412-4</SimpleData>
		<SimpleData name="Latitud">-2.822503</SimpleData>
		<SimpleData name="Longitud">-79.005352</SimpleData>
	</SchemaData></ExtendedData>
  </Placemark>
  <Placemark>
	<ExtendedData><SchemaData schemaUrl="#Sheet1">
		<SimpleData name="Capa">Ricaurte/kennedy/velodromo/Molinopamba/QUINTACHICA</SimpleData>
		<SimpleData name="Nombre">SM5412-5</SimpleData>
		<SimpleData name="Latitud">-2.822318</SimpleData>
		<SimpleData name="Longitud">-79.006417</SimpleData>
	</SchemaData></ExtendedData>
  </Placemark>
  <Placemark>
	<ExtendedData><SchemaData schemaUrl="#Sheet1">
		<SimpleData name="Capa">Ricaurte/kennedy/velodromo/Molinopamba/QUINTACHICA</SimpleData>
		<SimpleData name="Nombre">SM5412-6</SimpleData>
		<SimpleData name="Latitud">-2.820481</SimpleData>
		<SimpleData name="Longitud">-79.008354</SimpleData>
	</SchemaData></ExtendedData>
  </Placemark>
  <Placemark>
	<ExtendedData><SchemaData schemaUrl="#Sheet1">
		<SimpleData name="Capa">Ricaurte/kennedy/velodromo/Molinopamba/QUINTACHICA</SimpleData>
		<SimpleData name="Nombre">SM5412-7</SimpleData>
		<SimpleData name="Latitud">-2.818621</SimpleData>
		<SimpleData name="Longitud">-79.007984</SimpleData>
	</SchemaData></ExtendedData>
  </Placemark>
  <Placemark>
	<ExtendedData><SchemaData schemaUrl="#Sheet1">
		<SimpleData name="Capa">Ricaurte/kennedy/velodromo/Molinopamba/QUINTACHICA</SimpleData>
		<SimpleData name="Nombre">SM5412-3</SimpleData>
		<SimpleData name="Latitud">-2.820781</SimpleData>
		<SimpleData name="Longitud">-78.999251</SimpleData>
	</SchemaData></ExtendedData>
  </Placemark>
  <Placemark>
	<ExtendedData><SchemaData schemaUrl="#Sheet1">
		<SimpleData name="Capa">Ricaurte/kennedy/velodromo/Molinopamba/QUINTACHICA</SimpleData>
		<SimpleData name="Nombre">SM5413-2</SimpleData>
		<SimpleData name="Latitud">-2.806016</SimpleData>
		<SimpleData name="Longitud">-79.005963</SimpleData>
	</SchemaData></ExtendedData>
  </Placemark>
  <Placemark>
	<ExtendedData><SchemaData schemaUrl="#Sheet1">
		<SimpleData name="Capa">Ricaurte/kennedy/velodromo/Molinopamba/QUINTACHICA</SimpleData>
		<SimpleData name="Nombre">SM5413-3</SimpleData>
		<SimpleData name="Latitud">-2.808108</SimpleData>
		<SimpleData name="Longitud">-79.007155</SimpleData>
	</SchemaData></ExtendedData>
  </Placemark>
  <Placemark>
	<ExtendedData><SchemaData schemaUrl="#Sheet1">
		<SimpleData name="Capa">Ricaurte/kennedy/velodromo/Molinopamba/QUINTACHICA</SimpleData>
		<SimpleData name="Nombre">SM5413-6</SimpleData>
		<SimpleData name="Latitud">-2.809213</SimpleData>
		<SimpleData name="Longitud">-79.008607</SimpleData>
	</SchemaData></ExtendedData>
  </Placemark>
  <Placemark>
	<ExtendedData><SchemaData schemaUrl="#Sheet1">
		<SimpleData name="Capa">Ricaurte/kennedy/velodromo/Molinopamba/QUINTACHICA</SimpleData>
		<SimpleData name="Nombre">SM5413-4</SimpleData>
		<SimpleData name="Latitud">-2.808716</SimpleData>
		<SimpleData name="Longitud">-79.005049</SimpleData>
	</SchemaData></ExtendedData>
  </Placemark>
  <Placemark>
	<ExtendedData><SchemaData schemaUrl="#Sheet1">
		<SimpleData name="Capa">Ricaurte/kennedy/velodromo/Molinopamba/QUINTACHICA</SimpleData>
		<SimpleData name="Nombre">SM5413-5</SimpleData>
		<SimpleData name="Latitud">-2.806682</SimpleData>
		<SimpleData name="Longitud">-79.002522</SimpleData>
	</SchemaData></ExtendedData>
  </Placemark>
  <Placemark>
	<ExtendedData><SchemaData schemaUrl="#Sheet1">
		<SimpleData name="Capa">Ricaurte/kennedy/velodromo/Molinopamba/QUINTACHICA</SimpleData>
		<SimpleData name="Nombre">SM5413-1</SimpleData>
		<SimpleData name="Latitud">-2.809114</SimpleData>
		<SimpleData name="Longitud">-79.00224</SimpleData>
	</SchemaData></ExtendedData>
  </Placemark>
  <Placemark>
	<ExtendedData><SchemaData schemaUrl="#Sheet1">
		<SimpleData name="Capa">Ricaurte/kennedy/velodromo/Molinopamba/QUINTACHICA</SimpleData>
		<SimpleData name="Nombre">SM5001-1</SimpleData>
		<SimpleData name="Latitud">-2.874638</SimpleData>
		<SimpleData name="Longitud">-78.98395</SimpleData>
	</SchemaData></ExtendedData>
  </Placemark>
  <Placemark>
	<ExtendedData><SchemaData schemaUrl="#Sheet1">
		<SimpleData name="Capa">Ricaurte/kennedy/velodromo/Molinopamba/QUINTACHICA</SimpleData>
		<SimpleData name="Nombre">SM5001-2</SimpleData>
		<SimpleData name="Latitud">-2.873702</SimpleData>
		<SimpleData name="Longitud">-78.984175</SimpleData>
	</SchemaData></ExtendedData>
  </Placemark>
  <Placemark>
	<ExtendedData><SchemaData schemaUrl="#Sheet1">
		<SimpleData name="Capa">Ricaurte/kennedy/velodromo/Molinopamba/QUINTACHICA</SimpleData>
		<SimpleData name="Nombre">SM5001-3</SimpleData>
		<SimpleData name="Latitud">-2.875046</SimpleData>
		<SimpleData name="Longitud">-78.984704</SimpleData>
	</SchemaData></ExtendedData>
  </Placemark>
  <Placemark>
	<ExtendedData><SchemaData schemaUrl="#Sheet1">
		<SimpleData name="Capa">Ricaurte/kennedy/velodromo/Molinopamba/QUINTACHICA</SimpleData>
		<SimpleData name="Nombre">SM5001-4</SimpleData>
		<SimpleData name="Latitud">-2.875272</SimpleData>
		<SimpleData name="Longitud">-78.985186</SimpleData>
	</SchemaData></ExtendedData>
  </Placemark>
  <Placemark>
	<ExtendedData><SchemaData schemaUrl="#Sheet1">
		<SimpleData name="Capa">Ricaurte/kennedy/velodromo/Molinopamba/QUINTACHICA</SimpleData>
		<SimpleData name="Nombre">SM5001-5</SimpleData>
		<SimpleData name="Latitud">-2.874085</SimpleData>
		<SimpleData name="Longitud">-78.984847</SimpleData>
	</SchemaData></ExtendedData>
  </Placemark>
  <Placemark>
	<ExtendedData><SchemaData schemaUrl="#Sheet1">
		<SimpleData name="Capa">Ricaurte/kennedy/velodromo/Molinopamba/QUINTACHICA</SimpleData>
		<SimpleData name="Nombre">SM5001-6</SimpleData>
		<SimpleData name="Latitud">-2.873694</SimpleData>
		<SimpleData name="Longitud">-78.985528</SimpleData>
	</SchemaData></ExtendedData>
  </Placemark>
  <Placemark>
	<ExtendedData><SchemaData schemaUrl="#Sheet1">
		<SimpleData name="Capa">Ricaurte/kennedy/velodromo/Molinopamba/QUINTACHICA</SimpleData>
		<SimpleData name="Nombre">SM5001-7</SimpleData>
		<SimpleData name="Latitud">-2.873382</SimpleData>
		<SimpleData name="Longitud">-78.985984</SimpleData>
	</SchemaData></ExtendedData>
  </Placemark>
  <Placemark>
	<ExtendedData><SchemaData schemaUrl="#Sheet1">
		<SimpleData name="Capa">Ricaurte/kennedy/velodromo/Molinopamba/QUINTACHICA</SimpleData>
		<SimpleData name="Nombre">SM5001-8</SimpleData>
		<SimpleData name="Latitud">-2.87154</SimpleData>
		<SimpleData name="Longitud">-78.990311</SimpleData>
	</SchemaData></ExtendedData>
  </Placemark>
  <Placemark>
	<ExtendedData><SchemaData schemaUrl="#Sheet1">
		<SimpleData name="Capa">Ricaurte/kennedy/velodromo/Molinopamba/QUINTACHICA</SimpleData>
		<SimpleData name="Nombre">SM5002-1</SimpleData>
		<SimpleData name="Latitud">-2.875257</SimpleData>
		<SimpleData name="Longitud">-78.985996</SimpleData>
	</SchemaData></ExtendedData>
  </Placemark>
  <Placemark>
	<ExtendedData><SchemaData schemaUrl="#Sheet1">
		<SimpleData name="Capa">Ricaurte/kennedy/velodromo/Molinopamba/QUINTACHICA</SimpleData>
		<SimpleData name="Nombre">SM5002-2</SimpleData>
		<SimpleData name="Latitud">-2.874559</SimpleData>
		<SimpleData name="Longitud">-78.985607</SimpleData>
	</SchemaData></ExtendedData>
  </Placemark>
  <Placemark>
	<ExtendedData><SchemaData schemaUrl="#Sheet1">
		<SimpleData name="Capa">Ricaurte/kennedy/velodromo/Molinopamba/QUINTACHICA</SimpleData>
		<SimpleData name="Nombre">SM5002-3</SimpleData>
		<SimpleData name="Latitud">-2.874204</SimpleData>
		<SimpleData name="Longitud">-78.987209</SimpleData>
	</SchemaData></ExtendedData>
  </Placemark>
  <Placemark>
	<ExtendedData><SchemaData schemaUrl="#Sheet1">
		<SimpleData name="Capa">Ricaurte/kennedy/velodromo/Molinopamba/QUINTACHICA</SimpleData>
		<SimpleData name="Nombre">SM5002-4</SimpleData>
		<SimpleData name="Latitud">-2.873345</SimpleData>
		<SimpleData name="Longitud">-78.98826</SimpleData>
	</SchemaData></ExtendedData>
  </Placemark>
  <Placemark>
	<ExtendedData><SchemaData schemaUrl="#Sheet1">
		<SimpleData name="Capa">Ricaurte/kennedy/velodromo/Molinopamba/QUINTACHICA</SimpleData>
		<SimpleData name="Nombre">SM5002-5</SimpleData>
		<SimpleData name="Latitud">-2.876695</SimpleData>
		<SimpleData name="Longitud">-78.985411</SimpleData>
	</SchemaData></ExtendedData>
  </Placemark>
  <Placemark>
	<ExtendedData><SchemaData schemaUrl="#Sheet1">
		<SimpleData name="Capa">Ricaurte/kennedy/velodromo/Molinopamba/QUINTACHICA</SimpleData>
		<SimpleData name="Nombre">SM5002-6</SimpleData>
		<SimpleData name="Latitud">-2.87763</SimpleData>
		<SimpleData name="Longitud">-78.986557</SimpleData>
	</SchemaData></ExtendedData>
  </Placemark>
  <Placemark>
	<ExtendedData><SchemaData schemaUrl="#Sheet1">
		<SimpleData name="Capa">Ricaurte/kennedy/velodromo/Molinopamba/QUINTACHICA</SimpleData>
		<SimpleData name="Nombre">SM5002-7</SimpleData>
		<SimpleData name="Latitud">-2.878573</SimpleData>
		<SimpleData name="Longitud">-78.990617</SimpleData>
	</SchemaData></ExtendedData>
  </Placemark>
  <Placemark>
	<ExtendedData><SchemaData schemaUrl="#Sheet1">
		<SimpleData name="Capa">Ricaurte/kennedy/velodromo/Molinopamba/QUINTACHICA</SimpleData>
		<SimpleData name="Nombre">SM5002-8</SimpleData>
		<SimpleData name="Latitud">-2.87815</SimpleData>
		<SimpleData name="Longitud">-78.992686</SimpleData>
	</SchemaData></ExtendedData>
  </Placemark>
  <Placemark>
	<ExtendedData><SchemaData schemaUrl="#Sheet1">
		<SimpleData name="Capa">Ricaurte/kennedy/velodromo/Molinopamba/QUINTACHICA</SimpleData>
		<SimpleData name="Nombre">SM5003-1</SimpleData>
		<SimpleData name="Latitud">-2.877265</SimpleData>
		<SimpleData name="Longitud">-78.992365</SimpleData>
	</SchemaData></ExtendedData>
  </Placemark>
  <Placemark>
	<ExtendedData><SchemaData schemaUrl="#Sheet1">
		<SimpleData name="Capa">Ricaurte/kennedy/velodromo/Molinopamba/QUINTACHICA</SimpleData>
		<SimpleData name="Nombre">SM5003-2</SimpleData>
		<SimpleData name="Latitud">-2.87755</SimpleData>
		<SimpleData name="Longitud">-78.990599</SimpleData>
	</SchemaData></ExtendedData>
  </Placemark>
  <Placemark>
	<ExtendedData><SchemaData schemaUrl="#Sheet1">
		<SimpleData name="Capa">Ricaurte/kennedy/velodromo/Molinopamba/QUINTACHICA</SimpleData>
		<SimpleData name="Nombre">SM5003-3</SimpleData>
		<SimpleData name="Latitud">-2.875851</SimpleData>
		<SimpleData name="Longitud">-78.992557</SimpleData>
	</SchemaData></ExtendedData>
  </Placemark>
  <Placemark>
	<ExtendedData><SchemaData schemaUrl="#Sheet1">
		<SimpleData name="Capa">Ricaurte/kennedy/velodromo/Molinopamba/QUINTACHICA</SimpleData>
		<SimpleData name="Nombre">SM5003-4</SimpleData>
		<SimpleData name="Latitud">-2.874234</SimpleData>
		<SimpleData name="Longitud">-78.993242</SimpleData>
	</SchemaData></ExtendedData>
  </Placemark>
  <Placemark>
	<ExtendedData><SchemaData schemaUrl="#Sheet1">
		<SimpleData name="Capa">Ricaurte/kennedy/velodromo/Molinopamba/QUINTACHICA</SimpleData>
		<SimpleData name="Nombre">SM5003-5</SimpleData>
		<SimpleData name="Latitud">-2.872829</SimpleData>
		<SimpleData name="Longitud">-78.992337</SimpleData>
	</SchemaData></ExtendedData>
  </Placemark>
  <Placemark>
	<ExtendedData><SchemaData schemaUrl="#Sheet1">
		<SimpleData name="Capa">Ricaurte/kennedy/velodromo/Molinopamba/QUINTACHICA</SimpleData>
		<SimpleData name="Nombre">SM5003-6</SimpleData>
		<SimpleData name="Latitud">-2.87346</SimpleData>
		<SimpleData name="Longitud">-78.993474</SimpleData>
	</SchemaData></ExtendedData>
  </Placemark>
  <Placemark>
	<ExtendedData><SchemaData schemaUrl="#Sheet1">
		<SimpleData name="Capa">Ricaurte/kennedy/velodromo/Molinopamba/QUINTACHICA</SimpleData>
		<SimpleData name="Nombre">SM5003-7</SimpleData>
		<SimpleData name="Latitud">-2.871819</SimpleData>
		<SimpleData name="Longitud">-78.99583</SimpleData>
	</SchemaData></ExtendedData>
  </Placemark>
  <Placemark>
	<ExtendedData><SchemaData schemaUrl="#Sheet1">
		<SimpleData name="Capa">Ricaurte/kennedy/velodromo/Molinopamba/QUINTACHICA</SimpleData>
		<SimpleData name="Nombre">SM5003-8</SimpleData>
		<SimpleData name="Latitud">-2.877701</SimpleData>
		<SimpleData name="Longitud">-78.993742</SimpleData>
	</SchemaData></ExtendedData>
  </Placemark>
  <Placemark>
	<ExtendedData><SchemaData schemaUrl="#Sheet1">
		<SimpleData name="Capa">Ricaurte/kennedy/velodromo/Molinopamba/QUINTACHICA</SimpleData>
		<SimpleData name="Nombre">SM5018-1</SimpleData>
		<SimpleData name="Latitud">-2.866722</SimpleData>
		<SimpleData name="Longitud">-79.016244</SimpleData>
	</SchemaData></ExtendedData>
  </Placemark>
  <Placemark>
	<ExtendedData><SchemaData schemaUrl="#Sheet1">
		<SimpleData name="Capa">Ricaurte/kennedy/velodromo/Molinopamba/QUINTACHICA</SimpleData>
		<SimpleData name="Nombre">SM5018-2</SimpleData>
		<SimpleData name="Latitud">-2.869204</SimpleData>
		<SimpleData name="Longitud">-79.015082</SimpleData>
	</SchemaData></ExtendedData>
  </Placemark>
  <Placemark>
	<ExtendedData><SchemaData schemaUrl="#Sheet1">
		<SimpleData name="Capa">Ricaurte/kennedy/velodromo/Molinopamba/QUINTACHICA</SimpleData>
		<SimpleData name="Nombre">SM5018-3</SimpleData>
		<SimpleData name="Latitud">-2.86976</SimpleData>
		<SimpleData name="Longitud">-79.014363</SimpleData>
	</SchemaData></ExtendedData>
  </Placemark>
  <Placemark>
	<ExtendedData><SchemaData schemaUrl="#Sheet1">
		<SimpleData name="Capa">Ricaurte/kennedy/velodromo/Molinopamba/QUINTACHICA</SimpleData>
		<SimpleData name="Nombre">SM5018-4</SimpleData>
		<SimpleData name="Latitud">-2.869988</SimpleData>
		<SimpleData name="Longitud">-79.016069</SimpleData>
	</SchemaData></ExtendedData>
  </Placemark>
  <Placemark>
	<ExtendedData><SchemaData schemaUrl="#Sheet1">
		<SimpleData name="Capa">Ricaurte/kennedy/velodromo/Molinopamba/QUINTACHICA</SimpleData>
		<SimpleData name="Nombre">SM5018-5</SimpleData>
		<SimpleData name="Latitud">-2.873607</SimpleData>
		<SimpleData name="Longitud">-79.016423</SimpleData>
	</SchemaData></ExtendedData>
  </Placemark>
  <Placemark>
	<ExtendedData><SchemaData schemaUrl="#Sheet1">
		<SimpleData name="Capa">Ricaurte/kennedy/velodromo/Molinopamba/QUINTACHICA</SimpleData>
		<SimpleData name="Nombre">SM5018-6</SimpleData>
		<SimpleData name="Latitud">-2.871736</SimpleData>
		<SimpleData name="Longitud">-79.013589</SimpleData>
	</SchemaData></ExtendedData>
  </Placemark>
  <Placemark>
	<ExtendedData><SchemaData schemaUrl="#Sheet1">
		<SimpleData name="Capa">Ricaurte/kennedy/velodromo/Molinopamba/QUINTACHICA</SimpleData>
		<SimpleData name="Nombre">SM5018-8</SimpleData>
		<SimpleData name="Latitud">-2.874513</SimpleData>
		<SimpleData name="Longitud">-79.012721</SimpleData>
	</SchemaData></ExtendedData>
  </Placemark>
  <Placemark>
	<ExtendedData><SchemaData schemaUrl="#Sheet1">
		<SimpleData name="Capa">Ricaurte/kennedy/velodromo/Molinopamba/QUINTACHICA</SimpleData>
		<SimpleData name="Nombre">SM5018-7</SimpleData>
		<SimpleData name="Latitud">-2.873289</SimpleData>
		<SimpleData name="Longitud">-79.011353</SimpleData>
	</SchemaData></ExtendedData>
  </Placemark>
  <Placemark>
	<ExtendedData><SchemaData schemaUrl="#Sheet1">
		<SimpleData name="Capa">Ricaurte/kennedy/velodromo/Molinopamba/QUINTACHICA</SimpleData>
		<SimpleData name="Nombre">SM5017-1</SimpleData>
		<SimpleData name="Latitud">-2.876297</SimpleData>
		<SimpleData name="Longitud">-79.011636</SimpleData>
	</SchemaData></ExtendedData>
  </Placemark>
  <Placemark>
	<ExtendedData><SchemaData schemaUrl="#Sheet1">
		<SimpleData name="Capa">Ricaurte/kennedy/velodromo/Molinopamba/QUINTACHICA</SimpleData>
		<SimpleData name="Nombre">SM5017-2</SimpleData>
		<SimpleData name="Latitud">-2.876482</SimpleData>
		<SimpleData name="Longitud">-79.013122</SimpleData>
	</SchemaData></ExtendedData>
  </Placemark>
  <Placemark>
	<ExtendedData><SchemaData schemaUrl="#Sheet1">
		<SimpleData name="Capa">Ricaurte/kennedy/velodromo/Molinopamba/QUINTACHICA</SimpleData>
		<SimpleData name="Nombre">SM5017-3</SimpleData>
		<SimpleData name="Latitud">-2.877801</SimpleData>
		<SimpleData name="Longitud">-79.011956</SimpleData>
	</SchemaData></ExtendedData>
  </Placemark>
  <Placemark>
	<ExtendedData><SchemaData schemaUrl="#Sheet1">
		<SimpleData name="Capa">Ricaurte/kennedy/velodromo/Molinopamba/QUINTACHICA</SimpleData>
		<SimpleData name="Nombre">SM5017-4</SimpleData>
		<SimpleData name="Latitud">-2.87852</SimpleData>
		<SimpleData name="Longitud">-79.012983</SimpleData>
	</SchemaData></ExtendedData>
  </Placemark>
  <Placemark>
	<ExtendedData><SchemaData schemaUrl="#Sheet1">
		<SimpleData name="Capa">Ricaurte/kennedy/velodromo/Molinopamba/QUINTACHICA</SimpleData>
		<SimpleData name="Nombre">SM5017-5</SimpleData>
		<SimpleData name="Latitud">-2.880046</SimpleData>
		<SimpleData name="Longitud">-79.011488</SimpleData>
	</SchemaData></ExtendedData>
  </Placemark>
  <Placemark>
	<ExtendedData><SchemaData schemaUrl="#Sheet1">
		<SimpleData name="Capa">Ricaurte/kennedy/velodromo/Molinopamba/QUINTACHICA</SimpleData>
		<SimpleData name="Nombre">SM5017-6</SimpleData>
		<SimpleData name="Latitud">-2.881341</SimpleData>
		<SimpleData name="Longitud">-79.009458</SimpleData>
	</SchemaData></ExtendedData>
  </Placemark>
  <Placemark>
	<ExtendedData><SchemaData schemaUrl="#Sheet1">
		<SimpleData name="Capa">Ricaurte/kennedy/velodromo/Molinopamba/QUINTACHICA</SimpleData>
		<SimpleData name="Nombre">SM5017-7</SimpleData>
		<SimpleData name="Latitud">-2.877748</SimpleData>
		<SimpleData name="Longitud">-79.008768</SimpleData>
	</SchemaData></ExtendedData>
  </Placemark>
  <Placemark>
	<ExtendedData><SchemaData schemaUrl="#Sheet1">
		<SimpleData name="Capa">Ricaurte/kennedy/velodromo/Molinopamba/QUINTACHICA</SimpleData>
		<SimpleData name="Nombre">SM5017-8</SimpleData>
		<SimpleData name="Latitud">-2.876908</SimpleData>
		<SimpleData name="Longitud">-79.009528</SimpleData>
	</SchemaData></ExtendedData>
  </Placemark>
  <Placemark>
	<ExtendedData><SchemaData schemaUrl="#Sheet1">
		<SimpleData name="Capa">Ricaurte/kennedy/velodromo/Molinopamba/QUINTACHICA</SimpleData>
		<SimpleData name="Nombre">SM5016-1</SimpleData>
		<SimpleData name="Latitud">-2.875877</SimpleData>
		<SimpleData name="Longitud">-79.009279</SimpleData>
	</SchemaData></ExtendedData>
  </Placemark>
  <Placemark>
	<ExtendedData><SchemaData schemaUrl="#Sheet1">
		<SimpleData name="Capa">Ricaurte/kennedy/velodromo/Molinopamba/QUINTACHICA</SimpleData>
		<SimpleData name="Nombre">SM5016-2</SimpleData>
		<SimpleData name="Latitud">-2.876268</SimpleData>
		<SimpleData name="Longitud">-79.007394</SimpleData>
	</SchemaData></ExtendedData>
  </Placemark>
  <Placemark>
	<ExtendedData><SchemaData schemaUrl="#Sheet1">
		<SimpleData name="Capa">Ricaurte/kennedy/velodromo/Molinopamba/QUINTACHICA</SimpleData>
		<SimpleData name="Nombre">SM5016-3</SimpleData>
		<SimpleData name="Latitud">-2.875012</SimpleData>
		<SimpleData name="Longitud">-79.009054</SimpleData>
	</SchemaData></ExtendedData>
  </Placemark>
  <Placemark>
	<ExtendedData><SchemaData schemaUrl="#Sheet1">
		<SimpleData name="Capa">Ricaurte/kennedy/velodromo/Molinopamba/QUINTACHICA</SimpleData>
		<SimpleData name="Nombre">SM5016-4</SimpleData>
		<SimpleData name="Latitud">-2.876315</SimpleData>
		<SimpleData name="Longitud">-79.004731</SimpleData>
	</SchemaData></ExtendedData>
  </Placemark>
  <Placemark>
	<ExtendedData><SchemaData schemaUrl="#Sheet1">
		<SimpleData name="Capa">Ricaurte/kennedy/velodromo/Molinopamba/QUINTACHICA</SimpleData>
		<SimpleData name="Nombre">SM5016-5</SimpleData>
		<SimpleData name="Latitud">-2.876846</SimpleData>
		<SimpleData name="Longitud">-79.005309</SimpleData>
	</SchemaData></ExtendedData>
  </Placemark>
  <Placemark>
	<ExtendedData><SchemaData schemaUrl="#Sheet1">
		<SimpleData name="Capa">Ricaurte/kennedy/velodromo/Molinopamba/QUINTACHICA</SimpleData>
		<SimpleData name="Nombre">SM5016-6</SimpleData>
		<SimpleData name="Latitud">-2.87797</SimpleData>
		<SimpleData name="Longitud">-79.005689</SimpleData>
	</SchemaData></ExtendedData>
  </Placemark>
  <Placemark>
	<ExtendedData><SchemaData schemaUrl="#Sheet1">
		<SimpleData name="Capa">Ricaurte/kennedy/velodromo/Molinopamba/QUINTACHICA</SimpleData>
		<SimpleData name="Nombre">SM5016-7</SimpleData>
		<SimpleData name="Latitud">-2.877224</SimpleData>
		<SimpleData name="Longitud">-79.00614</SimpleData>
	</SchemaData></ExtendedData>
  </Placemark>
  <Placemark>
	<ExtendedData><SchemaData schemaUrl="#Sheet1">
		<SimpleData name="Capa">Ricaurte/kennedy/velodromo/Molinopamba/QUINTACHICA</SimpleData>
		<SimpleData name="Nombre">SM5016-8</SimpleData>
		<SimpleData name="Latitud">-2.878103</SimpleData>
		<SimpleData name="Longitud">-79.003761</SimpleData>
	</SchemaData></ExtendedData>
  </Placemark>
  <Placemark>
	<ExtendedData><SchemaData schemaUrl="#Sheet1">
		<SimpleData name="Capa">Ricaurte/kennedy/velodromo/Molinopamba/QUINTACHICA</SimpleData>
		<SimpleData name="Nombre">SM5015-1</SimpleData>
		<SimpleData name="Latitud">-2.875994</SimpleData>
		<SimpleData name="Longitud">-79.004145</SimpleData>
	</SchemaData></ExtendedData>
  </Placemark>
  <Placemark>
	<ExtendedData><SchemaData schemaUrl="#Sheet1">
		<SimpleData name="Capa">Ricaurte/kennedy/velodromo/Molinopamba/QUINTACHICA</SimpleData>
		<SimpleData name="Nombre">SM5015-2</SimpleData>
		<SimpleData name="Latitud">-2.876096</SimpleData>
		<SimpleData name="Longitud">-79.002529</SimpleData>
	</SchemaData></ExtendedData>
  </Placemark>
  <Placemark>
	<ExtendedData><SchemaData schemaUrl="#Sheet1">
		<SimpleData name="Capa">Ricaurte/kennedy/velodromo/Molinopamba/QUINTACHICA</SimpleData>
		<SimpleData name="Nombre">SM5015-3</SimpleData>
		<SimpleData name="Latitud">-2.877009</SimpleData>
		<SimpleData name="Longitud">-79.001794</SimpleData>
	</SchemaData></ExtendedData>
  </Placemark>
  <Placemark>
	<ExtendedData><SchemaData schemaUrl="#Sheet1">
		<SimpleData name="Capa">Ricaurte/kennedy/velodromo/Molinopamba/QUINTACHICA</SimpleData>
		<SimpleData name="Nombre">SM5015-4</SimpleData>
		<SimpleData name="Latitud">-2.876589</SimpleData>
		<SimpleData name="Longitud">-79.001203</SimpleData>
	</SchemaData></ExtendedData>
  </Placemark>
  <Placemark>
	<ExtendedData><SchemaData schemaUrl="#Sheet1">
		<SimpleData name="Capa">Ricaurte/kennedy/velodromo/Molinopamba/QUINTACHICA</SimpleData>
		<SimpleData name="Nombre">SM5015-5</SimpleData>
		<SimpleData name="Latitud">-2.878087</SimpleData>
		<SimpleData name="Longitud">-79.000612</SimpleData>
	</SchemaData></ExtendedData>
  </Placemark>
  <Placemark>
	<ExtendedData><SchemaData schemaUrl="#Sheet1">
		<SimpleData name="Capa">Ricaurte/kennedy/velodromo/Molinopamba/QUINTACHICA</SimpleData>
		<SimpleData name="Nombre">SM5015-6</SimpleData>
		<SimpleData name="Latitud">-2.879089</SimpleData>
		<SimpleData name="Longitud">-78.999208</SimpleData>
	</SchemaData></ExtendedData>
  </Placemark>
  <Placemark>
	<ExtendedData><SchemaData schemaUrl="#Sheet1">
		<SimpleData name="Capa">Ricaurte/kennedy/velodromo/Molinopamba/QUINTACHICA</SimpleData>
		<SimpleData name="Nombre">SM5015-7</SimpleData>
		<SimpleData name="Latitud">-2.877059</SimpleData>
		<SimpleData name="Longitud">-79.00025</SimpleData>
	</SchemaData></ExtendedData>
  </Placemark>
  <Placemark>
	<ExtendedData><SchemaData schemaUrl="#Sheet1">
		<SimpleData name="Capa">Ricaurte/kennedy/velodromo/Molinopamba/QUINTACHICA</SimpleData>
		<SimpleData name="Nombre">SM5015-8</SimpleData>
		<SimpleData name="Latitud">-2.876206</SimpleData>
		<SimpleData name="Longitud">-78.999101</SimpleData>
	</SchemaData></ExtendedData>
  </Placemark>
  <Placemark>
	<ExtendedData><SchemaData schemaUrl="#Sheet1">
		<SimpleData name="Capa">Ricaurte/kennedy/velodromo/Molinopamba/QUINTACHICA</SimpleData>
		<SimpleData name="Nombre">SM5021-1</SimpleData>
		<SimpleData name="Latitud">-2.853965</SimpleData>
		<SimpleData name="Longitud">-79.037575</SimpleData>
	</SchemaData></ExtendedData>
  </Placemark>
  <Placemark>
	<ExtendedData><SchemaData schemaUrl="#Sheet1">
		<SimpleData name="Capa">Ricaurte/kennedy/velodromo/Molinopamba/QUINTACHICA</SimpleData>
		<SimpleData name="Nombre">SM5021-2</SimpleData>
		<SimpleData name="Latitud">-2.86689</SimpleData>
		<SimpleData name="Longitud">-79.037097</SimpleData>
	</SchemaData></ExtendedData>
  </Placemark>
  <Placemark>
	<ExtendedData><SchemaData schemaUrl="#Sheet1">
		<SimpleData name="Capa">Ricaurte/kennedy/velodromo/Molinopamba/QUINTACHICA</SimpleData>
		<SimpleData name="Nombre">SM5021-3</SimpleData>
		<SimpleData name="Latitud">-2.8760205</SimpleData>
		<SimpleData name="Longitud">-79.0368273</SimpleData>
	</SchemaData></ExtendedData>
  </Placemark>
  <Placemark>
	<ExtendedData><SchemaData schemaUrl="#Sheet1">
		<SimpleData name="Capa">Ricaurte/kennedy/velodromo/Molinopamba/QUINTACHICA</SimpleData>
		<SimpleData name="Nombre">SM5021-4</SimpleData>
		<SimpleData name="Latitud">-2.854387</SimpleData>
		<SimpleData name="Longitud">-79.036698</SimpleData>
	</SchemaData></ExtendedData>
  </Placemark>
  <Placemark>
	<ExtendedData><SchemaData schemaUrl="#Sheet1">
		<SimpleData name="Capa">Ricaurte/kennedy/velodromo/Molinopamba/QUINTACHICA</SimpleData>
		<SimpleData name="Nombre">SM5021-5</SimpleData>
		<SimpleData name="Latitud">-2.855891</SimpleData>
		<SimpleData name="Longitud">-79.035141</SimpleData>
	</SchemaData></ExtendedData>
  </Placemark>
  <Placemark>
	<ExtendedData><SchemaData schemaUrl="#Sheet1">
		<SimpleData name="Capa">Ricaurte/kennedy/velodromo/Molinopamba/QUINTACHICA</SimpleData>
		<SimpleData name="Nombre">SM5021-6</SimpleData>
		<SimpleData name="Latitud">-2.858512</SimpleData>
		<SimpleData name="Longitud">-79.031693</SimpleData>
	</SchemaData></ExtendedData>
  </Placemark>
  <Placemark>
	<ExtendedData><SchemaData schemaUrl="#Sheet1">
		<SimpleData name="Capa">Ricaurte/kennedy/velodromo/Molinopamba/QUINTACHICA</SimpleData>
		<SimpleData name="Nombre">SM5021-7</SimpleData>
		<SimpleData name="Latitud">-2.861099</SimpleData>
		<SimpleData name="Longitud">-79.02741</SimpleData>
	</SchemaData></ExtendedData>
  </Placemark>
  <Placemark>
	<ExtendedData><SchemaData schemaUrl="#Sheet1">
		<SimpleData name="Capa">Ricaurte/kennedy/velodromo/Molinopamba/QUINTACHICA</SimpleData>
		<SimpleData name="Nombre">SM5021-8</SimpleData>
		<SimpleData name="Latitud">-2.861728</SimpleData>
		<SimpleData name="Longitud">-79.041154</SimpleData>
	</SchemaData></ExtendedData>
  </Placemark>
  <Placemark>
	<ExtendedData><SchemaData schemaUrl="#Sheet1">
		<SimpleData name="Capa">Ricaurte/kennedy/velodromo/Molinopamba/QUINTACHICA</SimpleData>
		<SimpleData name="Nombre">SM5020-1</SimpleData>
		<SimpleData name="Latitud">-2.859988</SimpleData>
		<SimpleData name="Longitud">-79.022031</SimpleData>
	</SchemaData></ExtendedData>
  </Placemark>
  <Placemark>
	<ExtendedData><SchemaData schemaUrl="#Sheet1">
		<SimpleData name="Capa">Ricaurte/kennedy/velodromo/Molinopamba/QUINTACHICA</SimpleData>
		<SimpleData name="Nombre">SM5020-2</SimpleData>
		<SimpleData name="Latitud">-2.858381</SimpleData>
		<SimpleData name="Longitud">-79.027458</SimpleData>
	</SchemaData></ExtendedData>
  </Placemark>
  <Placemark>
	<ExtendedData><SchemaData schemaUrl="#Sheet1">
		<SimpleData name="Capa">Ricaurte/kennedy/velodromo/Molinopamba/QUINTACHICA</SimpleData>
		<SimpleData name="Nombre">SM5020-3</SimpleData>
		<SimpleData name="Latitud">-2.857044</SimpleData>
		<SimpleData name="Longitud">-79.020573</SimpleData>
	</SchemaData></ExtendedData>
  </Placemark>
  <Placemark>
	<ExtendedData><SchemaData schemaUrl="#Sheet1">
		<SimpleData name="Capa">Ricaurte/kennedy/velodromo/Molinopamba/QUINTACHICA</SimpleData>
		<SimpleData name="Nombre">SM5020-4</SimpleData>
		<SimpleData name="Latitud">-2.860311</SimpleData>
		<SimpleData name="Longitud">-79.018153</SimpleData>
	</SchemaData></ExtendedData>
  </Placemark>
  <Placemark>
	<ExtendedData><SchemaData schemaUrl="#Sheet1">
		<SimpleData name="Capa">Ricaurte/kennedy/velodromo/Molinopamba/QUINTACHICA</SimpleData>
		<SimpleData name="Nombre">SM5020-5</SimpleData>
		<SimpleData name="Latitud">-2.859908</SimpleData>
		<SimpleData name="Longitud">-79.016515</SimpleData>
	</SchemaData></ExtendedData>
  </Placemark>
  <Placemark>
	<ExtendedData><SchemaData schemaUrl="#Sheet1">
		<SimpleData name="Capa">Ricaurte/kennedy/velodromo/Molinopamba/QUINTACHICA</SimpleData>
		<SimpleData name="Nombre">SM5020-6</SimpleData>
		<SimpleData name="Latitud">-2.862211</SimpleData>
		<SimpleData name="Longitud">-79.017328</SimpleData>
	</SchemaData></ExtendedData>
  </Placemark>
  <Placemark>
	<ExtendedData><SchemaData schemaUrl="#Sheet1">
		<SimpleData name="Capa">Ricaurte/kennedy/velodromo/Molinopamba/QUINTACHICA</SimpleData>
		<SimpleData name="Nombre">SM5020-7</SimpleData>
		<SimpleData name="Latitud">-2.859444</SimpleData>
		<SimpleData name="Longitud">-79.024295</SimpleData>
	</SchemaData></ExtendedData>
  </Placemark>
  <Placemark>
	<ExtendedData><SchemaData schemaUrl="#Sheet1">
		<SimpleData name="Capa">Ricaurte/kennedy/velodromo/Molinopamba/QUINTACHICA</SimpleData>
		<SimpleData name="Nombre">SM5020-8</SimpleData>
		<SimpleData name="Latitud">-2.860825</SimpleData>
		<SimpleData name="Longitud">-79.015858</SimpleData>
	</SchemaData></ExtendedData>
  </Placemark>
  <Placemark>
	<ExtendedData><SchemaData schemaUrl="#Sheet1">
		<SimpleData name="Capa">Ricaurte/kennedy/velodromo/Molinopamba/QUINTACHICA</SimpleData>
		<SimpleData name="Nombre">SM5019-1</SimpleData>
		<SimpleData name="Latitud">-2.860946</SimpleData>
		<SimpleData name="Longitud">-79.019647</SimpleData>
	</SchemaData></ExtendedData>
  </Placemark>
  <Placemark>
	<ExtendedData><SchemaData schemaUrl="#Sheet1">
		<SimpleData name="Capa">Ricaurte/kennedy/velodromo/Molinopamba/QUINTACHICA</SimpleData>
		<SimpleData name="Nombre">SM5019-2</SimpleData>
		<SimpleData name="Latitud">-2.862406</SimpleData>
		<SimpleData name="Longitud">-79.020044</SimpleData>
	</SchemaData></ExtendedData>
  </Placemark>
  <Placemark>
	<ExtendedData><SchemaData schemaUrl="#Sheet1">
		<SimpleData name="Capa">Ricaurte/kennedy/velodromo/Molinopamba/QUINTACHICA</SimpleData>
		<SimpleData name="Nombre">SM5019-3</SimpleData>
		<SimpleData name="Latitud">-2.864458</SimpleData>
		<SimpleData name="Longitud">-79.018997</SimpleData>
	</SchemaData></ExtendedData>
  </Placemark>
  <Placemark>
	<ExtendedData><SchemaData schemaUrl="#Sheet1">
		<SimpleData name="Capa">Ricaurte/kennedy/velodromo/Molinopamba/QUINTACHICA</SimpleData>
		<SimpleData name="Nombre">SM5019-4</SimpleData>
		<SimpleData name="Latitud">-2.865103</SimpleData>
		<SimpleData name="Longitud">-79.021328</SimpleData>
	</SchemaData></ExtendedData>
  </Placemark>
  <Placemark>
	<ExtendedData><SchemaData schemaUrl="#Sheet1">
		<SimpleData name="Capa">Ricaurte/kennedy/velodromo/Molinopamba/QUINTACHICA</SimpleData>
		<SimpleData name="Nombre">SM5019-5</SimpleData>
		<SimpleData name="Latitud">-2.867934</SimpleData>
		<SimpleData name="Longitud">-79.022086</SimpleData>
	</SchemaData></ExtendedData>
  </Placemark>
  <Placemark>
	<ExtendedData><SchemaData schemaUrl="#Sheet1">
		<SimpleData name="Capa">Ricaurte/kennedy/velodromo/Molinopamba/QUINTACHICA</SimpleData>
		<SimpleData name="Nombre">SM5019-6</SimpleData>
		<SimpleData name="Latitud">-2.870333</SimpleData>
		<SimpleData name="Longitud">-79.020356</SimpleData>
	</SchemaData></ExtendedData>
  </Placemark>
  <Placemark>
	<ExtendedData><SchemaData schemaUrl="#Sheet1">
		<SimpleData name="Capa">Ricaurte/kennedy/velodromo/Molinopamba/QUINTACHICA</SimpleData>
		<SimpleData name="Nombre">SM5019-7</SimpleData>
		<SimpleData name="Latitud">-2.871168</SimpleData>
		<SimpleData name="Longitud">-79.018417</SimpleData>
	</SchemaData></ExtendedData>
  </Placemark>
  <Placemark>
	<ExtendedData><SchemaData schemaUrl="#Sheet1">
		<SimpleData name="Capa">Ricaurte/kennedy/velodromo/Molinopamba/QUINTACHICA</SimpleData>
		<SimpleData name="Nombre">SM5019-8</SimpleData>
		<SimpleData name="Latitud">-2.865961</SimpleData>
		<SimpleData name="Longitud">-79.018316</SimpleData>
	</SchemaData></ExtendedData>
  </Placemark>
  <Placemark>
	<ExtendedData><SchemaData schemaUrl="#Sheet1">
		<SimpleData name="Capa">Ricaurte/kennedy/velodromo/Molinopamba/QUINTACHICA</SimpleData>
		<SimpleData name="Nombre">SM5004-1</SimpleData>
		<SimpleData name="Latitud">-2.878462</SimpleData>
		<SimpleData name="Longitud">-78.996242</SimpleData>
	</SchemaData></ExtendedData>
  </Placemark>
  <Placemark>
	<ExtendedData><SchemaData schemaUrl="#Sheet1">
		<SimpleData name="Capa">Ricaurte/kennedy/velodromo/Molinopamba/QUINTACHICA</SimpleData>
		<SimpleData name="Nombre">SM5004-2</SimpleData>
		<SimpleData name="Latitud">-2.877561</SimpleData>
		<SimpleData name="Longitud">-78.995898</SimpleData>
	</SchemaData></ExtendedData>
  </Placemark>
  <Placemark>
	<ExtendedData><SchemaData schemaUrl="#Sheet1">
		<SimpleData name="Capa">Ricaurte/kennedy/velodromo/Molinopamba/QUINTACHICA</SimpleData>
		<SimpleData name="Nombre">SM5004-3</SimpleData>
		<SimpleData name="Latitud">-2.876962</SimpleData>
		<SimpleData name="Longitud">-78.995349</SimpleData>
	</SchemaData></ExtendedData>
  </Placemark>
  <Placemark>
	<ExtendedData><SchemaData schemaUrl="#Sheet1">
		<SimpleData name="Capa">Ricaurte/kennedy/velodromo/Molinopamba/QUINTACHICA</SimpleData>
		<SimpleData name="Nombre">SM5004-4</SimpleData>
		<SimpleData name="Latitud">-2.876057</SimpleData>
		<SimpleData name="Longitud">-78.995232</SimpleData>
	</SchemaData></ExtendedData>
  </Placemark>
  <Placemark>
	<ExtendedData><SchemaData schemaUrl="#Sheet1">
		<SimpleData name="Capa">Ricaurte/kennedy/velodromo/Molinopamba/QUINTACHICA</SimpleData>
		<SimpleData name="Nombre">SM5004-5</SimpleData>
		<SimpleData name="Latitud">-2.875485</SimpleData>
		<SimpleData name="Longitud">-78.995911</SimpleData>
	</SchemaData></ExtendedData>
  </Placemark>
  <Placemark>
	<ExtendedData><SchemaData schemaUrl="#Sheet1">
		<SimpleData name="Capa">Ricaurte/kennedy/velodromo/Molinopamba/QUINTACHICA</SimpleData>
		<SimpleData name="Nombre">SM5004-6</SimpleData>
		<SimpleData name="Latitud">-2.879453</SimpleData>
		<SimpleData name="Longitud">-78.99644</SimpleData>
	</SchemaData></ExtendedData>
  </Placemark>
  <Placemark>
	<ExtendedData><SchemaData schemaUrl="#Sheet1">
		<SimpleData name="Capa">Ricaurte/kennedy/velodromo/Molinopamba/QUINTACHICA</SimpleData>
		<SimpleData name="Nombre">SM5004-7</SimpleData>
		<SimpleData name="Latitud">-2.879444</SimpleData>
		<SimpleData name="Longitud">-78.995909</SimpleData>
	</SchemaData></ExtendedData>
  </Placemark>
  <Placemark>
	<ExtendedData><SchemaData schemaUrl="#Sheet1">
		<SimpleData name="Capa">Ricaurte/kennedy/velodromo/Molinopamba/QUINTACHICA</SimpleData>
		<SimpleData name="Nombre">SM5004-8</SimpleData>
		<SimpleData name="Latitud">-2.878002</SimpleData>
		<SimpleData name="Longitud">-78.997385</SimpleData>
	</SchemaData></ExtendedData>
  </Placemark>
  <Placemark>
	<ExtendedData><SchemaData schemaUrl="#Sheet1">
		<SimpleData name="Capa">Ricaurte/kennedy/velodromo/Molinopamba/QUINTACHICA</SimpleData>
		<SimpleData name="Nombre">SM5005-1</SimpleData>
		<SimpleData name="Latitud">-2.87644</SimpleData>
		<SimpleData name="Longitud">-78.998958</SimpleData>
	</SchemaData></ExtendedData>
  </Placemark>
  <Placemark>
	<ExtendedData><SchemaData schemaUrl="#Sheet1">
		<SimpleData name="Capa">Ricaurte/kennedy/velodromo/Molinopamba/QUINTACHICA</SimpleData>
		<SimpleData name="Nombre">SM5005-2</SimpleData>
		<SimpleData name="Latitud">-2.877837</SimpleData>
		<SimpleData name="Longitud">-78.999882</SimpleData>
	</SchemaData></ExtendedData>
  </Placemark>
  <Placemark>
	<ExtendedData><SchemaData schemaUrl="#Sheet1">
		<SimpleData name="Capa">Ricaurte/kennedy/velodromo/Molinopamba/QUINTACHICA</SimpleData>
		<SimpleData name="Nombre">SM5005-3</SimpleData>
		<SimpleData name="Latitud">-2.876543</SimpleData>
		<SimpleData name="Longitud">-78.997437</SimpleData>
	</SchemaData></ExtendedData>
  </Placemark>
  <Placemark>
	<ExtendedData><SchemaData schemaUrl="#Sheet1">
		<SimpleData name="Capa">Ricaurte/kennedy/velodromo/Molinopamba/QUINTACHICA</SimpleData>
		<SimpleData name="Nombre">SM5005-4</SimpleData>
		<SimpleData name="Latitud">-2.877766</SimpleData>
		<SimpleData name="Longitud">-78.998667</SimpleData>
	</SchemaData></ExtendedData>
  </Placemark>
  <Placemark>
	<ExtendedData><SchemaData schemaUrl="#Sheet1">
		<SimpleData name="Capa">Ricaurte/kennedy/velodromo/Molinopamba/QUINTACHICA</SimpleData>
		<SimpleData name="Nombre">SM5005-5</SimpleData>
		<SimpleData name="Latitud">-2.877322</SimpleData>
		<SimpleData name="Longitud">-78.997677</SimpleData>
	</SchemaData></ExtendedData>
  </Placemark>
  <Placemark>
	<ExtendedData><SchemaData schemaUrl="#Sheet1">
		<SimpleData name="Capa">Ricaurte/kennedy/velodromo/Molinopamba/QUINTACHICA</SimpleData>
		<SimpleData name="Nombre">SM5005-6</SimpleData>
		<SimpleData name="Latitud">-2.876719</SimpleData>
		<SimpleData name="Longitud">-78.998505</SimpleData>
	</SchemaData></ExtendedData>
  </Placemark>
  <Placemark>
	<ExtendedData><SchemaData schemaUrl="#Sheet1">
		<SimpleData name="Capa">Ricaurte/kennedy/velodromo/Molinopamba/QUINTACHICA</SimpleData>
		<SimpleData name="Nombre">SM5005-7</SimpleData>
		<SimpleData name="Latitud">-2.875627</SimpleData>
		<SimpleData name="Longitud">-78.99703</SimpleData>
	</SchemaData></ExtendedData>
  </Placemark>
  <Placemark>
	<ExtendedData><SchemaData schemaUrl="#Sheet1">
		<SimpleData name="Capa">Ricaurte/kennedy/velodromo/Molinopamba/QUINTACHICA</SimpleData>
		<SimpleData name="Nombre">SM5005-8</SimpleData>
		<SimpleData name="Latitud">-2.875657</SimpleData>
		<SimpleData name="Longitud">-78.997902</SimpleData>
	</SchemaData></ExtendedData>
  </Placemark>
  <Placemark>
	<ExtendedData><SchemaData schemaUrl="#Sheet1">
		<SimpleData name="Capa">Ricaurte/kennedy/velodromo/Molinopamba/QUINTACHICA</SimpleData>
		<SimpleData name="Nombre">SM5006-1</SimpleData>
		<SimpleData name="Latitud">-2.872729</SimpleData>
		<SimpleData name="Longitud">-79.00112</SimpleData>
	</SchemaData></ExtendedData>
  </Placemark>
  <Placemark>
	<ExtendedData><SchemaData schemaUrl="#Sheet1">
		<SimpleData name="Capa">Ricaurte/kennedy/velodromo/Molinopamba/QUINTACHICA</SimpleData>
		<SimpleData name="Nombre">SM5006-2</SimpleData>
		<SimpleData name="Latitud">-2.871971</SimpleData>
		<SimpleData name="Longitud">-79.002024</SimpleData>
	</SchemaData></ExtendedData>
  </Placemark>
  <Placemark>
	<ExtendedData><SchemaData schemaUrl="#Sheet1">
		<SimpleData name="Capa">Ricaurte/kennedy/velodromo/Molinopamba/QUINTACHICA</SimpleData>
		<SimpleData name="Nombre">SM5006-3</SimpleData>
		<SimpleData name="Latitud">-2.872777</SimpleData>
		<SimpleData name="Longitud">-78.999693</SimpleData>
	</SchemaData></ExtendedData>
  </Placemark>
  <Placemark>
	<ExtendedData><SchemaData schemaUrl="#Sheet1">
		<SimpleData name="Capa">Ricaurte/kennedy/velodromo/Molinopamba/QUINTACHICA</SimpleData>
		<SimpleData name="Nombre">SM5006-4</SimpleData>
		<SimpleData name="Latitud">-2.872994</SimpleData>
		<SimpleData name="Longitud">-78.997661</SimpleData>
	</SchemaData></ExtendedData>
  </Placemark>
  <Placemark>
	<ExtendedData><SchemaData schemaUrl="#Sheet1">
		<SimpleData name="Capa">Ricaurte/kennedy/velodromo/Molinopamba/QUINTACHICA</SimpleData>
		<SimpleData name="Nombre">SM5006-5</SimpleData>
		<SimpleData name="Latitud">-2.871919</SimpleData>
		<SimpleData name="Longitud">-78.999</SimpleData>
	</SchemaData></ExtendedData>
  </Placemark>
  <Placemark>
	<ExtendedData><SchemaData schemaUrl="#Sheet1">
		<SimpleData name="Capa">Ricaurte/kennedy/velodromo/Molinopamba/QUINTACHICA</SimpleData>
		<SimpleData name="Nombre">SM5006-6</SimpleData>
		<SimpleData name="Latitud">-2.871596</SimpleData>
		<SimpleData name="Longitud">-79.000814</SimpleData>
	</SchemaData></ExtendedData>
  </Placemark>
  <Placemark>
	<ExtendedData><SchemaData schemaUrl="#Sheet1">
		<SimpleData name="Capa">Ricaurte/kennedy/velodromo/Molinopamba/QUINTACHICA</SimpleData>
		<SimpleData name="Nombre">SM5006-7</SimpleData>
		<SimpleData name="Latitud">-2.86998</SimpleData>
		<SimpleData name="Longitud">-78.999583</SimpleData>
	</SchemaData></ExtendedData>
  </Placemark>
  <Placemark>
	<ExtendedData><SchemaData schemaUrl="#Sheet1">
		<SimpleData name="Capa">Ricaurte/kennedy/velodromo/Molinopamba/QUINTACHICA</SimpleData>
		<SimpleData name="Nombre">SM5006-8</SimpleData>
		<SimpleData name="Latitud">-2.8679091</SimpleData>
		<SimpleData name="Longitud">-78.996838</SimpleData>
	</SchemaData></ExtendedData>
  </Placemark>
  <Placemark>
	<ExtendedData><SchemaData schemaUrl="#Sheet1">
		<SimpleData name="Capa">Ricaurte/kennedy/velodromo/Molinopamba/QUINTACHICA</SimpleData>
		<SimpleData name="Nombre">SM5007-1</SimpleData>
		<SimpleData name="Latitud">-2.874045</SimpleData>
		<SimpleData name="Longitud">-79.001333</SimpleData>
	</SchemaData></ExtendedData>
  </Placemark>
  <Placemark>
	<ExtendedData><SchemaData schemaUrl="#Sheet1">
		<SimpleData name="Capa">Ricaurte/kennedy/velodromo/Molinopamba/QUINTACHICA</SimpleData>
		<SimpleData name="Nombre">SM5007-2</SimpleData>
		<SimpleData name="Latitud">-2.874794</SimpleData>
		<SimpleData name="Longitud">-79.000206</SimpleData>
	</SchemaData></ExtendedData>
  </Placemark>
  <Placemark>
	<ExtendedData><SchemaData schemaUrl="#Sheet1">
		<SimpleData name="Capa">Ricaurte/kennedy/velodromo/Molinopamba/QUINTACHICA</SimpleData>
		<SimpleData name="Nombre">SM5007-3</SimpleData>
		<SimpleData name="Latitud">-2.874142</SimpleData>
		<SimpleData name="Longitud">-79.002157</SimpleData>
	</SchemaData></ExtendedData>
  </Placemark>
  <Placemark>
	<ExtendedData><SchemaData schemaUrl="#Sheet1">
		<SimpleData name="Capa">Ricaurte/kennedy/velodromo/Molinopamba/QUINTACHICA</SimpleData>
		<SimpleData name="Nombre">SM5007-4</SimpleData>
		<SimpleData name="Latitud">-2.875281</SimpleData>
		<SimpleData name="Longitud">-79.000004</SimpleData>
	</SchemaData></ExtendedData>
  </Placemark>
  <Placemark>
	<ExtendedData><SchemaData schemaUrl="#Sheet1">
		<SimpleData name="Capa">Ricaurte/kennedy/velodromo/Molinopamba/QUINTACHICA</SimpleData>
		<SimpleData name="Nombre">SM5007-5</SimpleData>
		<SimpleData name="Latitud">-2.87345</SimpleData>
		<SimpleData name="Longitud">-79.002683</SimpleData>
	</SchemaData></ExtendedData>
  </Placemark>
  <Placemark>
	<ExtendedData><SchemaData schemaUrl="#Sheet1">
		<SimpleData name="Capa">Ricaurte/kennedy/velodromo/Molinopamba/QUINTACHICA</SimpleData>
		<SimpleData name="Nombre">SM5007-6</SimpleData>
		<SimpleData name="Latitud">-2.872751</SimpleData>
		<SimpleData name="Longitud">-79.003285</SimpleData>
	</SchemaData></ExtendedData>
  </Placemark>
  <Placemark>
	<ExtendedData><SchemaData schemaUrl="#Sheet1">
		<SimpleData name="Capa">Ricaurte/kennedy/velodromo/Molinopamba/QUINTACHICA</SimpleData>
		<SimpleData name="Nombre">SM5007-7</SimpleData>
		<SimpleData name="Latitud">-2.873996</SimpleData>
		<SimpleData name="Longitud">-79.003325</SimpleData>
	</SchemaData></ExtendedData>
  </Placemark>
  <Placemark>
	<ExtendedData><SchemaData schemaUrl="#Sheet1">
		<SimpleData name="Capa">Ricaurte/kennedy/velodromo/Molinopamba/QUINTACHICA</SimpleData>
		<SimpleData name="Nombre">SM5007-8</SimpleData>
		<SimpleData name="Latitud">-2.873151</SimpleData>
		<SimpleData name="Longitud">-79.004213</SimpleData>
	</SchemaData></ExtendedData>
  </Placemark>
  <Placemark>
	<ExtendedData><SchemaData schemaUrl="#Sheet1">
		<SimpleData name="Capa">Ricaurte/kennedy/velodromo/Molinopamba/QUINTACHICA</SimpleData>
		<SimpleData name="Nombre">SM5008-1</SimpleData>
		<SimpleData name="Latitud">-2.868846</SimpleData>
		<SimpleData name="Longitud">-79.003679</SimpleData>
	</SchemaData></ExtendedData>
  </Placemark>
  <Placemark>
	<ExtendedData><SchemaData schemaUrl="#Sheet1">
		<SimpleData name="Capa">Ricaurte/kennedy/velodromo/Molinopamba/QUINTACHICA</SimpleData>
		<SimpleData name="Nombre">SM5008-2</SimpleData>
		<SimpleData name="Latitud">-2.867738</SimpleData>
		<SimpleData name="Longitud">-79.003879</SimpleData>
	</SchemaData></ExtendedData>
  </Placemark>
  <Placemark>
	<ExtendedData><SchemaData schemaUrl="#Sheet1">
		<SimpleData name="Capa">Ricaurte/kennedy/velodromo/Molinopamba/QUINTACHICA</SimpleData>
		<SimpleData name="Nombre">SM5008-3</SimpleData>
		<SimpleData name="Latitud">-2.869547</SimpleData>
		<SimpleData name="Longitud">-79.001911</SimpleData>
	</SchemaData></ExtendedData>
  </Placemark>
  <Placemark>
	<ExtendedData><SchemaData schemaUrl="#Sheet1">
		<SimpleData name="Capa">Ricaurte/kennedy/velodromo/Molinopamba/QUINTACHICA</SimpleData>
		<SimpleData name="Nombre">SM5008-4</SimpleData>
		<SimpleData name="Latitud">-2.868772</SimpleData>
		<SimpleData name="Longitud">-79.005216</SimpleData>
	</SchemaData></ExtendedData>
  </Placemark>
  <Placemark>
	<ExtendedData><SchemaData schemaUrl="#Sheet1">
		<SimpleData name="Capa">Ricaurte/kennedy/velodromo/Molinopamba/QUINTACHICA</SimpleData>
		<SimpleData name="Nombre">SM5008-5</SimpleData>
		<SimpleData name="Latitud">-2.870178</SimpleData>
		<SimpleData name="Longitud">-79.003993</SimpleData>
	</SchemaData></ExtendedData>
  </Placemark>
  <Placemark>
	<ExtendedData><SchemaData schemaUrl="#Sheet1">
		<SimpleData name="Capa">Ricaurte/kennedy/velodromo/Molinopamba/QUINTACHICA</SimpleData>
		<SimpleData name="Nombre">SM5008-6</SimpleData>
		<SimpleData name="Latitud">-2.871355</SimpleData>
		<SimpleData name="Longitud">-79.004143</SimpleData>
	</SchemaData></ExtendedData>
  </Placemark>
  <Placemark>
	<ExtendedData><SchemaData schemaUrl="#Sheet1">
		<SimpleData name="Capa">Ricaurte/kennedy/velodromo/Molinopamba/QUINTACHICA</SimpleData>
		<SimpleData name="Nombre">SM5008-7</SimpleData>
		<SimpleData name="Latitud">-2.869531</SimpleData>
		<SimpleData name="Longitud">-79.005472</SimpleData>
	</SchemaData></ExtendedData>
  </Placemark>
  <Placemark>
	<ExtendedData><SchemaData schemaUrl="#Sheet1">
		<SimpleData name="Capa">Ricaurte/kennedy/velodromo/Molinopamba/QUINTACHICA</SimpleData>
		<SimpleData name="Nombre">SM5008-8</SimpleData>
		<SimpleData name="Latitud">-2.870353</SimpleData>
		<SimpleData name="Longitud">-79.006533</SimpleData>
	</SchemaData></ExtendedData>
  </Placemark>
  <Placemark>
	<ExtendedData><SchemaData schemaUrl="#Sheet1">
		<SimpleData name="Capa">Ricaurte/kennedy/velodromo/Molinopamba/QUINTACHICA</SimpleData>
		<SimpleData name="Nombre">SM5009-1</SimpleData>
		<SimpleData name="Latitud">-2.86656</SimpleData>
		<SimpleData name="Longitud">-79.0041</SimpleData>
	</SchemaData></ExtendedData>
  </Placemark>
  <Placemark>
	<ExtendedData><SchemaData schemaUrl="#Sheet1">
		<SimpleData name="Capa">Ricaurte/kennedy/velodromo/Molinopamba/QUINTACHICA</SimpleData>
		<SimpleData name="Nombre">SM5009-2</SimpleData>
		<SimpleData name="Latitud">-2.866878</SimpleData>
		<SimpleData name="Longitud">-79.002674</SimpleData>
	</SchemaData></ExtendedData>
  </Placemark>
  <Placemark>
	<ExtendedData><SchemaData schemaUrl="#Sheet1">
		<SimpleData name="Capa">Ricaurte/kennedy/velodromo/Molinopamba/QUINTACHICA</SimpleData>
		<SimpleData name="Nombre">SM5009-3</SimpleData>
		<SimpleData name="Latitud">-2.868181</SimpleData>
		<SimpleData name="Longitud">-79.002558</SimpleData>
	</SchemaData></ExtendedData>
  </Placemark>
  <Placemark>
	<ExtendedData><SchemaData schemaUrl="#Sheet1">
		<SimpleData name="Capa">Ricaurte/kennedy/velodromo/Molinopamba/QUINTACHICA</SimpleData>
		<SimpleData name="Nombre">SM5009-4</SimpleData>
		<SimpleData name="Latitud">-2.868069</SimpleData>
		<SimpleData name="Longitud">-79.00083</SimpleData>
	</SchemaData></ExtendedData>
  </Placemark>
  <Placemark>
	<ExtendedData><SchemaData schemaUrl="#Sheet1">
		<SimpleData name="Capa">Ricaurte/kennedy/velodromo/Molinopamba/QUINTACHICA</SimpleData>
		<SimpleData name="Nombre">SM5009-5</SimpleData>
		<SimpleData name="Latitud">-2.868372</SimpleData>
		<SimpleData name="Longitud">-78.998989</SimpleData>
	</SchemaData></ExtendedData>
  </Placemark>
  <Placemark>
	<ExtendedData><SchemaData schemaUrl="#Sheet1">
		<SimpleData name="Capa">Ricaurte/kennedy/velodromo/Molinopamba/QUINTACHICA</SimpleData>
		<SimpleData name="Nombre">SM5009-6</SimpleData>
		<SimpleData name="Latitud">-2.865836</SimpleData>
		<SimpleData name="Longitud">-79.004826</SimpleData>
	</SchemaData></ExtendedData>
  </Placemark>
  <Placemark>
	<ExtendedData><SchemaData schemaUrl="#Sheet1">
		<SimpleData name="Capa">Ricaurte/kennedy/velodromo/Molinopamba/QUINTACHICA</SimpleData>
		<SimpleData name="Nombre">SM5009-7</SimpleData>
		<SimpleData name="Latitud">-2.866934</SimpleData>
		<SimpleData name="Longitud">-79.005884</SimpleData>
	</SchemaData></ExtendedData>
  </Placemark>
  <Placemark>
	<ExtendedData><SchemaData schemaUrl="#Sheet1">
		<SimpleData name="Capa">Ricaurte/kennedy/velodromo/Molinopamba/QUINTACHICA</SimpleData>
		<SimpleData name="Nombre">SM5009-8</SimpleData>
		<SimpleData name="Latitud">-2.864847</SimpleData>
		<SimpleData name="Longitud">-79.004415</SimpleData>
	</SchemaData></ExtendedData>
  </Placemark>
  <Placemark>
	<ExtendedData><SchemaData schemaUrl="#Sheet1">
		<SimpleData name="Capa">Ricaurte/kennedy/velodromo/Molinopamba/QUINTACHICA</SimpleData>
		<SimpleData name="Nombre">SM5010-1</SimpleData>
		<SimpleData name="Latitud">-2.867769</SimpleData>
		<SimpleData name="Longitud">-79.005532</SimpleData>
	</SchemaData></ExtendedData>
  </Placemark>
  <Placemark>
	<ExtendedData><SchemaData schemaUrl="#Sheet1">
		<SimpleData name="Capa">Ricaurte/kennedy/velodromo/Molinopamba/QUINTACHICA</SimpleData>
		<SimpleData name="Nombre">SM5010-2</SimpleData>
		<SimpleData name="Latitud">-2.868373</SimpleData>
		<SimpleData name="Longitud">-79.007102</SimpleData>
	</SchemaData></ExtendedData>
  </Placemark>
  <Placemark>
	<ExtendedData><SchemaData schemaUrl="#Sheet1">
		<SimpleData name="Capa">Ricaurte/kennedy/velodromo/Molinopamba/QUINTACHICA</SimpleData>
		<SimpleData name="Nombre">SM5010-3</SimpleData>
		<SimpleData name="Latitud">-2.867714</SimpleData>
		<SimpleData name="Longitud">-79.009005</SimpleData>
	</SchemaData></ExtendedData>
  </Placemark>
  <Placemark>
	<ExtendedData><SchemaData schemaUrl="#Sheet1">
		<SimpleData name="Capa">Ricaurte/kennedy/velodromo/Molinopamba/QUINTACHICA</SimpleData>
		<SimpleData name="Nombre">SM5010-4</SimpleData>
		<SimpleData name="Latitud">-2.86915</SimpleData>
		<SimpleData name="Longitud">-79.009846</SimpleData>
	</SchemaData></ExtendedData>
  </Placemark>
  <Placemark>
	<ExtendedData><SchemaData schemaUrl="#Sheet1">
		<SimpleData name="Capa">Ricaurte/kennedy/velodromo/Molinopamba/QUINTACHICA</SimpleData>
		<SimpleData name="Nombre">SM5010-5</SimpleData>
		<SimpleData name="Latitud">-2.869013</SimpleData>
		<SimpleData name="Longitud">-79.00814</SimpleData>
	</SchemaData></ExtendedData>
  </Placemark>
  <Placemark>
	<ExtendedData><SchemaData schemaUrl="#Sheet1">
		<SimpleData name="Capa">Ricaurte/kennedy/velodromo/Molinopamba/QUINTACHICA</SimpleData>
		<SimpleData name="Nombre">SM5010-6</SimpleData>
		<SimpleData name="Latitud">-2.870639</SimpleData>
		<SimpleData name="Longitud">-79.008494</SimpleData>
	</SchemaData></ExtendedData>
  </Placemark>
  <Placemark>
	<ExtendedData><SchemaData schemaUrl="#Sheet1">
		<SimpleData name="Capa">Ricaurte/kennedy/velodromo/Molinopamba/QUINTACHICA</SimpleData>
		<SimpleData name="Nombre">SM5010-7</SimpleData>
		<SimpleData name="Latitud">-2.869166</SimpleData>
		<SimpleData name="Longitud">-79.011321</SimpleData>
	</SchemaData></ExtendedData>
  </Placemark>
  <Placemark>
	<ExtendedData><SchemaData schemaUrl="#Sheet1">
		<SimpleData name="Capa">Ricaurte/kennedy/velodromo/Molinopamba/QUINTACHICA</SimpleData>
		<SimpleData name="Nombre">SM5010-8</SimpleData>
		<SimpleData name="Latitud">-2.867028</SimpleData>
		<SimpleData name="Longitud">-79.01209</SimpleData>
	</SchemaData></ExtendedData>
  </Placemark>
  <Placemark>
	<ExtendedData><SchemaData schemaUrl="#Sheet1">
		<SimpleData name="Capa">Ricaurte/kennedy/velodromo/Molinopamba/QUINTACHICA</SimpleData>
		<SimpleData name="Nombre">SM5011-1</SimpleData>
		<SimpleData name="Latitud">-2.866403</SimpleData>
		<SimpleData name="Longitud">-79.006545</SimpleData>
	</SchemaData></ExtendedData>
  </Placemark>
  <Placemark>
	<ExtendedData><SchemaData schemaUrl="#Sheet1">
		<SimpleData name="Capa">Ricaurte/kennedy/velodromo/Molinopamba/QUINTACHICA</SimpleData>
		<SimpleData name="Nombre">SM5011-2</SimpleData>
		<SimpleData name="Latitud">-2.86495</SimpleData>
		<SimpleData name="Longitud">-79.006412</SimpleData>
	</SchemaData></ExtendedData>
  </Placemark>
  <Placemark>
	<ExtendedData><SchemaData schemaUrl="#Sheet1">
		<SimpleData name="Capa">Ricaurte/kennedy/velodromo/Molinopamba/QUINTACHICA</SimpleData>
		<SimpleData name="Nombre">SM5011-3</SimpleData>
		<SimpleData name="Latitud">-2.86629</SimpleData>
		<SimpleData name="Longitud">-79.007841</SimpleData>
	</SchemaData></ExtendedData>
  </Placemark>
  <Placemark>
	<ExtendedData><SchemaData schemaUrl="#Sheet1">
		<SimpleData name="Capa">Ricaurte/kennedy/velodromo/Molinopamba/QUINTACHICA</SimpleData>
		<SimpleData name="Nombre">SM5011-4</SimpleData>
		<SimpleData name="Latitud">-2.86568</SimpleData>
		<SimpleData name="Longitud">-79.008588</SimpleData>
	</SchemaData></ExtendedData>
  </Placemark>
  <Placemark>
	<ExtendedData><SchemaData schemaUrl="#Sheet1">
		<SimpleData name="Capa">Ricaurte/kennedy/velodromo/Molinopamba/QUINTACHICA</SimpleData>
		<SimpleData name="Nombre">SM5011-5</SimpleData>
		<SimpleData name="Latitud">-2.864944</SimpleData>
		<SimpleData name="Longitud">-79.007611</SimpleData>
	</SchemaData></ExtendedData>
  </Placemark>
  <Placemark>
	<ExtendedData><SchemaData schemaUrl="#Sheet1">
		<SimpleData name="Capa">Ricaurte/kennedy/velodromo/Molinopamba/QUINTACHICA</SimpleData>
		<SimpleData name="Nombre">SM5011-6</SimpleData>
		<SimpleData name="Latitud">-2.864985</SimpleData>
		<SimpleData name="Longitud">-79.008573</SimpleData>
	</SchemaData></ExtendedData>
  </Placemark>
  <Placemark>
	<ExtendedData><SchemaData schemaUrl="#Sheet1">
		<SimpleData name="Capa">Ricaurte/kennedy/velodromo/Molinopamba/QUINTACHICA</SimpleData>
		<SimpleData name="Nombre">SM5011-7</SimpleData>
		<SimpleData name="Latitud">-2.865272</SimpleData>
		<SimpleData name="Longitud">-79.009737</SimpleData>
	</SchemaData></ExtendedData>
  </Placemark>
  <Placemark>
	<ExtendedData><SchemaData schemaUrl="#Sheet1">
		<SimpleData name="Capa">Ricaurte/kennedy/velodromo/Molinopamba/QUINTACHICA</SimpleData>
		<SimpleData name="Nombre">SM5011-8</SimpleData>
		<SimpleData name="Latitud">-2.8641</SimpleData>
		<SimpleData name="Longitud">-79.009657</SimpleData>
	</SchemaData></ExtendedData>
  </Placemark>
  <Placemark>
	<ExtendedData><SchemaData schemaUrl="#Sheet1">
		<SimpleData name="Capa">Ricaurte/kennedy/velodromo/Molinopamba/QUINTACHICA</SimpleData>
		<SimpleData name="Nombre">SM5012-1</SimpleData>
		<SimpleData name="Latitud">-2.863796</SimpleData>
		<SimpleData name="Longitud">-79.007514</SimpleData>
	</SchemaData></ExtendedData>
  </Placemark>
  <Placemark>
	<ExtendedData><SchemaData schemaUrl="#Sheet1">
		<SimpleData name="Capa">Ricaurte/kennedy/velodromo/Molinopamba/QUINTACHICA</SimpleData>
		<SimpleData name="Nombre">SM5012-2</SimpleData>
		<SimpleData name="Latitud">-2.863427</SimpleData>
		<SimpleData name="Longitud">-79.008167</SimpleData>
	</SchemaData></ExtendedData>
  </Placemark>
  <Placemark>
	<ExtendedData><SchemaData schemaUrl="#Sheet1">
		<SimpleData name="Capa">Ricaurte/kennedy/velodromo/Molinopamba/QUINTACHICA</SimpleData>
		<SimpleData name="Nombre">SM5012-3</SimpleData>
		<SimpleData name="Latitud">-2.864323</SimpleData>
		<SimpleData name="Longitud">-79.005659</SimpleData>
	</SchemaData></ExtendedData>
  </Placemark>
  <Placemark>
	<ExtendedData><SchemaData schemaUrl="#Sheet1">
		<SimpleData name="Capa">Ricaurte/kennedy/velodromo/Molinopamba/QUINTACHICA</SimpleData>
		<SimpleData name="Nombre">SM5012-4</SimpleData>
		<SimpleData name="Latitud">-2.861799</SimpleData>
		<SimpleData name="Longitud">-79.008435</SimpleData>
	</SchemaData></ExtendedData>
  </Placemark>
  <Placemark>
	<ExtendedData><SchemaData schemaUrl="#Sheet1">
		<SimpleData name="Capa">Ricaurte/kennedy/velodromo/Molinopamba/QUINTACHICA</SimpleData>
		<SimpleData name="Nombre">SM5012-5</SimpleData>
		<SimpleData name="Latitud">-2.862529</SimpleData>
		<SimpleData name="Longitud">-79.009762</SimpleData>
	</SchemaData></ExtendedData>
  </Placemark>
  <Placemark>
	<ExtendedData><SchemaData schemaUrl="#Sheet1">
		<SimpleData name="Capa">Ricaurte/kennedy/velodromo/Molinopamba/QUINTACHICA</SimpleData>
		<SimpleData name="Nombre">SM5012-6</SimpleData>
		<SimpleData name="Latitud">-2.860598</SimpleData>
		<SimpleData name="Longitud">-79.010376</SimpleData>
	</SchemaData></ExtendedData>
  </Placemark>
  <Placemark>
	<ExtendedData><SchemaData schemaUrl="#Sheet1">
		<SimpleData name="Capa">Ricaurte/kennedy/velodromo/Molinopamba/QUINTACHICA</SimpleData>
		<SimpleData name="Nombre">SM5012-7</SimpleData>
		<SimpleData name="Latitud">-2.860749</SimpleData>
		<SimpleData name="Longitud">-79.011916</SimpleData>
	</SchemaData></ExtendedData>
  </Placemark>
  <Placemark>
	<ExtendedData><SchemaData schemaUrl="#Sheet1">
		<SimpleData name="Capa">Ricaurte/kennedy/velodromo/Molinopamba/QUINTACHICA</SimpleData>
		<SimpleData name="Nombre">SM5012-8</SimpleData>
		<SimpleData name="Latitud">-2.860158</SimpleData>
		<SimpleData name="Longitud">-79.014029</SimpleData>
	</SchemaData></ExtendedData>
  </Placemark>
  <Placemark>
	<ExtendedData><SchemaData schemaUrl="#Sheet1">
		<SimpleData name="Capa">Ricaurte/kennedy/velodromo/Molinopamba/QUINTACHICA</SimpleData>
		<SimpleData name="Nombre">SM5013-1</SimpleData>
		<SimpleData name="Latitud">-2.862205</SimpleData>
		<SimpleData name="Longitud">-79.007208</SimpleData>
	</SchemaData></ExtendedData>
  </Placemark>
  <Placemark>
	<ExtendedData><SchemaData schemaUrl="#Sheet1">
		<SimpleData name="Capa">Ricaurte/kennedy/velodromo/Molinopamba/QUINTACHICA</SimpleData>
		<SimpleData name="Nombre">SM5013-2</SimpleData>
		<SimpleData name="Latitud">-2.861281</SimpleData>
		<SimpleData name="Longitud">-79.007013</SimpleData>
	</SchemaData></ExtendedData>
  </Placemark>
  <Placemark>
	<ExtendedData><SchemaData schemaUrl="#Sheet1">
		<SimpleData name="Capa">Ricaurte/kennedy/velodromo/Molinopamba/QUINTACHICA</SimpleData>
		<SimpleData name="Nombre">SM5013-3</SimpleData>
		<SimpleData name="Latitud">-2.862355</SimpleData>
		<SimpleData name="Longitud">-79.005546</SimpleData>
	</SchemaData></ExtendedData>
  </Placemark>
  <Placemark>
	<ExtendedData><SchemaData schemaUrl="#Sheet1">
		<SimpleData name="Capa">Ricaurte/kennedy/velodromo/Molinopamba/QUINTACHICA</SimpleData>
		<SimpleData name="Nombre">SM5013-4</SimpleData>
		<SimpleData name="Latitud">-2.862362</SimpleData>
		<SimpleData name="Longitud">-79.00316</SimpleData>
	</SchemaData></ExtendedData>
  </Placemark>
  <Placemark>
	<ExtendedData><SchemaData schemaUrl="#Sheet1">
		<SimpleData name="Capa">Ricaurte/kennedy/velodromo/Molinopamba/QUINTACHICA</SimpleData>
		<SimpleData name="Nombre">SM5013-5</SimpleData>
		<SimpleData name="Latitud">-2.863217</SimpleData>
		<SimpleData name="Longitud">-79.004257</SimpleData>
	</SchemaData></ExtendedData>
  </Placemark>
  <Placemark>
	<ExtendedData><SchemaData schemaUrl="#Sheet1">
		<SimpleData name="Capa">Ricaurte/kennedy/velodromo/Molinopamba/QUINTACHICA</SimpleData>
		<SimpleData name="Nombre">SM5013-6</SimpleData>
		<SimpleData name="Latitud">-2.863653</SimpleData>
		<SimpleData name="Longitud">-79.001858</SimpleData>
	</SchemaData></ExtendedData>
  </Placemark>
  <Placemark>
	<ExtendedData><SchemaData schemaUrl="#Sheet1">
		<SimpleData name="Capa">Ricaurte/kennedy/velodromo/Molinopamba/QUINTACHICA</SimpleData>
		<SimpleData name="Nombre">SM5013-7</SimpleData>
		<SimpleData name="Latitud">-2.86135</SimpleData>
		<SimpleData name="Longitud">-79.00596</SimpleData>
	</SchemaData></ExtendedData>
  </Placemark>
  <Placemark>
	<ExtendedData><SchemaData schemaUrl="#Sheet1">
		<SimpleData name="Capa">Ricaurte/kennedy/velodromo/Molinopamba/QUINTACHICA</SimpleData>
		<SimpleData name="Nombre">SM5013-8</SimpleData>
		<SimpleData name="Latitud">-2.859818</SimpleData>
		<SimpleData name="Longitud">-79.005278</SimpleData>
	</SchemaData></ExtendedData>
  </Placemark>
  <Placemark>
	<ExtendedData><SchemaData schemaUrl="#Sheet1">
		<SimpleData name="Capa">Ricaurte/kennedy/velodromo/Molinopamba/QUINTACHICA</SimpleData>
		<SimpleData name="Nombre">SM5014-1</SimpleData>
		<SimpleData name="Latitud">-2.859098</SimpleData>
		<SimpleData name="Longitud">-79.003156</SimpleData>
	</SchemaData></ExtendedData>
  </Placemark>
  <Placemark>
	<ExtendedData><SchemaData schemaUrl="#Sheet1">
		<SimpleData name="Capa">Ricaurte/kennedy/velodromo/Molinopamba/QUINTACHICA</SimpleData>
		<SimpleData name="Nombre">SM5014-2</SimpleData>
		<SimpleData name="Latitud">-2.859298</SimpleData>
		<SimpleData name="Longitud">-79.000753</SimpleData>
	</SchemaData></ExtendedData>
  </Placemark>
  <Placemark>
	<ExtendedData><SchemaData schemaUrl="#Sheet1">
		<SimpleData name="Capa">Ricaurte/kennedy/velodromo/Molinopamba/QUINTACHICA</SimpleData>
		<SimpleData name="Nombre">SM5014-3</SimpleData>
		<SimpleData name="Latitud">-2.857098</SimpleData>
		<SimpleData name="Longitud">-79.001352</SimpleData>
	</SchemaData></ExtendedData>
  </Placemark>
  <Placemark>
	<ExtendedData><SchemaData schemaUrl="#Sheet1">
		<SimpleData name="Capa">Ricaurte/kennedy/velodromo/Molinopamba/QUINTACHICA</SimpleData>
		<SimpleData name="Nombre">SM5014-4</SimpleData>
		<SimpleData name="Latitud">-2.85348</SimpleData>
		<SimpleData name="Longitud">-79.001917</SimpleData>
	</SchemaData></ExtendedData>
  </Placemark>
  <Placemark>
	<ExtendedData><SchemaData schemaUrl="#Sheet1">
		<SimpleData name="Capa">Ricaurte/kennedy/velodromo/Molinopamba/QUINTACHICA</SimpleData>
		<SimpleData name="Nombre">SM5014-5</SimpleData>
		<SimpleData name="Latitud">-2.861188</SimpleData>
		<SimpleData name="Longitud">-78.997573</SimpleData>
	</SchemaData></ExtendedData>
  </Placemark>
  <Placemark>
	<ExtendedData><SchemaData schemaUrl="#Sheet1">
		<SimpleData name="Capa">Ricaurte/kennedy/velodromo/Molinopamba/QUINTACHICA</SimpleData>
		<SimpleData name="Nombre">SM5014-6</SimpleData>
		<SimpleData name="Latitud">-2.858005</SimpleData>
		<SimpleData name="Longitud">-79.0077</SimpleData>
	</SchemaData></ExtendedData>
  </Placemark>
  <Placemark>
	<ExtendedData><SchemaData schemaUrl="#Sheet1">
		<SimpleData name="Capa">Ricaurte/kennedy/velodromo/Molinopamba/QUINTACHICA</SimpleData>
		<SimpleData name="Nombre">SM5014-7</SimpleData>
		<SimpleData name="Latitud">-2.855916</SimpleData>
		<SimpleData name="Longitud">-79.009838</SimpleData>
	</SchemaData></ExtendedData>
  </Placemark>
  <Placemark>
	<ExtendedData><SchemaData schemaUrl="#Sheet1">
		<SimpleData name="Capa">Ricaurte/kennedy/velodromo/Molinopamba/QUINTACHICA</SimpleData>
		<SimpleData name="Nombre">SM5014-8</SimpleData>
		<SimpleData name="Latitud">-2.856477</SimpleData>
		<SimpleData name="Longitud">-79.006568</SimpleData>
	</SchemaData></ExtendedData>
  </Placemark>
  <Placemark>
	<ExtendedData><SchemaData schemaUrl="#Sheet1">
		<SimpleData name="Capa">Ricaurte/kennedy/velodromo/Molinopamba/QUINTACHICA</SimpleData>
		<SimpleData name="Nombre">SM015806-4</SimpleData>
		<SimpleData name="Latitud">-2.867899</SimpleData>
		<SimpleData name="Longitud">-78.915308</SimpleData>
	</SchemaData></ExtendedData>
  </Placemark>
  <Placemark>
	<ExtendedData><SchemaData schemaUrl="#Sheet1">
		<SimpleData name="Capa">Ricaurte/kennedy/velodromo/Molinopamba/QUINTACHICA</SimpleData>
		<SimpleData name="Nombre">SM015806-3</SimpleData>
		<SimpleData name="Latitud">-2.869239</SimpleData>
		<SimpleData name="Longitud">-78.915299</SimpleData>
	</SchemaData></ExtendedData>
  </Placemark>
  <Placemark>
	<ExtendedData><SchemaData schemaUrl="#Sheet1">
		<SimpleData name="Capa">Ricaurte/kennedy/velodromo/Molinopamba/QUINTACHICA</SimpleData>
		<SimpleData name="Nombre">SM015806-2</SimpleData>
		<SimpleData name="Latitud">-2.869915</SimpleData>
		<SimpleData name="Longitud">-78.915674</SimpleData>
	</SchemaData></ExtendedData>
  </Placemark>
  <Placemark>
	<ExtendedData><SchemaData schemaUrl="#Sheet1">
		<SimpleData name="Capa">Ricaurte/kennedy/velodromo/Molinopamba/QUINTACHICA</SimpleData>
		<SimpleData name="Nombre">SM015806-1</SimpleData>
		<SimpleData name="Latitud">-2.871402</SimpleData>
		<SimpleData name="Longitud">-78.912614</SimpleData>
	</SchemaData></ExtendedData>
  </Placemark>
  <Placemark>
	<ExtendedData><SchemaData schemaUrl="#Sheet1">
		<SimpleData name="Capa">Ricaurte/kennedy/velodromo/Molinopamba/QUINTACHICA</SimpleData>
		<SimpleData name="Nombre">SM015806-5</SimpleData>
		<SimpleData name="Latitud">-2.867636</SimpleData>
		<SimpleData name="Longitud">-78.913776</SimpleData>
	</SchemaData></ExtendedData>
  </Placemark>
  <Placemark>
	<ExtendedData><SchemaData schemaUrl="#Sheet1">
		<SimpleData name="Capa">Ricaurte/kennedy/velodromo/Molinopamba/QUINTACHICA</SimpleData>
		<SimpleData name="Nombre">SM0817-1</SimpleData>
		<SimpleData name="Latitud">-2.844363</SimpleData>
		<SimpleData name="Longitud">-78.925555</SimpleData>
	</SchemaData></ExtendedData>
  </Placemark>
  <Placemark>
	<ExtendedData><SchemaData schemaUrl="#Sheet1">
		<SimpleData name="Capa">Ricaurte/kennedy/velodromo/Molinopamba/QUINTACHICA</SimpleData>
		<SimpleData name="Nombre">SM0817-2</SimpleData>
		<SimpleData name="Latitud">-2.847026</SimpleData>
		<SimpleData name="Longitud">-78.924301</SimpleData>
	</SchemaData></ExtendedData>
  </Placemark>
  <Placemark>
	<ExtendedData><SchemaData schemaUrl="#Sheet1">
		<SimpleData name="Capa">Ricaurte/kennedy/velodromo/Molinopamba/QUINTACHICA</SimpleData>
		<SimpleData name="Nombre">SM0817-3</SimpleData>
		<SimpleData name="Latitud">-2.848417</SimpleData>
		<SimpleData name="Longitud">-78.922884</SimpleData>
	</SchemaData></ExtendedData>
  </Placemark>
  <Placemark>
	<ExtendedData><SchemaData schemaUrl="#Sheet1">
		<SimpleData name="Capa">Ricaurte/kennedy/velodromo/Molinopamba/QUINTACHICA</SimpleData>
		<SimpleData name="Nombre">SM0817-4</SimpleData>
		<SimpleData name="Latitud">-2.843604</SimpleData>
		<SimpleData name="Longitud">-78.928558</SimpleData>
	</SchemaData></ExtendedData>
  </Placemark>
  <Placemark>
	<ExtendedData><SchemaData schemaUrl="#Sheet1">
		<SimpleData name="Capa">Ricaurte/kennedy/velodromo/Molinopamba/QUINTACHICA</SimpleData>
		<SimpleData name="Nombre">SM0817-5</SimpleData>
		<SimpleData name="Latitud">-2.851254</SimpleData>
		<SimpleData name="Longitud">-78.923009</SimpleData>
	</SchemaData></ExtendedData>
  </Placemark>
  <Placemark>
	<ExtendedData><SchemaData schemaUrl="#Sheet1">
		<SimpleData name="Capa">Ricaurte/kennedy/velodromo/Molinopamba/QUINTACHICA</SimpleData>
		<SimpleData name="Nombre">SM0817-6</SimpleData>
		<SimpleData name="Latitud">-2.850823</SimpleData>
		<SimpleData name="Longitud">-78.924996</SimpleData>
	</SchemaData></ExtendedData>
  </Placemark>
  <Placemark>
	<ExtendedData><SchemaData schemaUrl="#Sheet1">
		<SimpleData name="Capa">Ricaurte/kennedy/velodromo/Molinopamba/QUINTACHICA</SimpleData>
		<SimpleData name="Nombre">SM015809-4</SimpleData>
		<SimpleData name="Latitud">-2.868356</SimpleData>
		<SimpleData name="Longitud">-78.903523</SimpleData>
	</SchemaData></ExtendedData>
  </Placemark>
  <Placemark>
	<ExtendedData><SchemaData schemaUrl="#Sheet1">
		<SimpleData name="Capa">Ricaurte/kennedy/velodromo/Molinopamba/QUINTACHICA</SimpleData>
		<SimpleData name="Nombre">SM015809-3</SimpleData>
		<SimpleData name="Latitud">-2.866222</SimpleData>
		<SimpleData name="Longitud">-78.903157</SimpleData>
	</SchemaData></ExtendedData>
  </Placemark>
  <Placemark>
	<ExtendedData><SchemaData schemaUrl="#Sheet1">
		<SimpleData name="Capa">Ricaurte/kennedy/velodromo/Molinopamba/QUINTACHICA</SimpleData>
		<SimpleData name="Nombre">SM015809-2</SimpleData>
		<SimpleData name="Latitud">-2.866271</SimpleData>
		<SimpleData name="Longitud">-78.904729</SimpleData>
	</SchemaData></ExtendedData>
  </Placemark>
  <Placemark>
	<ExtendedData><SchemaData schemaUrl="#Sheet1">
		<SimpleData name="Capa">Ricaurte/kennedy/velodromo/Molinopamba/QUINTACHICA</SimpleData>
		<SimpleData name="Nombre">SM015809-1</SimpleData>
		<SimpleData name="Latitud">-2.865078</SimpleData>
		<SimpleData name="Longitud">-78.906427</SimpleData>
	</SchemaData></ExtendedData>
  </Placemark>
  <Placemark>
	<ExtendedData><SchemaData schemaUrl="#Sheet1">
		<SimpleData name="Capa">Ricaurte/kennedy/velodromo/Molinopamba/QUINTACHICA</SimpleData>
		<SimpleData name="Nombre">SM015809-5</SimpleData>
		<SimpleData name="Latitud">-2.869772</SimpleData>
		<SimpleData name="Longitud">-78.911022</SimpleData>
	</SchemaData></ExtendedData>
  </Placemark>
  <Placemark>
	<ExtendedData><SchemaData schemaUrl="#Sheet1">
		<SimpleData name="Capa">Ricaurte/kennedy/velodromo/Molinopamba/QUINTACHICA</SimpleData>
		<SimpleData name="Nombre">SM0813-2</SimpleData>
		<SimpleData name="Latitud">-2.845653</SimpleData>
		<SimpleData name="Longitud">-78.934072</SimpleData>
	</SchemaData></ExtendedData>
  </Placemark>
  <Placemark>
	<ExtendedData><SchemaData schemaUrl="#Sheet1">
		<SimpleData name="Capa">Ricaurte/kennedy/velodromo/Molinopamba/QUINTACHICA</SimpleData>
		<SimpleData name="Nombre">SM0813-1</SimpleData>
		<SimpleData name="Latitud">-2.853158</SimpleData>
		<SimpleData name="Longitud">-78.930817</SimpleData>
	</SchemaData></ExtendedData>
  </Placemark>
  <Placemark>
	<ExtendedData><SchemaData schemaUrl="#Sheet1">
		<SimpleData name="Capa">Ricaurte/kennedy/velodromo/Molinopamba/QUINTACHICA</SimpleData>
		<SimpleData name="Nombre">SM015807-2</SimpleData>
		<SimpleData name="Latitud">-2.851585</SimpleData>
		<SimpleData name="Longitud">-78.89759</SimpleData>
	</SchemaData></ExtendedData>
  </Placemark>
  <Placemark>
	<ExtendedData><SchemaData schemaUrl="#Sheet1">
		<SimpleData name="Capa">Ricaurte/kennedy/velodromo/Molinopamba/QUINTACHICA</SimpleData>
		<SimpleData name="Nombre">SM01507-1</SimpleData>
		<SimpleData name="Latitud">-2.853014</SimpleData>
		<SimpleData name="Longitud">-78.894598</SimpleData>
	</SchemaData></ExtendedData>
  </Placemark>
  <Placemark>
	<ExtendedData><SchemaData schemaUrl="#Sheet1">
		<SimpleData name="Capa">Ricaurte/kennedy/velodromo/Molinopamba/QUINTACHICA</SimpleData>
		<SimpleData name="Nombre">SM0817-7</SimpleData>
		<SimpleData name="Latitud">-2.855392</SimpleData>
		<SimpleData name="Longitud">-78.928575</SimpleData>
	</SchemaData></ExtendedData>
  </Placemark>
  <Placemark>
	<ExtendedData><SchemaData schemaUrl="#Sheet1">
		<SimpleData name="Capa">Ricaurte/kennedy/velodromo/Molinopamba/QUINTACHICA</SimpleData>
		<SimpleData name="Nombre">SM6006-1</SimpleData>
		<SimpleData name="Latitud">-2.88954</SimpleData>
		<SimpleData name="Longitud">-78.954799</SimpleData>
	</SchemaData></ExtendedData>
  </Placemark>
  <Placemark>
	<ExtendedData><SchemaData schemaUrl="#Sheet1">
		<SimpleData name="Capa">Ricaurte/kennedy/velodromo/Molinopamba/QUINTACHICA</SimpleData>
		<SimpleData name="Nombre">SM0818-2</SimpleData>
		<SimpleData name="Latitud">-2.859827</SimpleData>
		<SimpleData name="Longitud">-78.935126</SimpleData>
	</SchemaData></ExtendedData>
  </Placemark>
  <Placemark>
	<ExtendedData><SchemaData schemaUrl="#Sheet1">
		<SimpleData name="Capa">Ricaurte/kennedy/velodromo/Molinopamba/QUINTACHICA</SimpleData>
		<SimpleData name="Nombre">SM0813-1</SimpleData>
		<SimpleData name="Latitud">-2.851921</SimpleData>
		<SimpleData name="Longitud">-78.932422</SimpleData>
	</SchemaData></ExtendedData>
  </Placemark>
  <Placemark>
	<ExtendedData><SchemaData schemaUrl="#Sheet1">
		<SimpleData name="Capa">Ricaurte/kennedy/velodromo/Molinopamba/QUINTACHICA</SimpleData>
		<SimpleData name="Nombre">SM015809-6</SimpleData>
		<SimpleData name="Latitud">-2.873357</SimpleData>
		<SimpleData name="Longitud">-78.914588</SimpleData>
	</SchemaData></ExtendedData>
  </Placemark>
  <Placemark>
	<ExtendedData><SchemaData schemaUrl="#Sheet1">
		<SimpleData name="Capa">Ricaurte/kennedy/velodromo/Molinopamba/QUINTACHICA</SimpleData>
		<SimpleData name="Nombre">SM5424-6</SimpleData>
		<SimpleData name="Latitud">-2.846028</SimpleData>
		<SimpleData name="Longitud">-78.982546</SimpleData>
	</SchemaData></ExtendedData>
  </Placemark>
  <Placemark>
	<ExtendedData><SchemaData schemaUrl="#Sheet1">
		<SimpleData name="Capa">Ricaurte/kennedy/velodromo/Molinopamba/QUINTACHICA</SimpleData>
		<SimpleData name="Nombre">SM5424-1</SimpleData>
		<SimpleData name="Latitud">-2.845241</SimpleData>
		<SimpleData name="Longitud">-78.983946</SimpleData>
	</SchemaData></ExtendedData>
  </Placemark>
  <Placemark>
	<ExtendedData><SchemaData schemaUrl="#Sheet1">
		<SimpleData name="Capa">Ricaurte/kennedy/velodromo/Molinopamba/QUINTACHICA</SimpleData>
		<SimpleData name="Nombre">SM5424-2</SimpleData>
		<SimpleData name="Latitud">-2.844838</SimpleData>
		<SimpleData name="Longitud">-78.984069</SimpleData>
	</SchemaData></ExtendedData>
  </Placemark>
  <Placemark>
	<ExtendedData><SchemaData schemaUrl="#Sheet1">
		<SimpleData name="Capa">Ricaurte/kennedy/velodromo/Molinopamba/QUINTACHICA</SimpleData>
		<SimpleData name="Nombre">SM5424-3</SimpleData>
		<SimpleData name="Latitud">-2.844638</SimpleData>
		<SimpleData name="Longitud">-78.98413</SimpleData>
	</SchemaData></ExtendedData>
  </Placemark>
  <Placemark>
	<ExtendedData><SchemaData schemaUrl="#Sheet1">
		<SimpleData name="Capa">Ricaurte/kennedy/velodromo/Molinopamba/QUINTACHICA</SimpleData>
		<SimpleData name="Nombre">SM5424-4</SimpleData>
		<SimpleData name="Latitud">-2.846358</SimpleData>
		<SimpleData name="Longitud">-78.9844</SimpleData>
	</SchemaData></ExtendedData>
  </Placemark>
  <Placemark>
	<ExtendedData><SchemaData schemaUrl="#Sheet1">
		<SimpleData name="Capa">Ricaurte/kennedy/velodromo/Molinopamba/QUINTACHICA</SimpleData>
		<SimpleData name="Nombre">SM5424-5</SimpleData>
		<SimpleData name="Latitud">-2.847003</SimpleData>
		<SimpleData name="Longitud">-78.984433</SimpleData>
	</SchemaData></ExtendedData>
  </Placemark>
  <Placemark>
	<ExtendedData><SchemaData schemaUrl="#Sheet1">
		<SimpleData name="Capa">Ricaurte/kennedy/velodromo/Molinopamba/QUINTACHICA</SimpleData>
		<SimpleData name="Nombre">SM6006-3</SimpleData>
		<SimpleData name="Latitud">-2.890291</SimpleData>
		<SimpleData name="Longitud">-78.951246</SimpleData>
	</SchemaData></ExtendedData>
  </Placemark>
  <Placemark>
	<ExtendedData><SchemaData schemaUrl="#Sheet1">
		<SimpleData name="Capa">Ricaurte/kennedy/velodromo/Molinopamba/QUINTACHICA</SimpleData>
		<SimpleData name="Nombre">SM0819-5</SimpleData>
		<SimpleData name="Latitud">-2.8470011</SimpleData>
		<SimpleData name="Longitud">-78.9090144</SimpleData>
	</SchemaData></ExtendedData>
  </Placemark>
  <Placemark>
	<ExtendedData><SchemaData schemaUrl="#Sheet1">
		<SimpleData name="Capa">Ricaurte/kennedy/velodromo/Molinopamba/QUINTACHICA</SimpleData>
		<SimpleData name="Nombre">SM5203-3</SimpleData>
		<SimpleData name="Latitud">-2.886082</SimpleData>
		<SimpleData name="Longitud">-78.963924</SimpleData>
	</SchemaData></ExtendedData>
  </Placemark>
  <Placemark>
	<ExtendedData><SchemaData schemaUrl="#Sheet1">
		<SimpleData name="Capa">Ricaurte/kennedy/velodromo/Molinopamba/QUINTACHICA</SimpleData>
		<SimpleData name="Nombre">SM5203-2</SimpleData>
		<SimpleData name="Latitud">-2.886636</SimpleData>
		<SimpleData name="Longitud">-78.962779</SimpleData>
	</SchemaData></ExtendedData>
  </Placemark>
  <Placemark>
	<ExtendedData><SchemaData schemaUrl="#Sheet1">
		<SimpleData name="Capa">Ricaurte/kennedy/velodromo/Molinopamba/QUINTACHICA</SimpleData>
		<SimpleData name="Nombre">SM5203-1</SimpleData>
		<SimpleData name="Latitud">-2.885908</SimpleData>
		<SimpleData name="Longitud">-78.962815</SimpleData>
	</SchemaData></ExtendedData>
  </Placemark>
  <Placemark>
	<ExtendedData><SchemaData schemaUrl="#Sheet1">
		<SimpleData name="Capa">Ricaurte/kennedy/velodromo/Molinopamba/QUINTACHICA</SimpleData>
		<SimpleData name="Nombre">SM5203-4</SimpleData>
		<SimpleData name="Latitud">-2.886755</SimpleData>
		<SimpleData name="Longitud">-78.962197</SimpleData>
	</SchemaData></ExtendedData>
  </Placemark>
  <Placemark>
	<ExtendedData><SchemaData schemaUrl="#Sheet1">
		<SimpleData name="Capa">Ricaurte/kennedy/velodromo/Molinopamba/QUINTACHICA</SimpleData>
		<SimpleData name="Nombre">SM5203-5</SimpleData>
		<SimpleData name="Latitud">-2.886648</SimpleData>
		<SimpleData name="Longitud">-78.96131</SimpleData>
	</SchemaData></ExtendedData>
  </Placemark>
  <Placemark>
	<ExtendedData><SchemaData schemaUrl="#Sheet1">
		<SimpleData name="Capa">Ricaurte/kennedy/velodromo/Molinopamba/QUINTACHICA</SimpleData>
		<SimpleData name="Nombre">SM5203-6</SimpleData>
		<SimpleData name="Latitud">-2.885937</SimpleData>
		<SimpleData name="Longitud">-78.961173</SimpleData>
	</SchemaData></ExtendedData>
  </Placemark>
  <Placemark>
	<ExtendedData><SchemaData schemaUrl="#Sheet1">
		<SimpleData name="Capa">Ricaurte/kennedy/velodromo/Molinopamba/QUINTACHICA</SimpleData>
		<SimpleData name="Nombre">SM5203-7</SimpleData>
		<SimpleData name="Latitud">-2.886049</SimpleData>
		<SimpleData name="Longitud">-78.960408</SimpleData>
	</SchemaData></ExtendedData>
  </Placemark>
  <Placemark>
	<ExtendedData><SchemaData schemaUrl="#Sheet1">
		<SimpleData name="Capa">Ricaurte/kennedy/velodromo/Molinopamba/QUINTACHICA</SimpleData>
		<SimpleData name="Nombre">SM5203-8</SimpleData>
		<SimpleData name="Latitud">-2.886891</SimpleData>
		<SimpleData name="Longitud">-78.959888</SimpleData>
	</SchemaData></ExtendedData>
  </Placemark>
  <Placemark>
	<ExtendedData><SchemaData schemaUrl="#Sheet1">
		<SimpleData name="Capa">Ricaurte/kennedy/velodromo/Molinopamba/QUINTACHICA</SimpleData>
		<SimpleData name="Nombre">SM5206-1</SimpleData>
		<SimpleData name="Latitud">-2.884169</SimpleData>
		<SimpleData name="Longitud">-78.968597</SimpleData>
	</SchemaData></ExtendedData>
  </Placemark>
  <Placemark>
	<ExtendedData><SchemaData schemaUrl="#Sheet1">
		<SimpleData name="Capa">Ricaurte/kennedy/velodromo/Molinopamba/QUINTACHICA</SimpleData>
		<SimpleData name="Nombre">SM5206-2</SimpleData>
		<SimpleData name="Latitud">-2.884861</SimpleData>
		<SimpleData name="Longitud">-78.968404</SimpleData>
	</SchemaData></ExtendedData>
  </Placemark>
  <Placemark>
	<ExtendedData><SchemaData schemaUrl="#Sheet1">
		<SimpleData name="Capa">Ricaurte/kennedy/velodromo/Molinopamba/QUINTACHICA</SimpleData>
		<SimpleData name="Nombre">SM5206-3</SimpleData>
		<SimpleData name="Latitud">-2.885276</SimpleData>
		<SimpleData name="Longitud">-78.968217</SimpleData>
	</SchemaData></ExtendedData>
  </Placemark>
  <Placemark>
	<ExtendedData><SchemaData schemaUrl="#Sheet1">
		<SimpleData name="Capa">Ricaurte/kennedy/velodromo/Molinopamba/QUINTACHICA</SimpleData>
		<SimpleData name="Nombre">SM5206-4</SimpleData>
		<SimpleData name="Latitud">-2.885732</SimpleData>
		<SimpleData name="Longitud">-78.968586</SimpleData>
	</SchemaData></ExtendedData>
  </Placemark>
  <Placemark>
	<ExtendedData><SchemaData schemaUrl="#Sheet1">
		<SimpleData name="Capa">Ricaurte/kennedy/velodromo/Molinopamba/QUINTACHICA</SimpleData>
		<SimpleData name="Nombre">SM5206-5</SimpleData>
		<SimpleData name="Latitud">-2.883957</SimpleData>
		<SimpleData name="Longitud">-78.969679</SimpleData>
	</SchemaData></ExtendedData>
  </Placemark>
  <Placemark>
	<ExtendedData><SchemaData schemaUrl="#Sheet1">
		<SimpleData name="Capa">Ricaurte/kennedy/velodromo/Molinopamba/QUINTACHICA</SimpleData>
		<SimpleData name="Nombre">SM5206-6</SimpleData>
		<SimpleData name="Latitud">-2.884545</SimpleData>
		<SimpleData name="Longitud">-78.969823</SimpleData>
	</SchemaData></ExtendedData>
  </Placemark>
  <Placemark>
	<ExtendedData><SchemaData schemaUrl="#Sheet1">
		<SimpleData name="Capa">Ricaurte/kennedy/velodromo/Molinopamba/QUINTACHICA</SimpleData>
		<SimpleData name="Nombre">SM5206-7</SimpleData>
		<SimpleData name="Latitud">-2.884915</SimpleData>
		<SimpleData name="Longitud">-78.969674</SimpleData>
	</SchemaData></ExtendedData>
  </Placemark>
  <Placemark>
	<ExtendedData><SchemaData schemaUrl="#Sheet1">
		<SimpleData name="Capa">Ricaurte/kennedy/velodromo/Molinopamba/QUINTACHICA</SimpleData>
		<SimpleData name="Nombre">SM5206-8</SimpleData>
		<SimpleData name="Latitud">-2.884754</SimpleData>
		<SimpleData name="Longitud">-78.969126</SimpleData>
	</SchemaData></ExtendedData>
  </Placemark>
  <Placemark>
	<ExtendedData><SchemaData schemaUrl="#Sheet1">
		<SimpleData name="Capa">Ricaurte/kennedy/velodromo/Molinopamba/QUINTACHICA</SimpleData>
		<SimpleData name="Nombre">SM5205-1</SimpleData>
		<SimpleData name="Latitud">-2.884211</SimpleData>
		<SimpleData name="Longitud">-78.967833</SimpleData>
	</SchemaData></ExtendedData>
  </Placemark>
  <Placemark>
	<ExtendedData><SchemaData schemaUrl="#Sheet1">
		<SimpleData name="Capa">Ricaurte/kennedy/velodromo/Molinopamba/QUINTACHICA</SimpleData>
		<SimpleData name="Nombre">SM5205-3</SimpleData>
		<SimpleData name="Latitud">-2.885041</SimpleData>
		<SimpleData name="Longitud">-78.967698</SimpleData>
	</SchemaData></ExtendedData>
  </Placemark>
  <Placemark>
	<ExtendedData><SchemaData schemaUrl="#Sheet1">
		<SimpleData name="Capa">Ricaurte/kennedy/velodromo/Molinopamba/QUINTACHICA</SimpleData>
		<SimpleData name="Nombre">SM5205-4</SimpleData>
		<SimpleData name="Latitud">-2.885857</SimpleData>
		<SimpleData name="Longitud">-78.967787</SimpleData>
	</SchemaData></ExtendedData>
  </Placemark>
  <Placemark>
	<ExtendedData><SchemaData schemaUrl="#Sheet1">
		<SimpleData name="Capa">Ricaurte/kennedy/velodromo/Molinopamba/QUINTACHICA</SimpleData>
		<SimpleData name="Nombre">SM5205-2</SimpleData>
		<SimpleData name="Latitud">-2.884072</SimpleData>
		<SimpleData name="Longitud">-78.967208</SimpleData>
	</SchemaData></ExtendedData>
  </Placemark>
  <Placemark>
	<ExtendedData><SchemaData schemaUrl="#Sheet1">
		<SimpleData name="Capa">Ricaurte/kennedy/velodromo/Molinopamba/QUINTACHICA</SimpleData>
		<SimpleData name="Nombre">SM5205-5</SimpleData>
		<SimpleData name="Latitud">-2.885088</SimpleData>
		<SimpleData name="Longitud">-78.967075</SimpleData>
	</SchemaData></ExtendedData>
  </Placemark>
  <Placemark>
	<ExtendedData><SchemaData schemaUrl="#Sheet1">
		<SimpleData name="Capa">Ricaurte/kennedy/velodromo/Molinopamba/QUINTACHICA</SimpleData>
		<SimpleData name="Nombre">SM5205-6</SimpleData>
		<SimpleData name="Latitud">-2.886316</SimpleData>
		<SimpleData name="Longitud">-78.96683</SimpleData>
	</SchemaData></ExtendedData>
  </Placemark>
  <Placemark>
	<ExtendedData><SchemaData schemaUrl="#Sheet1">
		<SimpleData name="Capa">Ricaurte/kennedy/velodromo/Molinopamba/QUINTACHICA</SimpleData>
		<SimpleData name="Nombre">SM5205-7</SimpleData>
		<SimpleData name="Latitud">-2.887306</SimpleData>
		<SimpleData name="Longitud">-78.966211</SimpleData>
	</SchemaData></ExtendedData>
  </Placemark>
  <Placemark>
	<ExtendedData><SchemaData schemaUrl="#Sheet1">
		<SimpleData name="Capa">Ricaurte/kennedy/velodromo/Molinopamba/QUINTACHICA</SimpleData>
		<SimpleData name="Nombre">SM5204-5</SimpleData>
		<SimpleData name="Latitud">-2.88648</SimpleData>
		<SimpleData name="Longitud">-78.965333</SimpleData>
	</SchemaData></ExtendedData>
  </Placemark>
  <Placemark>
	<ExtendedData><SchemaData schemaUrl="#Sheet1">
		<SimpleData name="Capa">Ricaurte/kennedy/velodromo/Molinopamba/QUINTACHICA</SimpleData>
		<SimpleData name="Nombre">SM5204-4</SimpleData>
		<SimpleData name="Latitud">-2.884708</SimpleData>
		<SimpleData name="Longitud">-78.965577</SimpleData>
	</SchemaData></ExtendedData>
  </Placemark>
  <Placemark>
	<ExtendedData><SchemaData schemaUrl="#Sheet1">
		<SimpleData name="Capa">Ricaurte/kennedy/velodromo/Molinopamba/QUINTACHICA</SimpleData>
		<SimpleData name="Nombre">SM5204-1</SimpleData>
		<SimpleData name="Latitud">-2.883731</SimpleData>
		<SimpleData name="Longitud">-78.966562</SimpleData>
	</SchemaData></ExtendedData>
  </Placemark>
  <Placemark>
	<ExtendedData><SchemaData schemaUrl="#Sheet1">
		<SimpleData name="Capa">Ricaurte/kennedy/velodromo/Molinopamba/QUINTACHICA</SimpleData>
		<SimpleData name="Nombre">SM5204-2</SimpleData>
		<SimpleData name="Latitud">-2.885212</SimpleData>
		<SimpleData name="Longitud">-78.96645</SimpleData>
	</SchemaData></ExtendedData>
  </Placemark>
  <Placemark>
	<ExtendedData><SchemaData schemaUrl="#Sheet1">
		<SimpleData name="Capa">Ricaurte/kennedy/velodromo/Molinopamba/QUINTACHICA</SimpleData>
		<SimpleData name="Nombre">SM5204-3</SimpleData>
		<SimpleData name="Latitud">-2.886279</SimpleData>
		<SimpleData name="Longitud">-78.966314</SimpleData>
	</SchemaData></ExtendedData>
  </Placemark>
  <Placemark>
	<ExtendedData><SchemaData schemaUrl="#Sheet1">
		<SimpleData name="Capa">Ricaurte/kennedy/velodromo/Molinopamba/QUINTACHICA</SimpleData>
		<SimpleData name="Nombre">SM5201-1</SimpleData>
		<SimpleData name="Latitud">-2.888763</SimpleData>
		<SimpleData name="Longitud">-78.963143</SimpleData>
	</SchemaData></ExtendedData>
  </Placemark>
  <Placemark>
	<ExtendedData><SchemaData schemaUrl="#Sheet1">
		<SimpleData name="Capa">Ricaurte/kennedy/velodromo/Molinopamba/QUINTACHICA</SimpleData>
		<SimpleData name="Nombre">SM5201-2</SimpleData>
		<SimpleData name="Latitud">-2.88864</SimpleData>
		<SimpleData name="Longitud">-78.964478</SimpleData>
	</SchemaData></ExtendedData>
  </Placemark>
  <Placemark>
	<ExtendedData><SchemaData schemaUrl="#Sheet1">
		<SimpleData name="Capa">Ricaurte/kennedy/velodromo/Molinopamba/QUINTACHICA</SimpleData>
		<SimpleData name="Nombre">SM5201-3</SimpleData>
		<SimpleData name="Latitud">-2.887933</SimpleData>
		<SimpleData name="Longitud">-78.962031</SimpleData>
	</SchemaData></ExtendedData>
  </Placemark>
  <Placemark>
	<ExtendedData><SchemaData schemaUrl="#Sheet1">
		<SimpleData name="Capa">Ricaurte/kennedy/velodromo/Molinopamba/QUINTACHICA</SimpleData>
		<SimpleData name="Nombre">SM5201-4</SimpleData>
		<SimpleData name="Latitud">-2.887532</SimpleData>
		<SimpleData name="Longitud">-78.96149</SimpleData>
	</SchemaData></ExtendedData>
  </Placemark>
  <Placemark>
	<ExtendedData><SchemaData schemaUrl="#Sheet1">
		<SimpleData name="Capa">Ricaurte/kennedy/velodromo/Molinopamba/QUINTACHICA</SimpleData>
		<SimpleData name="Nombre">SM5201-5</SimpleData>
		<SimpleData name="Latitud">-2.888644</SimpleData>
		<SimpleData name="Longitud">-78.962299</SimpleData>
	</SchemaData></ExtendedData>
  </Placemark>
  <Placemark>
	<ExtendedData><SchemaData schemaUrl="#Sheet1">
		<SimpleData name="Capa">Ricaurte/kennedy/velodromo/Molinopamba/QUINTACHICA</SimpleData>
		<SimpleData name="Nombre">SM5201-6</SimpleData>
		<SimpleData name="Latitud">-2.887589</SimpleData>
		<SimpleData name="Longitud">-78.960962</SimpleData>
	</SchemaData></ExtendedData>
  </Placemark>
  <Placemark>
	<ExtendedData><SchemaData schemaUrl="#Sheet1">
		<SimpleData name="Capa">Ricaurte/kennedy/velodromo/Molinopamba/QUINTACHICA</SimpleData>
		<SimpleData name="Nombre">SM5202-1</SimpleData>
		<SimpleData name="Latitud">-2.887013</SimpleData>
		<SimpleData name="Longitud">-78.962701</SimpleData>
	</SchemaData></ExtendedData>
  </Placemark>
  <Placemark>
	<ExtendedData><SchemaData schemaUrl="#Sheet1">
		<SimpleData name="Capa">Ricaurte/kennedy/velodromo/Molinopamba/QUINTACHICA</SimpleData>
		<SimpleData name="Nombre">SM5202-2</SimpleData>
		<SimpleData name="Latitud">-2.887146</SimpleData>
		<SimpleData name="Longitud">-78.963571</SimpleData>
	</SchemaData></ExtendedData>
  </Placemark>
  <Placemark>
	<ExtendedData><SchemaData schemaUrl="#Sheet1">
		<SimpleData name="Capa">Ricaurte/kennedy/velodromo/Molinopamba/QUINTACHICA</SimpleData>
		<SimpleData name="Nombre">SM5202-3</SimpleData>
		<SimpleData name="Latitud">-2.886895</SimpleData>
		<SimpleData name="Longitud">-78.964941</SimpleData>
	</SchemaData></ExtendedData>
  </Placemark>
  <Placemark>
	<ExtendedData><SchemaData schemaUrl="#Sheet1">
		<SimpleData name="Capa">Ricaurte/kennedy/velodromo/Molinopamba/QUINTACHICA</SimpleData>
		<SimpleData name="Nombre">SM5202-4</SimpleData>
		<SimpleData name="Latitud">-2.887956</SimpleData>
		<SimpleData name="Longitud">-78.963979</SimpleData>
	</SchemaData></ExtendedData>
  </Placemark>
  <Placemark>
	<ExtendedData><SchemaData schemaUrl="#Sheet1">
		<SimpleData name="Capa">Ricaurte/kennedy/velodromo/Molinopamba/QUINTACHICA</SimpleData>
		<SimpleData name="Nombre">SM5202-5</SimpleData>
		<SimpleData name="Latitud">-2.887889</SimpleData>
		<SimpleData name="Longitud">-78.965309</SimpleData>
	</SchemaData></ExtendedData>
  </Placemark>
  <Placemark>
	<ExtendedData><SchemaData schemaUrl="#Sheet1">
		<SimpleData name="Capa">Ricaurte/kennedy/velodromo/Molinopamba/QUINTACHICA</SimpleData>
		<SimpleData name="Nombre">SM5202.6</SimpleData>
		<SimpleData name="Latitud">-2.887489</SimpleData>
		<SimpleData name="Longitud">-78.966867</SimpleData>
	</SchemaData></ExtendedData>
  </Placemark>
  <Placemark>
	<ExtendedData><SchemaData schemaUrl="#Sheet1">
		<SimpleData name="Capa">Ricaurte/kennedy/velodromo/Molinopamba/QUINTACHICA</SimpleData>
		<SimpleData name="Nombre">SM0802-2</SimpleData>
		<SimpleData name="Latitud">-2.880262</SimpleData>
		<SimpleData name="Longitud">-78.965208</SimpleData>
	</SchemaData></ExtendedData>
  </Placemark>
  <Placemark>
	<ExtendedData><SchemaData schemaUrl="#Sheet1">
		<SimpleData name="Capa">Ricaurte/kennedy/velodromo/Molinopamba/QUINTACHICA</SimpleData>
		<SimpleData name="Nombre">SM0802-1</SimpleData>
		<SimpleData name="Latitud">-2.878206</SimpleData>
		<SimpleData name="Longitud">-78.962351</SimpleData>
	</SchemaData></ExtendedData>
  </Placemark>
  <Placemark>
	<ExtendedData><SchemaData schemaUrl="#Sheet1">
		<SimpleData name="Capa">Ricaurte/kennedy/velodromo/Molinopamba/QUINTACHICA</SimpleData>
		<SimpleData name="Nombre">SM0801-5</SimpleData>
		<SimpleData name="Latitud">-2.881272</SimpleData>
		<SimpleData name="Longitud">-78.964802</SimpleData>
	</SchemaData></ExtendedData>
  </Placemark>
  <Placemark>
	<ExtendedData><SchemaData schemaUrl="#Sheet1">
		<SimpleData name="Capa">Ricaurte/kennedy/velodromo/Molinopamba/QUINTACHICA</SimpleData>
		<SimpleData name="Nombre">SM0801-1</SimpleData>
		<SimpleData name="Latitud">-2.882072</SimpleData>
		<SimpleData name="Longitud">-78.962254</SimpleData>
	</SchemaData></ExtendedData>
  </Placemark>
  <Placemark>
	<ExtendedData><SchemaData schemaUrl="#Sheet1">
		<SimpleData name="Capa">Ricaurte/kennedy/velodromo/Molinopamba/QUINTACHICA</SimpleData>
		<SimpleData name="Nombre">SM0801-3</SimpleData>
		<SimpleData name="Latitud">-2.881138</SimpleData>
		<SimpleData name="Longitud">-78.963105</SimpleData>
	</SchemaData></ExtendedData>
  </Placemark>
  <Placemark>
	<ExtendedData><SchemaData schemaUrl="#Sheet1">
		<SimpleData name="Capa">Ricaurte/kennedy/velodromo/Molinopamba/QUINTACHICA</SimpleData>
		<SimpleData name="Nombre">SM0801-2</SimpleData>
		<SimpleData name="Latitud">-2.881377</SimpleData>
		<SimpleData name="Longitud">-78.961864</SimpleData>
	</SchemaData></ExtendedData>
  </Placemark>
  <Placemark>
	<ExtendedData><SchemaData schemaUrl="#Sheet1">
		<SimpleData name="Capa">Ricaurte/kennedy/velodromo/Molinopamba/QUINTACHICA</SimpleData>
		<SimpleData name="Nombre">SM0801-4</SimpleData>
		<SimpleData name="Latitud">-2.881607</SimpleData>
		<SimpleData name="Longitud">-78.96391</SimpleData>
	</SchemaData></ExtendedData>
  </Placemark>
  <Placemark>
	<ExtendedData><SchemaData schemaUrl="#Sheet1">
		<SimpleData name="Capa">Ricaurte/kennedy/velodromo/Molinopamba/QUINTACHICA</SimpleData>
		<SimpleData name="Nombre">SM0801-1</SimpleData>
		<SimpleData name="Latitud">-2.881656</SimpleData>
		<SimpleData name="Longitud">-78.963822</SimpleData>
	</SchemaData></ExtendedData>
  </Placemark>
  <Placemark>
	<ExtendedData><SchemaData schemaUrl="#Sheet1">
		<SimpleData name="Capa">Ricaurte/kennedy/velodromo/Molinopamba/QUINTACHICA</SimpleData>
		<SimpleData name="Nombre">SM0801-5</SimpleData>
		<SimpleData name="Latitud">-2.881313</SimpleData>
		<SimpleData name="Longitud">-78.964749</SimpleData>
	</SchemaData></ExtendedData>
  </Placemark>
  <Placemark>
	<ExtendedData><SchemaData schemaUrl="#Sheet1">
		<SimpleData name="Capa">Ricaurte/kennedy/velodromo/Molinopamba/QUINTACHICA</SimpleData>
		<SimpleData name="Nombre">SM0801-4</SimpleData>
		<SimpleData name="Latitud">-2.88214</SimpleData>
		<SimpleData name="Longitud">-78.962227</SimpleData>
	</SchemaData></ExtendedData>
  </Placemark>
  <Placemark>
	<ExtendedData><SchemaData schemaUrl="#Sheet1">
		<SimpleData name="Capa">Ricaurte/kennedy/velodromo/Molinopamba/QUINTACHICA</SimpleData>
		<SimpleData name="Nombre">CAJA DEPARTAMENTOS</SimpleData>
		<SimpleData name="Latitud">-2.880557</SimpleData>
		<SimpleData name="Longitud">-78.964098</SimpleData>
	</SchemaData></ExtendedData>
  </Placemark>
  <Placemark>
	<ExtendedData><SchemaData schemaUrl="#Sheet1">
		<SimpleData name="Capa">Ricaurte/kennedy/velodromo/Molinopamba/QUINTACHICA</SimpleData>
		<SimpleData name="Nombre">SM0803-1</SimpleData>
		<SimpleData name="Latitud">-2.87961</SimpleData>
		<SimpleData name="Longitud">-78.952762</SimpleData>
	</SchemaData></ExtendedData>
  </Placemark>
  <Placemark>
	<ExtendedData><SchemaData schemaUrl="#Sheet1">
		<SimpleData name="Capa">Ricaurte/kennedy/velodromo/Molinopamba/QUINTACHICA</SimpleData>
		<SimpleData name="Nombre">SM0803-2</SimpleData>
		<SimpleData name="Latitud">-2.881845</SimpleData>
		<SimpleData name="Longitud">-78.954714</SimpleData>
	</SchemaData></ExtendedData>
  </Placemark>
  <Placemark>
	<ExtendedData><SchemaData schemaUrl="#Sheet1">
		<SimpleData name="Capa">Ricaurte/kennedy/velodromo/Molinopamba/QUINTACHICA</SimpleData>
		<SimpleData name="Nombre">SM0803-3</SimpleData>
		<SimpleData name="Latitud">-2.879135</SimpleData>
		<SimpleData name="Longitud">-78.954805</SimpleData>
	</SchemaData></ExtendedData>
  </Placemark>
  <Placemark>
	<ExtendedData><SchemaData schemaUrl="#Sheet1">
		<SimpleData name="Capa">Ricaurte/kennedy/velodromo/Molinopamba/QUINTACHICA</SimpleData>
		<SimpleData name="Nombre">SM0803-4</SimpleData>
		<SimpleData name="Latitud">-2.877353</SimpleData>
		<SimpleData name="Longitud">-78.956889</SimpleData>
	</SchemaData></ExtendedData>
  </Placemark>
  <Placemark>
	<ExtendedData><SchemaData schemaUrl="#Sheet1">
		<SimpleData name="Capa">Ricaurte/kennedy/velodromo/Molinopamba/QUINTACHICA</SimpleData>
		<SimpleData name="Nombre">SM0803-5</SimpleData>
		<SimpleData name="Latitud">-2.87934</SimpleData>
		<SimpleData name="Longitud">-78.956344</SimpleData>
	</SchemaData></ExtendedData>
  </Placemark>
  <Placemark>
	<ExtendedData><SchemaData schemaUrl="#Sheet1">
		<SimpleData name="Capa">Ricaurte/kennedy/velodromo/Molinopamba/QUINTACHICA</SimpleData>
		<SimpleData name="Nombre">SM0803-6</SimpleData>
		<SimpleData name="Latitud">-2.879958</SimpleData>
		<SimpleData name="Longitud">-78.95872</SimpleData>
	</SchemaData></ExtendedData>
  </Placemark>
  <Placemark>
	<ExtendedData><SchemaData schemaUrl="#Sheet1">
		<SimpleData name="Capa">Ricaurte/kennedy/velodromo/Molinopamba/QUINTACHICA</SimpleData>
		<SimpleData name="Nombre">SM0803-7</SimpleData>
		<SimpleData name="Latitud">-2.880013</SimpleData>
		<SimpleData name="Longitud">-78.959827</SimpleData>
	</SchemaData></ExtendedData>
  </Placemark>
  <Placemark>
	<ExtendedData><SchemaData schemaUrl="#Sheet1">
		<SimpleData name="Capa">Ricaurte/kennedy/velodromo/Molinopamba/QUINTACHICA</SimpleData>
		<SimpleData name="Nombre">SM0803-8</SimpleData>
		<SimpleData name="Latitud">-2.879338</SimpleData>
		<SimpleData name="Longitud">-78.961466</SimpleData>
	</SchemaData></ExtendedData>
  </Placemark>
  <Placemark>
	<ExtendedData><SchemaData schemaUrl="#Sheet1">
		<SimpleData name="Capa">Ricaurte/kennedy/velodromo/Molinopamba/QUINTACHICA</SimpleData>
		<SimpleData name="Nombre">SM0802-6</SimpleData>
		<SimpleData name="Latitud">-2.880262</SimpleData>
		<SimpleData name="Longitud">-78.965208</SimpleData>
	</SchemaData></ExtendedData>
  </Placemark>
  <Placemark>
	<ExtendedData><SchemaData schemaUrl="#Sheet1">
		<SimpleData name="Capa">Ricaurte/kennedy/velodromo/Molinopamba/QUINTACHICA</SimpleData>
		<SimpleData name="Nombre">SM0802-1</SimpleData>
		<SimpleData name="Latitud">-2.878206</SimpleData>
		<SimpleData name="Longitud">-78.962351</SimpleData>
	</SchemaData></ExtendedData>
  </Placemark>
  <Placemark>
	<ExtendedData><SchemaData schemaUrl="#Sheet1">
		<SimpleData name="Capa">Ricaurte/kennedy/velodromo/Molinopamba/QUINTACHICA</SimpleData>
		<SimpleData name="Nombre">SM0802-4</SimpleData>
		<SimpleData name="Latitud">-2.882014</SimpleData>
		<SimpleData name="Longitud">-78.96084</SimpleData>
	</SchemaData></ExtendedData>
  </Placemark>
  <Placemark>
	<ExtendedData><SchemaData schemaUrl="#Sheet1">
		<SimpleData name="Capa">Ricaurte/kennedy/velodromo/Molinopamba/QUINTACHICA</SimpleData>
		<SimpleData name="Nombre">SM0802-5</SimpleData>
		<SimpleData name="Latitud">-2.883294</SimpleData>
		<SimpleData name="Longitud">-78.957392</SimpleData>
	</SchemaData></ExtendedData>
  </Placemark>
  <Placemark>
	<ExtendedData><SchemaData schemaUrl="#Sheet1">
		<SimpleData name="Capa">Ricaurte/kennedy/velodromo/Molinopamba/QUINTACHICA</SimpleData>
		<SimpleData name="Nombre">SM0802-3</SimpleData>
		<SimpleData name="Latitud">-2.880118</SimpleData>
		<SimpleData name="Longitud">-78.963678</SimpleData>
	</SchemaData></ExtendedData>
  </Placemark>
  <Placemark>
	<ExtendedData><SchemaData schemaUrl="#Sheet1">
		<SimpleData name="Capa">Ricaurte/kennedy/velodromo/Molinopamba/QUINTACHICA</SimpleData>
		<SimpleData name="Nombre">SM0802-7</SimpleData>
		<SimpleData name="Latitud">-2.876982</SimpleData>
		<SimpleData name="Longitud">-78.962721</SimpleData>
	</SchemaData></ExtendedData>
  </Placemark>
  <Placemark>
	<ExtendedData><SchemaData schemaUrl="#Sheet1">
		<SimpleData name="Capa">Ricaurte/kennedy/velodromo/Molinopamba/QUINTACHICA</SimpleData>
		<SimpleData name="Nombre">SM0802-8</SimpleData>
		<SimpleData name="Latitud">-2.879998</SimpleData>
		<SimpleData name="Longitud">-78.963667</SimpleData>
	</SchemaData></ExtendedData>
  </Placemark>
  <Placemark>
	<ExtendedData><SchemaData schemaUrl="#Sheet1">
		<SimpleData name="Capa">Ricaurte/kennedy/velodromo/Molinopamba/QUINTACHICA</SimpleData>
		<SimpleData name="Nombre">SM6213-1</SimpleData>
		<SimpleData name="Latitud">-2.854379</SimpleData>
		<SimpleData name="Longitud">-78.9709</SimpleData>
	</SchemaData></ExtendedData>
  </Placemark>
  <Placemark>
	<ExtendedData><SchemaData schemaUrl="#Sheet1">
		<SimpleData name="Capa">Ricaurte/kennedy/velodromo/Molinopamba/QUINTACHICA</SimpleData>
		<SimpleData name="Nombre">SM6213-2</SimpleData>
		<SimpleData name="Latitud">-2.853203</SimpleData>
		<SimpleData name="Longitud">-78.973116</SimpleData>
	</SchemaData></ExtendedData>
  </Placemark>
  <Placemark>
	<ExtendedData><SchemaData schemaUrl="#Sheet1">
		<SimpleData name="Capa">Ricaurte/kennedy/velodromo/Molinopamba/QUINTACHICA</SimpleData>
		<SimpleData name="Nombre">SM6213-3</SimpleData>
		<SimpleData name="Latitud">-2.847654</SimpleData>
		<SimpleData name="Longitud">-78.971684</SimpleData>
	</SchemaData></ExtendedData>
  </Placemark>
  <Placemark>
	<ExtendedData><SchemaData schemaUrl="#Sheet1">
		<SimpleData name="Capa">Ricaurte/kennedy/velodromo/Molinopamba/QUINTACHICA</SimpleData>
		<SimpleData name="Nombre">SM6213-4</SimpleData>
		<SimpleData name="Latitud">-2.851235</SimpleData>
		<SimpleData name="Longitud">-78.974014</SimpleData>
	</SchemaData></ExtendedData>
  </Placemark>
  <Placemark>
	<ExtendedData><SchemaData schemaUrl="#Sheet1">
		<SimpleData name="Capa">Ricaurte/kennedy/velodromo/Molinopamba/QUINTACHICA</SimpleData>
		<SimpleData name="Nombre">SM6213-5</SimpleData>
		<SimpleData name="Latitud">-2.84492</SimpleData>
		<SimpleData name="Longitud">-78.972026</SimpleData>
	</SchemaData></ExtendedData>
  </Placemark>
  <Placemark>
	<ExtendedData><SchemaData schemaUrl="#Sheet1">
		<SimpleData name="Capa">Ricaurte/kennedy/velodromo/Molinopamba/QUINTACHICA</SimpleData>
		<SimpleData name="Nombre">SM6213-6</SimpleData>
		<SimpleData name="Latitud">-2.844022</SimpleData>
		<SimpleData name="Longitud">-78.97179</SimpleData>
	</SchemaData></ExtendedData>
  </Placemark>
  <Placemark>
	<ExtendedData><SchemaData schemaUrl="#Sheet1">
		<SimpleData name="Capa">Ricaurte/kennedy/velodromo/Molinopamba/QUINTACHICA</SimpleData>
		<SimpleData name="Nombre">SM6213-7</SimpleData>
		<SimpleData name="Latitud">-2.841636</SimpleData>
		<SimpleData name="Longitud">-78.974232</SimpleData>
	</SchemaData></ExtendedData>
  </Placemark>
  <Placemark>
	<ExtendedData><SchemaData schemaUrl="#Sheet1">
		<SimpleData name="Capa">Ricaurte/kennedy/velodromo/Molinopamba/QUINTACHICA</SimpleData>
		<SimpleData name="Nombre">SM6213-8</SimpleData>
		<SimpleData name="Latitud">-2.840998</SimpleData>
		<SimpleData name="Longitud">-78.970512</SimpleData>
	</SchemaData></ExtendedData>
  </Placemark>
  <Placemark>
	<ExtendedData><SchemaData schemaUrl="#Sheet1">
		<SimpleData name="Capa">Ricaurte/kennedy/velodromo/Molinopamba/QUINTACHICA</SimpleData>
		<SimpleData name="Nombre">SM6216-1</SimpleData>
		<SimpleData name="Latitud">-2.868135</SimpleData>
		<SimpleData name="Longitud">-78.970788</SimpleData>
	</SchemaData></ExtendedData>
  </Placemark>
  <Placemark>
	<ExtendedData><SchemaData schemaUrl="#Sheet1">
		<SimpleData name="Capa">Ricaurte/kennedy/velodromo/Molinopamba/QUINTACHICA</SimpleData>
		<SimpleData name="Nombre">SM6216-2</SimpleData>
		<SimpleData name="Latitud">-2.871689</SimpleData>
		<SimpleData name="Longitud">-78.972279</SimpleData>
	</SchemaData></ExtendedData>
  </Placemark>
  <Placemark>
	<ExtendedData><SchemaData schemaUrl="#Sheet1">
		<SimpleData name="Capa">Ricaurte/kennedy/velodromo/Molinopamba/QUINTACHICA</SimpleData>
		<SimpleData name="Nombre">SM6216-5</SimpleData>
		<SimpleData name="Latitud">-2.87148</SimpleData>
		<SimpleData name="Longitud">-78.972932</SimpleData>
	</SchemaData></ExtendedData>
  </Placemark>
  <Placemark>
	<ExtendedData><SchemaData schemaUrl="#Sheet1">
		<SimpleData name="Capa">Ricaurte/kennedy/velodromo/Molinopamba/QUINTACHICA</SimpleData>
		<SimpleData name="Nombre">SM6216-4</SimpleData>
		<SimpleData name="Latitud">-2.87036</SimpleData>
		<SimpleData name="Longitud">-78.974059</SimpleData>
	</SchemaData></ExtendedData>
  </Placemark>
  <Placemark>
	<ExtendedData><SchemaData schemaUrl="#Sheet1">
		<SimpleData name="Capa">Ricaurte/kennedy/velodromo/Molinopamba/QUINTACHICA</SimpleData>
		<SimpleData name="Nombre">SM6216-3</SimpleData>
		<SimpleData name="Latitud">-2.867652</SimpleData>
		<SimpleData name="Longitud">-78.972551</SimpleData>
	</SchemaData></ExtendedData>
  </Placemark>
  <Placemark>
	<ExtendedData><SchemaData schemaUrl="#Sheet1">
		<SimpleData name="Capa">Ricaurte/kennedy/velodromo/Molinopamba/QUINTACHICA</SimpleData>
		<SimpleData name="Nombre">SM6216-6</SimpleData>
		<SimpleData name="Latitud">-2.87145</SimpleData>
		<SimpleData name="Longitud">-78.974063</SimpleData>
	</SchemaData></ExtendedData>
  </Placemark>
  <Placemark>
	<ExtendedData><SchemaData schemaUrl="#Sheet1">
		<SimpleData name="Capa">Ricaurte/kennedy/velodromo/Molinopamba/QUINTACHICA</SimpleData>
		<SimpleData name="Nombre">SM6214-1</SimpleData>
		<SimpleData name="Latitud">-2.860885</SimpleData>
		<SimpleData name="Longitud">-78.975787</SimpleData>
	</SchemaData></ExtendedData>
  </Placemark>
  <Placemark>
	<ExtendedData><SchemaData schemaUrl="#Sheet1">
		<SimpleData name="Capa">Ricaurte/kennedy/velodromo/Molinopamba/QUINTACHICA</SimpleData>
		<SimpleData name="Nombre">SM6214-5</SimpleData>
		<SimpleData name="Latitud">-2.862258</SimpleData>
		<SimpleData name="Longitud">-78.977391</SimpleData>
	</SchemaData></ExtendedData>
  </Placemark>
  <Placemark>
	<ExtendedData><SchemaData schemaUrl="#Sheet1">
		<SimpleData name="Capa">Ricaurte/kennedy/velodromo/Molinopamba/QUINTACHICA</SimpleData>
		<SimpleData name="Nombre">SM6214-2</SimpleData>
		<SimpleData name="Latitud">-2.860333</SimpleData>
		<SimpleData name="Longitud">-78.978198</SimpleData>
	</SchemaData></ExtendedData>
  </Placemark>
  <Placemark>
	<ExtendedData><SchemaData schemaUrl="#Sheet1">
		<SimpleData name="Capa">Ricaurte/kennedy/velodromo/Molinopamba/QUINTACHICA</SimpleData>
		<SimpleData name="Nombre">SM6214-3</SimpleData>
		<SimpleData name="Latitud">-2.856889</SimpleData>
		<SimpleData name="Longitud">-78.979662</SimpleData>
	</SchemaData></ExtendedData>
  </Placemark>
  <Placemark>
	<ExtendedData><SchemaData schemaUrl="#Sheet1">
		<SimpleData name="Capa">Ricaurte/kennedy/velodromo/Molinopamba/QUINTACHICA</SimpleData>
		<SimpleData name="Nombre">SM6214-4</SimpleData>
		<SimpleData name="Latitud">-2.85573</SimpleData>
		<SimpleData name="Longitud">-78.976546</SimpleData>
	</SchemaData></ExtendedData>
  </Placemark>
  <Placemark>
	<ExtendedData><SchemaData schemaUrl="#Sheet1">
		<SimpleData name="Capa">Ricaurte/kennedy/velodromo/Molinopamba/QUINTACHICA</SimpleData>
		<SimpleData name="Nombre">SM6214-6</SimpleData>
		<SimpleData name="Latitud">-2.866638</SimpleData>
		<SimpleData name="Longitud">-78.975773</SimpleData>
	</SchemaData></ExtendedData>
  </Placemark>
  <Placemark>
	<ExtendedData><SchemaData schemaUrl="#Sheet1">
		<SimpleData name="Capa">Ricaurte/kennedy/velodromo/Molinopamba/QUINTACHICA</SimpleData>
		<SimpleData name="Nombre">SM6214-7</SimpleData>
		<SimpleData name="Latitud">-2.868494</SimpleData>
		<SimpleData name="Longitud">-78.975147</SimpleData>
	</SchemaData></ExtendedData>
  </Placemark>
  <Placemark>
	<ExtendedData><SchemaData schemaUrl="#Sheet1">
		<SimpleData name="Capa">Ricaurte/kennedy/velodromo/Molinopamba/QUINTACHICA</SimpleData>
		<SimpleData name="Nombre">SMP6215</SimpleData>
		<SimpleData name="Latitud">-2.861023</SimpleData>
		<SimpleData name="Longitud">-78.974103</SimpleData>
	</SchemaData></ExtendedData>
  </Placemark>
  <Placemark>
	<ExtendedData><SchemaData schemaUrl="#Sheet1">
		<SimpleData name="Capa">Ricaurte/kennedy/velodromo/Molinopamba/QUINTACHICA</SimpleData>
		<SimpleData name="Nombre">SM6215-1</SimpleData>
		<SimpleData name="Latitud">-2.860309</SimpleData>
		<SimpleData name="Longitud">-78.974245</SimpleData>
	</SchemaData></ExtendedData>
  </Placemark>
  <Placemark>
	<ExtendedData><SchemaData schemaUrl="#Sheet1">
		<SimpleData name="Capa">Ricaurte/kennedy/velodromo/Molinopamba/QUINTACHICA</SimpleData>
		<SimpleData name="Nombre">SM6215-8</SimpleData>
		<SimpleData name="Latitud">-2.861451</SimpleData>
		<SimpleData name="Longitud">-78.969092</SimpleData>
	</SchemaData></ExtendedData>
  </Placemark>
  <Placemark>
	<ExtendedData><SchemaData schemaUrl="#Sheet1">
		<SimpleData name="Capa">Ricaurte/kennedy/velodromo/Molinopamba/QUINTACHICA</SimpleData>
		<SimpleData name="Nombre">SM6215-2</SimpleData>
		<SimpleData name="Latitud">-2.857963</SimpleData>
		<SimpleData name="Longitud">-78.974495</SimpleData>
	</SchemaData></ExtendedData>
  </Placemark>
  <Placemark>
	<ExtendedData><SchemaData schemaUrl="#Sheet1">
		<SimpleData name="Capa">Ricaurte/kennedy/velodromo/Molinopamba/QUINTACHICA</SimpleData>
		<SimpleData name="Nombre">SM6215-3</SimpleData>
		<SimpleData name="Latitud">-2.855205</SimpleData>
		<SimpleData name="Longitud">-78.975161</SimpleData>
	</SchemaData></ExtendedData>
  </Placemark>
  <Placemark>
	<ExtendedData><SchemaData schemaUrl="#Sheet1">
		<SimpleData name="Capa">Ricaurte/kennedy/velodromo/Molinopamba/QUINTACHICA</SimpleData>
		<SimpleData name="Nombre">SM6215-4</SimpleData>
		<SimpleData name="Latitud">-2.859069</SimpleData>
		<SimpleData name="Longitud">-78.973311</SimpleData>
	</SchemaData></ExtendedData>
  </Placemark>
  <Placemark>
	<ExtendedData><SchemaData schemaUrl="#Sheet1">
		<SimpleData name="Capa">Ricaurte/kennedy/velodromo/Molinopamba/QUINTACHICA</SimpleData>
		<SimpleData name="Nombre">SM6215-5</SimpleData>
		<SimpleData name="Latitud">-2.855746</SimpleData>
		<SimpleData name="Longitud">-78.973349</SimpleData>
	</SchemaData></ExtendedData>
  </Placemark>
  <Placemark>
	<ExtendedData><SchemaData schemaUrl="#Sheet1">
		<SimpleData name="Capa">Ricaurte/kennedy/velodromo/Molinopamba/QUINTACHICA</SimpleData>
		<SimpleData name="Nombre">SM6215-6</SimpleData>
		<SimpleData name="Latitud">-2.85988</SimpleData>
		<SimpleData name="Longitud">-78.971585</SimpleData>
	</SchemaData></ExtendedData>
  </Placemark>
  <Placemark>
	<ExtendedData><SchemaData schemaUrl="#Sheet1">
		<SimpleData name="Capa">Ricaurte/kennedy/velodromo/Molinopamba/QUINTACHICA</SimpleData>
		<SimpleData name="Nombre">SM6215-7</SimpleData>
		<SimpleData name="Latitud">-2.859099</SimpleData>
		<SimpleData name="Longitud">-78.96997</SimpleData>
	</SchemaData></ExtendedData>
  </Placemark>
  <Placemark>
	<ExtendedData><SchemaData schemaUrl="#Sheet1">
		<SimpleData name="Capa">Ricaurte/kennedy/velodromo/Molinopamba/QUINTACHICA</SimpleData>
		<SimpleData name="Nombre">SM0802-1</SimpleData>
		<SimpleData name="Latitud">-2.868325</SimpleData>
		<SimpleData name="Longitud">-78.976294</SimpleData>
	</SchemaData></ExtendedData>
  </Placemark>
  <Placemark>
	<ExtendedData><SchemaData schemaUrl="#Sheet1">
		<SimpleData name="Capa">Ricaurte/kennedy/velodromo/Molinopamba/QUINTACHICA</SimpleData>
		<SimpleData name="Nombre">SM0802-2</SimpleData>
		<SimpleData name="Latitud">-2.869397</SimpleData>
		<SimpleData name="Longitud">-78.975787</SimpleData>
	</SchemaData></ExtendedData>
  </Placemark>
  <Placemark>
	<ExtendedData><SchemaData schemaUrl="#Sheet1">
		<SimpleData name="Capa">Ricaurte/kennedy/velodromo/Molinopamba/QUINTACHICA</SimpleData>
		<SimpleData name="Nombre">SM0802-4</SimpleData>
		<SimpleData name="Latitud">-2.866164</SimpleData>
		<SimpleData name="Longitud">-78.977888</SimpleData>
	</SchemaData></ExtendedData>
  </Placemark>
  <Placemark>
	<ExtendedData><SchemaData schemaUrl="#Sheet1">
		<SimpleData name="Capa">Ricaurte/kennedy/velodromo/Molinopamba/QUINTACHICA</SimpleData>
		<SimpleData name="Nombre">SM0801-2</SimpleData>
		<SimpleData name="Latitud">-2.862641</SimpleData>
		<SimpleData name="Longitud">-78.980061</SimpleData>
	</SchemaData></ExtendedData>
  </Placemark>
  <Placemark>
	<ExtendedData><SchemaData schemaUrl="#Sheet1">
		<SimpleData name="Capa">Ricaurte/kennedy/velodromo/Molinopamba/QUINTACHICA</SimpleData>
		<SimpleData name="Nombre">SM0801-3</SimpleData>
		<SimpleData name="Latitud">-2.860708</SimpleData>
		<SimpleData name="Longitud">-78.980651</SimpleData>
	</SchemaData></ExtendedData>
  </Placemark>
  <Placemark>
	<ExtendedData><SchemaData schemaUrl="#Sheet1">
		<SimpleData name="Capa">Ricaurte/kennedy/velodromo/Molinopamba/QUINTACHICA</SimpleData>
		<SimpleData name="Nombre">SM0801-4</SimpleData>
		<SimpleData name="Latitud">-2.859958</SimpleData>
		<SimpleData name="Longitud">-78.980727</SimpleData>
	</SchemaData></ExtendedData>
  </Placemark>
  <Placemark>
	<ExtendedData><SchemaData schemaUrl="#Sheet1">
		<SimpleData name="Capa">Ricaurte/kennedy/velodromo/Molinopamba/QUINTACHICA</SimpleData>
		<SimpleData name="Nombre">SM0802-3</SimpleData>
		<SimpleData name="Latitud">-2.867091</SimpleData>
		<SimpleData name="Longitud">-78.977315</SimpleData>
	</SchemaData></ExtendedData>
  </Placemark>
  <Placemark>
	<ExtendedData><SchemaData schemaUrl="#Sheet1">
		<SimpleData name="Capa">Ricaurte/kennedy/velodromo/Molinopamba/QUINTACHICA</SimpleData>
		<SimpleData name="Nombre">SM0801-1</SimpleData>
		<SimpleData name="Latitud">-2.862442</SimpleData>
		<SimpleData name="Longitud">-78.980222</SimpleData>
	</SchemaData></ExtendedData>
  </Placemark>
  <Placemark>
	<ExtendedData><SchemaData schemaUrl="#Sheet1">
		<SimpleData name="Capa">Ricaurte/kennedy/velodromo/Molinopamba/QUINTACHICA</SimpleData>
		<SimpleData name="Nombre">SM0801-8</SimpleData>
		<SimpleData name="Latitud">-2.863736</SimpleData>
		<SimpleData name="Longitud">-78.979253</SimpleData>
	</SchemaData></ExtendedData>
  </Placemark>
  <Placemark>
	<ExtendedData><SchemaData schemaUrl="#Sheet1">
		<SimpleData name="Capa">Ricaurte/kennedy/velodromo/Molinopamba/QUINTACHICA</SimpleData>
		<SimpleData name="Nombre">SM6209-1</SimpleData>
		<SimpleData name="Latitud">-2.877251</SimpleData>
		<SimpleData name="Longitud">-78.965748</SimpleData>
	</SchemaData></ExtendedData>
  </Placemark>
  <Placemark>
	<ExtendedData><SchemaData schemaUrl="#Sheet1">
		<SimpleData name="Capa">Ricaurte/kennedy/velodromo/Molinopamba/QUINTACHICA</SimpleData>
		<SimpleData name="Nombre">SM6209-4</SimpleData>
		<SimpleData name="Latitud">-2.875014</SimpleData>
		<SimpleData name="Longitud">-78.968783</SimpleData>
	</SchemaData></ExtendedData>
  </Placemark>
  <Placemark>
	<ExtendedData><SchemaData schemaUrl="#Sheet1">
		<SimpleData name="Capa">Ricaurte/kennedy/velodromo/Molinopamba/QUINTACHICA</SimpleData>
		<SimpleData name="Nombre">SM6209-3</SimpleData>
		<SimpleData name="Latitud">-2.874257</SimpleData>
		<SimpleData name="Longitud">-78.967311</SimpleData>
	</SchemaData></ExtendedData>
  </Placemark>
  <Placemark>
	<ExtendedData><SchemaData schemaUrl="#Sheet1">
		<SimpleData name="Capa">Ricaurte/kennedy/velodromo/Molinopamba/QUINTACHICA</SimpleData>
		<SimpleData name="Nombre">SM6209-2</SimpleData>
		<SimpleData name="Latitud">-2.875275</SimpleData>
		<SimpleData name="Longitud">-78.965586</SimpleData>
	</SchemaData></ExtendedData>
  </Placemark>
  <Placemark>
	<ExtendedData><SchemaData schemaUrl="#Sheet1">
		<SimpleData name="Capa">Ricaurte/kennedy/velodromo/Molinopamba/QUINTACHICA</SimpleData>
		<SimpleData name="Nombre">SM6201-4</SimpleData>
		<SimpleData name="Latitud">-2.86328</SimpleData>
		<SimpleData name="Longitud">-78.965373</SimpleData>
	</SchemaData></ExtendedData>
  </Placemark>
  <Placemark>
	<ExtendedData><SchemaData schemaUrl="#Sheet1">
		<SimpleData name="Capa">Ricaurte/kennedy/velodromo/Molinopamba/QUINTACHICA</SimpleData>
		<SimpleData name="Nombre">SM6201-1</SimpleData>
		<SimpleData name="Latitud">-2.86506</SimpleData>
		<SimpleData name="Longitud">-78.967545</SimpleData>
	</SchemaData></ExtendedData>
  </Placemark>
  <Placemark>
	<ExtendedData><SchemaData schemaUrl="#Sheet1">
		<SimpleData name="Capa">Ricaurte/kennedy/velodromo/Molinopamba/QUINTACHICA</SimpleData>
		<SimpleData name="Nombre">SM6201-2</SimpleData>
		<SimpleData name="Latitud">-2.863502</SimpleData>
		<SimpleData name="Longitud">-78.966788</SimpleData>
	</SchemaData></ExtendedData>
  </Placemark>
  <Placemark>
	<ExtendedData><SchemaData schemaUrl="#Sheet1">
		<SimpleData name="Capa">Ricaurte/kennedy/velodromo/Molinopamba/QUINTACHICA</SimpleData>
		<SimpleData name="Nombre">SM6201-3</SimpleData>
		<SimpleData name="Latitud">-2.864705</SimpleData>
		<SimpleData name="Longitud">-78.964685</SimpleData>
	</SchemaData></ExtendedData>
  </Placemark>
  <Placemark>
	<ExtendedData><SchemaData schemaUrl="#Sheet1">
		<SimpleData name="Capa">Ricaurte/kennedy/velodromo/Molinopamba/QUINTACHICA</SimpleData>
		<SimpleData name="Nombre">SM6202-4</SimpleData>
		<SimpleData name="Latitud">-2.860715</SimpleData>
		<SimpleData name="Longitud">-78.963273</SimpleData>
	</SchemaData></ExtendedData>
  </Placemark>
  <Placemark>
	<ExtendedData><SchemaData schemaUrl="#Sheet1">
		<SimpleData name="Capa">Ricaurte/kennedy/velodromo/Molinopamba/QUINTACHICA</SimpleData>
		<SimpleData name="Nombre">SM6202-1</SimpleData>
		<SimpleData name="Latitud">-2.865443</SimpleData>
		<SimpleData name="Longitud">-78.962537</SimpleData>
	</SchemaData></ExtendedData>
  </Placemark>
  <Placemark>
	<ExtendedData><SchemaData schemaUrl="#Sheet1">
		<SimpleData name="Capa">Ricaurte/kennedy/velodromo/Molinopamba/QUINTACHICA</SimpleData>
		<SimpleData name="Nombre">SM6202-3</SimpleData>
		<SimpleData name="Latitud">-2.86277</SimpleData>
		<SimpleData name="Longitud">-78.963966</SimpleData>
	</SchemaData></ExtendedData>
  </Placemark>
  <Placemark>
	<ExtendedData><SchemaData schemaUrl="#Sheet1">
		<SimpleData name="Capa">Ricaurte/kennedy/velodromo/Molinopamba/QUINTACHICA</SimpleData>
		<SimpleData name="Nombre">SM6202-2</SimpleData>
		<SimpleData name="Latitud">-2.864583</SimpleData>
		<SimpleData name="Longitud">-78.962659</SimpleData>
	</SchemaData></ExtendedData>
  </Placemark>
  <Placemark>
	<ExtendedData><SchemaData schemaUrl="#Sheet1">
		<SimpleData name="Capa">Ricaurte/kennedy/velodromo/Molinopamba/QUINTACHICA</SimpleData>
		<SimpleData name="Nombre">SM6203-1</SimpleData>
		<SimpleData name="Latitud">-2.863425</SimpleData>
		<SimpleData name="Longitud">-78.958598</SimpleData>
	</SchemaData></ExtendedData>
  </Placemark>
  <Placemark>
	<ExtendedData><SchemaData schemaUrl="#Sheet1">
		<SimpleData name="Capa">Ricaurte/kennedy/velodromo/Molinopamba/QUINTACHICA</SimpleData>
		<SimpleData name="Nombre">SM6203-4</SimpleData>
		<SimpleData name="Latitud">-2.857931</SimpleData>
		<SimpleData name="Longitud">-78.962582</SimpleData>
	</SchemaData></ExtendedData>
  </Placemark>
  <Placemark>
	<ExtendedData><SchemaData schemaUrl="#Sheet1">
		<SimpleData name="Capa">Ricaurte/kennedy/velodromo/Molinopamba/QUINTACHICA</SimpleData>
		<SimpleData name="Nombre">SM6203-3</SimpleData>
		<SimpleData name="Latitud">-2.859968</SimpleData>
		<SimpleData name="Longitud">-78.962097</SimpleData>
	</SchemaData></ExtendedData>
  </Placemark>
  <Placemark>
	<ExtendedData><SchemaData schemaUrl="#Sheet1">
		<SimpleData name="Capa">Ricaurte/kennedy/velodromo/Molinopamba/QUINTACHICA</SimpleData>
		<SimpleData name="Nombre">SM6203-2</SimpleData>
		<SimpleData name="Latitud">-2.862524</SimpleData>
		<SimpleData name="Longitud">-78.959986</SimpleData>
	</SchemaData></ExtendedData>
  </Placemark>
  <Placemark>
	<ExtendedData><SchemaData schemaUrl="#Sheet1">
		<SimpleData name="Capa">Ricaurte/kennedy/velodromo/Molinopamba/QUINTACHICA</SimpleData>
		<SimpleData name="Nombre">SM6204-3</SimpleData>
		<SimpleData name="Latitud">-2.862485</SimpleData>
		<SimpleData name="Longitud">-78.968568</SimpleData>
	</SchemaData></ExtendedData>
  </Placemark>
  <Placemark>
	<ExtendedData><SchemaData schemaUrl="#Sheet1">
		<SimpleData name="Capa">Ricaurte/kennedy/velodromo/Molinopamba/QUINTACHICA</SimpleData>
		<SimpleData name="Nombre">SM6204-4</SimpleData>
		<SimpleData name="Latitud">-2.859785</SimpleData>
		<SimpleData name="Longitud">-78.96547</SimpleData>
	</SchemaData></ExtendedData>
  </Placemark>
  <Placemark>
	<ExtendedData><SchemaData schemaUrl="#Sheet1">
		<SimpleData name="Capa">Ricaurte/kennedy/velodromo/Molinopamba/QUINTACHICA</SimpleData>
		<SimpleData name="Nombre">SM6204-2</SimpleData>
		<SimpleData name="Latitud">-2.861978</SimpleData>
		<SimpleData name="Longitud">-78.967275</SimpleData>
	</SchemaData></ExtendedData>
  </Placemark>
  <Placemark>
	<ExtendedData><SchemaData schemaUrl="#Sheet1">
		<SimpleData name="Capa">Ricaurte/kennedy/velodromo/Molinopamba/QUINTACHICA</SimpleData>
		<SimpleData name="Nombre">SM6204-1</SimpleData>
		<SimpleData name="Latitud">-2.862006</SimpleData>
		<SimpleData name="Longitud">-78.965501</SimpleData>
	</SchemaData></ExtendedData>
  </Placemark>
  <Placemark>
	<ExtendedData><SchemaData schemaUrl="#Sheet1">
		<SimpleData name="Capa">Ricaurte/kennedy/velodromo/Molinopamba/QUINTACHICA</SimpleData>
		<SimpleData name="Nombre">SM6205-1</SimpleData>
		<SimpleData name="Latitud">-2.864401</SimpleData>
		<SimpleData name="Longitud">-78.968618</SimpleData>
	</SchemaData></ExtendedData>
  </Placemark>
  <Placemark>
	<ExtendedData><SchemaData schemaUrl="#Sheet1">
		<SimpleData name="Capa">Ricaurte/kennedy/velodromo/Molinopamba/QUINTACHICA</SimpleData>
		<SimpleData name="Nombre">SM6205-2</SimpleData>
		<SimpleData name="Latitud">-2.866008</SimpleData>
		<SimpleData name="Longitud">-78.971397</SimpleData>
	</SchemaData></ExtendedData>
  </Placemark>
  <Placemark>
	<ExtendedData><SchemaData schemaUrl="#Sheet1">
		<SimpleData name="Capa">Ricaurte/kennedy/velodromo/Molinopamba/QUINTACHICA</SimpleData>
		<SimpleData name="Nombre">SM6205-3</SimpleData>
		<SimpleData name="Latitud">-2.86355</SimpleData>
		<SimpleData name="Longitud">-78.972106</SimpleData>
	</SchemaData></ExtendedData>
  </Placemark>
  <Placemark>
	<ExtendedData><SchemaData schemaUrl="#Sheet1">
		<SimpleData name="Capa">Ricaurte/kennedy/velodromo/Molinopamba/QUINTACHICA</SimpleData>
		<SimpleData name="Nombre">SM6205-4</SimpleData>
		<SimpleData name="Latitud">-2.861173</SimpleData>
		<SimpleData name="Longitud">-78.972808</SimpleData>
	</SchemaData></ExtendedData>
  </Placemark>
  <Placemark>
	<ExtendedData><SchemaData schemaUrl="#Sheet1">
		<SimpleData name="Capa">Ricaurte/kennedy/velodromo/Molinopamba/QUINTACHICA</SimpleData>
		<SimpleData name="Nombre">SM6206-3</SimpleData>
		<SimpleData name="Latitud">-2.870547</SimpleData>
		<SimpleData name="Longitud">-78.968241</SimpleData>
	</SchemaData></ExtendedData>
  </Placemark>
  <Placemark>
	<ExtendedData><SchemaData schemaUrl="#Sheet1">
		<SimpleData name="Capa">Ricaurte/kennedy/velodromo/Molinopamba/QUINTACHICA</SimpleData>
		<SimpleData name="Nombre">SM6206-1</SimpleData>
		<SimpleData name="Latitud">-2.86942</SimpleData>
		<SimpleData name="Longitud">-78.964771</SimpleData>
	</SchemaData></ExtendedData>
  </Placemark>
  <Placemark>
	<ExtendedData><SchemaData schemaUrl="#Sheet1">
		<SimpleData name="Capa">Ricaurte/kennedy/velodromo/Molinopamba/QUINTACHICA</SimpleData>
		<SimpleData name="Nombre">SM6206-4</SimpleData>
		<SimpleData name="Latitud">-2.872645</SimpleData>
		<SimpleData name="Longitud">-78.967416</SimpleData>
	</SchemaData></ExtendedData>
  </Placemark>
  <Placemark>
	<ExtendedData><SchemaData schemaUrl="#Sheet1">
		<SimpleData name="Capa">Ricaurte/kennedy/velodromo/Molinopamba/QUINTACHICA</SimpleData>
		<SimpleData name="Nombre">SM6206-2</SimpleData>
		<SimpleData name="Latitud">-2.86979</SimpleData>
		<SimpleData name="Longitud">-78.965945</SimpleData>
	</SchemaData></ExtendedData>
  </Placemark>
  <Placemark>
	<ExtendedData><SchemaData schemaUrl="#Sheet1">
		<SimpleData name="Capa">Ricaurte/kennedy/velodromo/Molinopamba/QUINTACHICA</SimpleData>
		<SimpleData name="Nombre">SMP6208</SimpleData>
		<SimpleData name="Latitud">-2.871383</SimpleData>
		<SimpleData name="Longitud">-78.96295</SimpleData>
	</SchemaData></ExtendedData>
  </Placemark>
  <Placemark>
	<ExtendedData><SchemaData schemaUrl="#Sheet1">
		<SimpleData name="Capa">Ricaurte/kennedy/velodromo/Molinopamba/QUINTACHICA</SimpleData>
		<SimpleData name="Nombre">SM6207-1</SimpleData>
		<SimpleData name="Latitud">-2.871418</SimpleData>
		<SimpleData name="Longitud">-78.966004</SimpleData>
	</SchemaData></ExtendedData>
  </Placemark>
  <Placemark>
	<ExtendedData><SchemaData schemaUrl="#Sheet1">
		<SimpleData name="Capa">Ricaurte/kennedy/velodromo/Molinopamba/QUINTACHICA</SimpleData>
		<SimpleData name="Nombre">SM6207-2</SimpleData>
		<SimpleData name="Latitud">-2.873072</SimpleData>
		<SimpleData name="Longitud">-78.966225</SimpleData>
	</SchemaData></ExtendedData>
  </Placemark>
  <Placemark>
	<ExtendedData><SchemaData schemaUrl="#Sheet1">
		<SimpleData name="Capa">Ricaurte/kennedy/velodromo/Molinopamba/QUINTACHICA</SimpleData>
		<SimpleData name="Nombre">SM6207-4</SimpleData>
		<SimpleData name="Latitud">-2.876852</SimpleData>
		<SimpleData name="Longitud">-78.966342</SimpleData>
	</SchemaData></ExtendedData>
  </Placemark>
  <Placemark>
	<ExtendedData><SchemaData schemaUrl="#Sheet1">
		<SimpleData name="Capa">Ricaurte/kennedy/velodromo/Molinopamba/QUINTACHICA</SimpleData>
		<SimpleData name="Nombre">SM6207-3</SimpleData>
		<SimpleData name="Latitud">-2.875236</SimpleData>
		<SimpleData name="Longitud">-78.966307</SimpleData>
	</SchemaData></ExtendedData>
  </Placemark>
  <Placemark>
	<ExtendedData><SchemaData schemaUrl="#Sheet1">
		<SimpleData name="Capa">Ricaurte/kennedy/velodromo/Molinopamba/QUINTACHICA</SimpleData>
		<SimpleData name="Nombre">SM6208-4</SimpleData>
		<SimpleData name="Latitud">-2.87556</SimpleData>
		<SimpleData name="Longitud">-78.959042</SimpleData>
	</SchemaData></ExtendedData>
  </Placemark>
  <Placemark>
	<ExtendedData><SchemaData schemaUrl="#Sheet1">
		<SimpleData name="Capa">Ricaurte/kennedy/velodromo/Molinopamba/QUINTACHICA</SimpleData>
		<SimpleData name="Nombre">SM6208-2</SimpleData>
		<SimpleData name="Latitud">-2.872921</SimpleData>
		<SimpleData name="Longitud">-78.964276</SimpleData>
	</SchemaData></ExtendedData>
  </Placemark>
  <Placemark>
	<ExtendedData><SchemaData schemaUrl="#Sheet1">
		<SimpleData name="Capa">Ricaurte/kennedy/velodromo/Molinopamba/QUINTACHICA</SimpleData>
		<SimpleData name="Nombre">SM6208-3</SimpleData>
		<SimpleData name="Latitud">-2.868258</SimpleData>
		<SimpleData name="Longitud">-78.961935</SimpleData>
	</SchemaData></ExtendedData>
  </Placemark>
  <Placemark>
	<ExtendedData><SchemaData schemaUrl="#Sheet1">
		<SimpleData name="Capa">Ricaurte/kennedy/velodromo/Molinopamba/QUINTACHICA</SimpleData>
		<SimpleData name="Nombre">SM6208-1</SimpleData>
		<SimpleData name="Latitud">-2.871124</SimpleData>
		<SimpleData name="Longitud">-78.963194</SimpleData>
	</SchemaData></ExtendedData>
  </Placemark>
  <Placemark>
	<ExtendedData><SchemaData schemaUrl="#Sheet1">
		<SimpleData name="Capa">Ricaurte/kennedy/velodromo/Molinopamba/QUINTACHICA</SimpleData>
		<SimpleData name="Nombre">SM6230-2</SimpleData>
		<SimpleData name="Latitud">-2.870983</SimpleData>
		<SimpleData name="Longitud">-78.963227</SimpleData>
	</SchemaData></ExtendedData>
  </Placemark>
  <Placemark>
	<ExtendedData><SchemaData schemaUrl="#Sheet1">
		<SimpleData name="Capa">Ricaurte/kennedy/velodromo/Molinopamba/QUINTACHICA</SimpleData>
		<SimpleData name="Nombre">SM6230-1</SimpleData>
		<SimpleData name="Latitud">-2.870242</SimpleData>
		<SimpleData name="Longitud">-78.964036</SimpleData>
	</SchemaData></ExtendedData>
  </Placemark>
  <Placemark>
	<ExtendedData><SchemaData schemaUrl="#Sheet1">
		<SimpleData name="Capa">Ricaurte/kennedy/velodromo/Molinopamba/QUINTACHICA</SimpleData>
		<SimpleData name="Nombre">SM1304-1</SimpleData>
		<SimpleData name="Latitud">-2.886307</SimpleData>
		<SimpleData name="Longitud">-78.971406</SimpleData>
	</SchemaData></ExtendedData>
  </Placemark>
  <Placemark>
	<ExtendedData><SchemaData schemaUrl="#Sheet1">
		<SimpleData name="Capa">Ricaurte/kennedy/velodromo/Molinopamba/QUINTACHICA</SimpleData>
		<SimpleData name="Nombre">SM1304-2</SimpleData>
		<SimpleData name="Latitud">-2.887409</SimpleData>
		<SimpleData name="Longitud">-78.970916</SimpleData>
	</SchemaData></ExtendedData>
  </Placemark>
  <Placemark>
	<ExtendedData><SchemaData schemaUrl="#Sheet1">
		<SimpleData name="Capa">Ricaurte/kennedy/velodromo/Molinopamba/QUINTACHICA</SimpleData>
		<SimpleData name="Nombre">SM1304-3</SimpleData>
		<SimpleData name="Latitud">-2.889444</SimpleData>
		<SimpleData name="Longitud">-78.970037</SimpleData>
	</SchemaData></ExtendedData>
  </Placemark>
  <Placemark>
	<ExtendedData><SchemaData schemaUrl="#Sheet1">
		<SimpleData name="Capa">Ricaurte/kennedy/velodromo/Molinopamba/QUINTACHICA</SimpleData>
		<SimpleData name="Nombre">SM1304-4  SI caja llena</SimpleData>
		<SimpleData name="Latitud">-2.890218</SimpleData>
		<SimpleData name="Longitud">-78.969348</SimpleData>
	</SchemaData></ExtendedData>
  </Placemark>
  <Placemark>
	<ExtendedData><SchemaData schemaUrl="#Sheet1">
		<SimpleData name="Capa">Ricaurte/kennedy/velodromo/Molinopamba/QUINTACHICA</SimpleData>
		<SimpleData name="Nombre">4SMP1301</SimpleData>
		<SimpleData name="Latitud">-2.889273</SimpleData>
		<SimpleData name="Longitud">-78.974781</SimpleData>
	</SchemaData></ExtendedData>
  </Placemark>
  <Placemark>
	<ExtendedData><SchemaData schemaUrl="#Sheet1">
		<SimpleData name="Capa">Ricaurte/kennedy/velodromo/Molinopamba/QUINTACHICA</SimpleData>
		<SimpleData name="Nombre">SM1301-4</SimpleData>
		<SimpleData name="Latitud">-2.886589</SimpleData>
		<SimpleData name="Longitud">-78.974299</SimpleData>
	</SchemaData></ExtendedData>
  </Placemark>
  <Placemark>
	<ExtendedData><SchemaData schemaUrl="#Sheet1">
		<SimpleData name="Capa">Ricaurte/kennedy/velodromo/Molinopamba/QUINTACHICA</SimpleData>
		<SimpleData name="Nombre">SM1301-3</SimpleData>
		<SimpleData name="Latitud">-2.888026</SimpleData>
		<SimpleData name="Longitud">-78.97539</SimpleData>
	</SchemaData></ExtendedData>
  </Placemark>
  <Placemark>
	<ExtendedData><SchemaData schemaUrl="#Sheet1">
		<SimpleData name="Capa">Ricaurte/kennedy/velodromo/Molinopamba/QUINTACHICA</SimpleData>
		<SimpleData name="Nombre">SM1301-2</SimpleData>
		<SimpleData name="Latitud">-2.887801</SimpleData>
		<SimpleData name="Longitud">-78.973089</SimpleData>
	</SchemaData></ExtendedData>
  </Placemark>
  <Placemark>
	<ExtendedData><SchemaData schemaUrl="#Sheet1">
		<SimpleData name="Capa">Ricaurte/kennedy/velodromo/Molinopamba/QUINTACHICA</SimpleData>
		<SimpleData name="Nombre">SM1301-1</SimpleData>
		<SimpleData name="Latitud">-2.888828</SimpleData>
		<SimpleData name="Longitud">-78.974217</SimpleData>
	</SchemaData></ExtendedData>
  </Placemark>
  <Placemark>
	<ExtendedData><SchemaData schemaUrl="#Sheet1">
		<SimpleData name="Capa">Ricaurte/kennedy/velodromo/Molinopamba/QUINTACHICA</SimpleData>
		<SimpleData name="Nombre">SM1302-1</SimpleData>
		<SimpleData name="Latitud">-2.891278</SimpleData>
		<SimpleData name="Longitud">-78.974914</SimpleData>
	</SchemaData></ExtendedData>
  </Placemark>
  <Placemark>
	<ExtendedData><SchemaData schemaUrl="#Sheet1">
		<SimpleData name="Capa">Ricaurte/kennedy/velodromo/Molinopamba/QUINTACHICA</SimpleData>
		<SimpleData name="Nombre">SM1302-2</SimpleData>
		<SimpleData name="Latitud">-2.890535</SimpleData>
		<SimpleData name="Longitud">-78.973638</SimpleData>
	</SchemaData></ExtendedData>
  </Placemark>
  <Placemark>
	<ExtendedData><SchemaData schemaUrl="#Sheet1">
		<SimpleData name="Capa">Ricaurte/kennedy/velodromo/Molinopamba/QUINTACHICA</SimpleData>
		<SimpleData name="Nombre">SM1302-4</SimpleData>
		<SimpleData name="Latitud">-2.888688</SimpleData>
		<SimpleData name="Longitud">-78.97163</SimpleData>
	</SchemaData></ExtendedData>
  </Placemark>
  <Placemark>
	<ExtendedData><SchemaData schemaUrl="#Sheet1">
		<SimpleData name="Capa">Ricaurte/kennedy/velodromo/Molinopamba/QUINTACHICA</SimpleData>
		<SimpleData name="Nombre">SM1302-3</SimpleData>
		<SimpleData name="Latitud">-2.889468</SimpleData>
		<SimpleData name="Longitud">-78.972984</SimpleData>
	</SchemaData></ExtendedData>
  </Placemark>
  <Placemark>
	<ExtendedData><SchemaData schemaUrl="#Sheet1">
		<SimpleData name="Capa">Ricaurte/kennedy/velodromo/Molinopamba/QUINTACHICA</SimpleData>
		<SimpleData name="Nombre">SM1303-4</SimpleData>
		<SimpleData name="Latitud">-2.886842</SimpleData>
		<SimpleData name="Longitud">-78.978535</SimpleData>
	</SchemaData></ExtendedData>
  </Placemark>
  <Placemark>
	<ExtendedData><SchemaData schemaUrl="#Sheet1">
		<SimpleData name="Capa">Ricaurte/kennedy/velodromo/Molinopamba/QUINTACHICA</SimpleData>
		<SimpleData name="Nombre">SM1303-3</SimpleData>
		<SimpleData name="Latitud">-2.885578</SimpleData>
		<SimpleData name="Longitud">-78.97698</SimpleData>
	</SchemaData></ExtendedData>
  </Placemark>
  <Placemark>
	<ExtendedData><SchemaData schemaUrl="#Sheet1">
		<SimpleData name="Capa">Ricaurte/kennedy/velodromo/Molinopamba/QUINTACHICA</SimpleData>
		<SimpleData name="Nombre">SM1303-2</SimpleData>
		<SimpleData name="Latitud">-2.887434</SimpleData>
		<SimpleData name="Longitud">-78.977499</SimpleData>
	</SchemaData></ExtendedData>
  </Placemark>
  <Placemark>
	<ExtendedData><SchemaData schemaUrl="#Sheet1">
		<SimpleData name="Capa">Ricaurte/kennedy/velodromo/Molinopamba/QUINTACHICA</SimpleData>
		<SimpleData name="Nombre">SM1303-1</SimpleData>
		<SimpleData name="Latitud">-2.886595</SimpleData>
		<SimpleData name="Longitud">-78.97617</SimpleData>
	</SchemaData></ExtendedData>
  </Placemark>
  <Placemark>
	<ExtendedData><SchemaData schemaUrl="#Sheet1">
		<SimpleData name="Capa">Ricaurte/kennedy/velodromo/Molinopamba/QUINTACHICA</SimpleData>
		<SimpleData name="Nombre">SM6210-1</SimpleData>
		<SimpleData name="Latitud">-2.868843</SimpleData>
		<SimpleData name="Longitud">-78.958859</SimpleData>
	</SchemaData></ExtendedData>
  </Placemark>
  <Placemark>
	<ExtendedData><SchemaData schemaUrl="#Sheet1">
		<SimpleData name="Capa">Ricaurte/kennedy/velodromo/Molinopamba/QUINTACHICA</SimpleData>
		<SimpleData name="Nombre">SM6210-2</SimpleData>
		<SimpleData name="Latitud">-2.871678</SimpleData>
		<SimpleData name="Longitud">-78.960048</SimpleData>
	</SchemaData></ExtendedData>
  </Placemark>
  <Placemark>
	<ExtendedData><SchemaData schemaUrl="#Sheet1">
		<SimpleData name="Capa">Ricaurte/kennedy/velodromo/Molinopamba/QUINTACHICA</SimpleData>
		<SimpleData name="Nombre">SM6210-3</SimpleData>
		<SimpleData name="Latitud">-2.86732</SimpleData>
		<SimpleData name="Longitud">-78.95725</SimpleData>
	</SchemaData></ExtendedData>
  </Placemark>
  <Placemark>
	<ExtendedData><SchemaData schemaUrl="#Sheet1">
		<SimpleData name="Capa">Ricaurte/kennedy/velodromo/Molinopamba/QUINTACHICA</SimpleData>
		<SimpleData name="Nombre">SM6210-4</SimpleData>
		<SimpleData name="Latitud">-2.86705</SimpleData>
		<SimpleData name="Longitud">-78.955596</SimpleData>
	</SchemaData></ExtendedData>
  </Placemark>
  <Placemark>
	<ExtendedData><SchemaData schemaUrl="#Sheet1">
		<SimpleData name="Capa">Ricaurte/kennedy/velodromo/Molinopamba/QUINTACHICA</SimpleData>
		<SimpleData name="Nombre">SM6210-5</SimpleData>
		<SimpleData name="Latitud">-2.864648</SimpleData>
		<SimpleData name="Longitud">-78.952042</SimpleData>
	</SchemaData></ExtendedData>
  </Placemark>
  <Placemark>
	<ExtendedData><SchemaData schemaUrl="#Sheet1">
		<SimpleData name="Capa">Ricaurte/kennedy/velodromo/Molinopamba/QUINTACHICA</SimpleData>
		<SimpleData name="Nombre">SM6210-6</SimpleData>
		<SimpleData name="Latitud">-2.866183</SimpleData>
		<SimpleData name="Longitud">-78.952753</SimpleData>
	</SchemaData></ExtendedData>
  </Placemark>
  <Placemark>
	<ExtendedData><SchemaData schemaUrl="#Sheet1">
		<SimpleData name="Capa">Ricaurte/kennedy/velodromo/Molinopamba/QUINTACHICA</SimpleData>
		<SimpleData name="Nombre">SM6210-7</SimpleData>
		<SimpleData name="Latitud">-2.867818</SimpleData>
		<SimpleData name="Longitud">-78.951375</SimpleData>
	</SchemaData></ExtendedData>
  </Placemark>
  <Placemark>
	<ExtendedData><SchemaData schemaUrl="#Sheet1">
		<SimpleData name="Capa">Ricaurte/kennedy/velodromo/Molinopamba/QUINTACHICA</SimpleData>
		<SimpleData name="Nombre">SM6210-8</SimpleData>
		<SimpleData name="Latitud">-2.869853</SimpleData>
		<SimpleData name="Longitud">-78.954226</SimpleData>
	</SchemaData></ExtendedData>
  </Placemark>
  <Placemark>
	<ExtendedData><SchemaData schemaUrl="#Sheet1">
		<SimpleData name="Capa">Ricaurte/kennedy/velodromo/Molinopamba/QUINTACHICA</SimpleData>
		<SimpleData name="Nombre">SM6211-1</SimpleData>
		<SimpleData name="Latitud">-2.873279</SimpleData>
		<SimpleData name="Longitud">-78.954397</SimpleData>
	</SchemaData></ExtendedData>
  </Placemark>
  <Placemark>
	<ExtendedData><SchemaData schemaUrl="#Sheet1">
		<SimpleData name="Capa">Ricaurte/kennedy/velodromo/Molinopamba/QUINTACHICA</SimpleData>
		<SimpleData name="Nombre">SM6211-2</SimpleData>
		<SimpleData name="Latitud">-2.871955</SimpleData>
		<SimpleData name="Longitud">-78.955491</SimpleData>
	</SchemaData></ExtendedData>
  </Placemark>
  <Placemark>
	<ExtendedData><SchemaData schemaUrl="#Sheet1">
		<SimpleData name="Capa">Ricaurte/kennedy/velodromo/Molinopamba/QUINTACHICA</SimpleData>
		<SimpleData name="Nombre">SM6211-3</SimpleData>
		<SimpleData name="Latitud">-2.873885</SimpleData>
		<SimpleData name="Longitud">-78.955585</SimpleData>
	</SchemaData></ExtendedData>
  </Placemark>
  <Placemark>
	<ExtendedData><SchemaData schemaUrl="#Sheet1">
		<SimpleData name="Capa">Ricaurte/kennedy/velodromo/Molinopamba/QUINTACHICA</SimpleData>
		<SimpleData name="Nombre">SM6211-4</SimpleData>
		<SimpleData name="Latitud">-2.869747</SimpleData>
		<SimpleData name="Longitud">-78.957525</SimpleData>
	</SchemaData></ExtendedData>
  </Placemark>
  <Placemark>
	<ExtendedData><SchemaData schemaUrl="#Sheet1">
		<SimpleData name="Capa">Ricaurte/kennedy/velodromo/Molinopamba/QUINTACHICA</SimpleData>
		<SimpleData name="Nombre">SM6211-5</SimpleData>
		<SimpleData name="Latitud">-2.874887</SimpleData>
		<SimpleData name="Longitud">-78.954853</SimpleData>
	</SchemaData></ExtendedData>
  </Placemark>
  <Placemark>
	<ExtendedData><SchemaData schemaUrl="#Sheet1">
		<SimpleData name="Capa">Ricaurte/kennedy/velodromo/Molinopamba/QUINTACHICA</SimpleData>
		<SimpleData name="Nombre">SM6211-6</SimpleData>
		<SimpleData name="Latitud">-2.875491</SimpleData>
		<SimpleData name="Longitud">-78.953695</SimpleData>
	</SchemaData></ExtendedData>
  </Placemark>
  <Placemark>
	<ExtendedData><SchemaData schemaUrl="#Sheet1">
		<SimpleData name="Capa">Ricaurte/kennedy/velodromo/Molinopamba/QUINTACHICA</SimpleData>
		<SimpleData name="Nombre">SM6211-7</SimpleData>
		<SimpleData name="Latitud">-2.872743</SimpleData>
		<SimpleData name="Longitud">-78.952975</SimpleData>
	</SchemaData></ExtendedData>
  </Placemark>
  <Placemark>
	<ExtendedData><SchemaData schemaUrl="#Sheet1">
		<SimpleData name="Capa">Ricaurte/kennedy/velodromo/Molinopamba/QUINTACHICA</SimpleData>
		<SimpleData name="Nombre">SM6211-8</SimpleData>
		<SimpleData name="Latitud">-2.871285</SimpleData>
		<SimpleData name="Longitud">-78.953207</SimpleData>
	</SchemaData></ExtendedData>
  </Placemark>
  <Placemark>
	<ExtendedData><SchemaData schemaUrl="#Sheet1">
		<SimpleData name="Capa">Ricaurte/kennedy/velodromo/Molinopamba/QUINTACHICA</SimpleData>
		<SimpleData name="Nombre">SM6212-1</SimpleData>
		<SimpleData name="Latitud">-2.875164</SimpleData>
		<SimpleData name="Longitud">-78.950964</SimpleData>
	</SchemaData></ExtendedData>
  </Placemark>
  <Placemark>
	<ExtendedData><SchemaData schemaUrl="#Sheet1">
		<SimpleData name="Capa">Ricaurte/kennedy/velodromo/Molinopamba/QUINTACHICA</SimpleData>
		<SimpleData name="Nombre">SM6212-2</SimpleData>
		<SimpleData name="Latitud">-2.875337</SimpleData>
		<SimpleData name="Longitud">-78.950703</SimpleData>
	</SchemaData></ExtendedData>
  </Placemark>
  <Placemark>
	<ExtendedData><SchemaData schemaUrl="#Sheet1">
		<SimpleData name="Capa">Ricaurte/kennedy/velodromo/Molinopamba/QUINTACHICA</SimpleData>
		<SimpleData name="Nombre">SM6212-3</SimpleData>
		<SimpleData name="Latitud">-2.877339</SimpleData>
		<SimpleData name="Longitud">-78.945328</SimpleData>
	</SchemaData></ExtendedData>
  </Placemark>
  <Placemark>
	<ExtendedData><SchemaData schemaUrl="#Sheet1">
		<SimpleData name="Capa">Ricaurte/kennedy/velodromo/Molinopamba/QUINTACHICA</SimpleData>
		<SimpleData name="Nombre">SM6212-4  CAJA NO ACTIVA</SimpleData>
		<SimpleData name="Latitud">-2.879263</SimpleData>
		<SimpleData name="Longitud">-78.945914</SimpleData>
	</SchemaData></ExtendedData>
  </Placemark>
  <Placemark>
	<ExtendedData><SchemaData schemaUrl="#Sheet1">
		<SimpleData name="Capa">Ricaurte/kennedy/velodromo/Molinopamba/QUINTACHICA</SimpleData>
		<SimpleData name="Nombre">SM6203-5</SimpleData>
		<SimpleData name="Latitud">-2.855596</SimpleData>
		<SimpleData name="Longitud">-78.962044</SimpleData>
	</SchemaData></ExtendedData>
  </Placemark>
  <Placemark>
	<ExtendedData><SchemaData schemaUrl="#Sheet1">
		<SimpleData name="Capa">Ricaurte/kennedy/velodromo/Molinopamba/QUINTACHICA</SimpleData>
		<SimpleData name="Nombre">SM6203-6 Ext2</SimpleData>
		<SimpleData name="Latitud">-2.8527714</SimpleData>
		<SimpleData name="Longitud">-78.9523624</SimpleData>
	</SchemaData></ExtendedData>
  </Placemark>
  <Placemark>
	<ExtendedData><SchemaData schemaUrl="#Sheet1">
		<SimpleData name="Capa">Ricaurte/kennedy/velodromo/Molinopamba/QUINTACHICA</SimpleData>
		<SimpleData name="Nombre">SM6203-7</SimpleData>
		<SimpleData name="Latitud">-2.851069</SimpleData>
		<SimpleData name="Longitud">-78.958683</SimpleData>
	</SchemaData></ExtendedData>
  </Placemark>
  <Placemark>
	<ExtendedData><SchemaData schemaUrl="#Sheet1">
		<SimpleData name="Capa">Ricaurte/kennedy/velodromo/Molinopamba/QUINTACHICA</SimpleData>
		<SimpleData name="Nombre">SM1301-5</SimpleData>
		<SimpleData name="Latitud">-2.887109</SimpleData>
		<SimpleData name="Longitud">-78.975726</SimpleData>
	</SchemaData></ExtendedData>
  </Placemark>
  <Placemark>
	<ExtendedData><SchemaData schemaUrl="#Sheet1">
		<SimpleData name="Capa">Ricaurte/kennedy/velodromo/Molinopamba/QUINTACHICA</SimpleData>
		<SimpleData name="Nombre">SM1303-6</SimpleData>
		<SimpleData name="Latitud">-2.886838</SimpleData>
		<SimpleData name="Longitud">-78.977415</SimpleData>
	</SchemaData></ExtendedData>
  </Placemark>
  <Placemark>
	<ExtendedData><SchemaData schemaUrl="#Sheet1">
		<SimpleData name="Capa">Ricaurte/kennedy/velodromo/Molinopamba/QUINTACHICA</SimpleData>
		<SimpleData name="Nombre">SM1303-6</SimpleData>
		<SimpleData name="Latitud">-2.886372</SimpleData>
		<SimpleData name="Longitud">-78.977994</SimpleData>
	</SchemaData></ExtendedData>
  </Placemark>
  <Placemark>
	<ExtendedData><SchemaData schemaUrl="#Sheet1">
		<SimpleData name="Capa">Ricaurte/kennedy/velodromo/Molinopamba/QUINTACHICA</SimpleData>
		<SimpleData name="Nombre">SM1303-5</SimpleData>
		<SimpleData name="Latitud">-2.888143</SimpleData>
		<SimpleData name="Longitud">-78.978227</SimpleData>
	</SchemaData></ExtendedData>
  </Placemark>
  <Placemark>
	<ExtendedData><SchemaData schemaUrl="#Sheet1">
		<SimpleData name="Capa">Ricaurte/kennedy/velodromo/Molinopamba/QUINTACHICA</SimpleData>
		<SimpleData name="Nombre">SM1303-7</SimpleData>
		<SimpleData name="Latitud">-2.888207</SimpleData>
		<SimpleData name="Longitud">-78.976894</SimpleData>
	</SchemaData></ExtendedData>
  </Placemark>
  <Placemark>
	<ExtendedData><SchemaData schemaUrl="#Sheet1">
		<SimpleData name="Capa">Ricaurte/kennedy/velodromo/Molinopamba/QUINTACHICA</SimpleData>
		<SimpleData name="Nombre">SM5201-6ext</SimpleData>
		<SimpleData name="Latitud">-2.888716</SimpleData>
		<SimpleData name="Longitud">-78.959617</SimpleData>
	</SchemaData></ExtendedData>
  </Placemark>
  <Placemark>
	<ExtendedData><SchemaData schemaUrl="#Sheet1">
		<SimpleData name="Capa">Ricaurte/kennedy/velodromo/Molinopamba/QUINTACHICA</SimpleData>
		<SimpleData name="Nombre">SM62112-4</SimpleData>
		<SimpleData name="Latitud">-2.874689</SimpleData>
		<SimpleData name="Longitud">-78.948008</SimpleData>
	</SchemaData></ExtendedData>
  </Placemark>
  <Placemark>
	<ExtendedData><SchemaData schemaUrl="#Sheet1">
		<SimpleData name="Capa">Ricaurte/kennedy/velodromo/Molinopamba/QUINTACHICA</SimpleData>
		<SimpleData name="Nombre">EXT.  SM6213-8</SimpleData>
		<SimpleData name="Latitud">-2.838421</SimpleData>
		<SimpleData name="Longitud">-78.970739</SimpleData>
	</SchemaData></ExtendedData>
  </Placemark>
  <Placemark>
	<ExtendedData><SchemaData schemaUrl="#Sheet1">
		<SimpleData name="Capa">Ricaurte/kennedy/velodromo/Molinopamba/QUINTACHICA</SimpleData>
		<SimpleData name="Nombre">SM100L1-2</SimpleData>
		<SimpleData name="Latitud">-2.846891</SimpleData>
		<SimpleData name="Longitud">-78.99012</SimpleData>
	</SchemaData></ExtendedData>
  </Placemark>
  <Placemark>
	<ExtendedData><SchemaData schemaUrl="#Sheet1">
		<SimpleData name="Capa">Ricaurte/kennedy/velodromo/Molinopamba/QUINTACHICA</SimpleData>
		<SimpleData name="Nombre">SM0801-1 Ext 1</SimpleData>
		<SimpleData name="Latitud">-2.86215</SimpleData>
		<SimpleData name="Longitud">-78.979591</SimpleData>
	</SchemaData></ExtendedData>
  </Placemark>
  <Placemark>
	<ExtendedData><SchemaData schemaUrl="#Sheet1">
		<SimpleData name="Capa">Ricaurte/kennedy/velodromo/Molinopamba/QUINTACHICA</SimpleData>
		<SimpleData name="Nombre">SM0801-1 Ext 2</SimpleData>
		<SimpleData name="Latitud">-2.862339</SimpleData>
		<SimpleData name="Longitud">-78.979508</SimpleData>
	</SchemaData></ExtendedData>
  </Placemark>
  <Placemark>
	<ExtendedData><SchemaData schemaUrl="#Sheet1">
		<SimpleData name="Capa">Ricaurte/kennedy/velodromo/Molinopamba/QUINTACHICA</SimpleData>
		<SimpleData name="Nombre">SM6214-8</SimpleData>
		<SimpleData name="Latitud">-2.871589</SimpleData>
		<SimpleData name="Longitud">-78.959967</SimpleData>
	</SchemaData></ExtendedData>
  </Placemark>
  <Placemark>
	<ExtendedData><SchemaData schemaUrl="#Sheet1">
		<SimpleData name="Capa">Ricaurte/kennedy/velodromo/Molinopamba/QUINTACHICA</SimpleData>
		<SimpleData name="Nombre">SM6004-5</SimpleData>
		<SimpleData name="Latitud">-2.8780792</SimpleData>
		<SimpleData name="Longitud">-78.9343242</SimpleData>
	</SchemaData></ExtendedData>
  </Placemark>
  <Placemark>
	<ExtendedData><SchemaData schemaUrl="#Sheet1">
		<SimpleData name="Capa">Ricaurte/kennedy/velodromo/Molinopamba/QUINTACHICA</SimpleData>
		<SimpleData name="Nombre">SM6203-6 Ext1</SimpleData>
		<SimpleData name="Latitud">-2.8545282</SimpleData>
		<SimpleData name="Longitud">-78.9563287</SimpleData>
	</SchemaData></ExtendedData>
  </Placemark>
  <Placemark>
	<ExtendedData><SchemaData schemaUrl="#Sheet1">
		<SimpleData name="Capa">EL VALLE -04-16-2024</SimpleData>
		<SimpleData name="Nombre">D01R01N01</SimpleData>
		<SimpleData name="Latitud">-2.924146</SimpleData>
		<SimpleData name="Longitud">-78.978195</SimpleData>
	</SchemaData></ExtendedData>
  </Placemark>
  <Placemark>
	<ExtendedData><SchemaData schemaUrl="#Sheet1">
		<SimpleData name="Capa">EL VALLE -04-16-2024</SimpleData>
		<SimpleData name="Nombre">D06R04N18</SimpleData>
		<SimpleData name="Latitud">-2.942607</SimpleData>
		<SimpleData name="Longitud">-78.934985</SimpleData>
	</SchemaData></ExtendedData>
  </Placemark>
  <Placemark>
	<ExtendedData><SchemaData schemaUrl="#Sheet1">
		<SimpleData name="Capa">EL VALLE -04-16-2024</SimpleData>
		<SimpleData name="Nombre">D06R04N17</SimpleData>
		<SimpleData name="Latitud">-2.944688</SimpleData>
		<SimpleData name="Longitud">-78.93726</SimpleData>
	</SchemaData></ExtendedData>
  </Placemark>
  <Placemark>
	<ExtendedData><SchemaData schemaUrl="#Sheet1">
		<SimpleData name="Capa">EL VALLE -04-16-2024</SimpleData>
		<SimpleData name="Nombre">D06R04N13</SimpleData>
		<SimpleData name="Latitud">-2.946913</SimpleData>
		<SimpleData name="Longitud">-78.942771</SimpleData>
	</SchemaData></ExtendedData>
  </Placemark>
  <Placemark>
	<ExtendedData><SchemaData schemaUrl="#Sheet1">
		<SimpleData name="Capa">EL VALLE -04-16-2024</SimpleData>
		<SimpleData name="Nombre">D06R04N14</SimpleData>
		<SimpleData name="Latitud">-2.948704</SimpleData>
		<SimpleData name="Longitud">-78.942071</SimpleData>
	</SchemaData></ExtendedData>
  </Placemark>
  <Placemark>
	<ExtendedData><SchemaData schemaUrl="#Sheet1">
		<SimpleData name="Capa">EL VALLE -04-16-2024</SimpleData>
		<SimpleData name="Nombre">D06R04N15</SimpleData>
		<SimpleData name="Latitud">-2.95106</SimpleData>
		<SimpleData name="Longitud">-78.94652</SimpleData>
	</SchemaData></ExtendedData>
  </Placemark>
  <Placemark>
	<ExtendedData><SchemaData schemaUrl="#Sheet1">
		<SimpleData name="Capa">EL VALLE -04-16-2024</SimpleData>
		<SimpleData name="Nombre">D06R04N16</SimpleData>
		<SimpleData name="Latitud">-2.949367</SimpleData>
		<SimpleData name="Longitud">-78.947419</SimpleData>
	</SchemaData></ExtendedData>
  </Placemark>
  <Placemark>
	<ExtendedData><SchemaData schemaUrl="#Sheet1">
		<SimpleData name="Capa">EL VALLE -04-16-2024</SimpleData>
		<SimpleData name="Nombre">D06R04N11</SimpleData>
		<SimpleData name="Latitud">-2.946221</SimpleData>
		<SimpleData name="Longitud">-78.947365</SimpleData>
	</SchemaData></ExtendedData>
  </Placemark>
  <Placemark>
	<ExtendedData><SchemaData schemaUrl="#Sheet1">
		<SimpleData name="Capa">EL VALLE -04-16-2024</SimpleData>
		<SimpleData name="Nombre">D06R04N10</SimpleData>
		<SimpleData name="Latitud">-2.943213</SimpleData>
		<SimpleData name="Longitud">-78.947904</SimpleData>
	</SchemaData></ExtendedData>
  </Placemark>
  <Placemark>
	<ExtendedData><SchemaData schemaUrl="#Sheet1">
		<SimpleData name="Capa">EL VALLE -04-16-2024</SimpleData>
		<SimpleData name="Nombre">D06R04N09</SimpleData>
		<SimpleData name="Latitud">-2.941998</SimpleData>
		<SimpleData name="Longitud">-78.948979</SimpleData>
	</SchemaData></ExtendedData>
  </Placemark>
  <Placemark>
	<ExtendedData><SchemaData schemaUrl="#Sheet1">
		<SimpleData name="Capa">EL VALLE -04-16-2024</SimpleData>
		<SimpleData name="Nombre">D06R04N08</SimpleData>
		<SimpleData name="Latitud">-2.942258</SimpleData>
		<SimpleData name="Longitud">-78.952612</SimpleData>
	</SchemaData></ExtendedData>
  </Placemark>
  <Placemark>
	<ExtendedData><SchemaData schemaUrl="#Sheet1">
		<SimpleData name="Capa">EL VALLE -04-16-2024</SimpleData>
		<SimpleData name="Nombre">D06R04N07</SimpleData>
		<SimpleData name="Latitud">-2.943176</SimpleData>
		<SimpleData name="Longitud">-78.954055</SimpleData>
	</SchemaData></ExtendedData>
  </Placemark>
  <Placemark>
	<ExtendedData><SchemaData schemaUrl="#Sheet1">
		<SimpleData name="Capa">EL VALLE -04-16-2024</SimpleData>
		<SimpleData name="Nombre">D06R04N12</SimpleData>
		<SimpleData name="Latitud">-2.946205</SimpleData>
		<SimpleData name="Longitud">-78.944014</SimpleData>
	</SchemaData></ExtendedData>
  </Placemark>
  <Placemark>
	<ExtendedData><SchemaData schemaUrl="#Sheet1">
		<SimpleData name="Capa">EL VALLE -04-16-2024</SimpleData>
		<SimpleData name="Nombre">D01R01N02</SimpleData>
		<SimpleData name="Latitud">-2.92621</SimpleData>
		<SimpleData name="Longitud">-78.981161</SimpleData>
	</SchemaData></ExtendedData>
  </Placemark>
  <Placemark>
	<ExtendedData><SchemaData schemaUrl="#Sheet1">
		<SimpleData name="Capa">EL VALLE -04-16-2024</SimpleData>
		<SimpleData name="Nombre">D01R01N03</SimpleData>
		<SimpleData name="Latitud">-2.927871</SimpleData>
		<SimpleData name="Longitud">-78.982882</SimpleData>
	</SchemaData></ExtendedData>
  </Placemark>
  <Placemark>
	<ExtendedData><SchemaData schemaUrl="#Sheet1">
		<SimpleData name="Capa">EL VALLE -04-16-2024</SimpleData>
		<SimpleData name="Nombre">D01R01N04</SimpleData>
		<SimpleData name="Latitud">-2.928728</SimpleData>
		<SimpleData name="Longitud">-78.985388</SimpleData>
	</SchemaData></ExtendedData>
  </Placemark>
  <Placemark>
	<ExtendedData><SchemaData schemaUrl="#Sheet1">
		<SimpleData name="Capa">EL VALLE -04-16-2024</SimpleData>
		<SimpleData name="Nombre">D01R01N05</SimpleData>
		<SimpleData name="Latitud">-2.929684</SimpleData>
		<SimpleData name="Longitud">-78.987422</SimpleData>
	</SchemaData></ExtendedData>
  </Placemark>
  <Placemark>
	<ExtendedData><SchemaData schemaUrl="#Sheet1">
		<SimpleData name="Capa">EL VALLE -04-16-2024</SimpleData>
		<SimpleData name="Nombre">D01R01N06</SimpleData>
		<SimpleData name="Latitud">-2.930012</SimpleData>
		<SimpleData name="Longitud">-78.989263</SimpleData>
	</SchemaData></ExtendedData>
  </Placemark>
  <Placemark>
	<ExtendedData><SchemaData schemaUrl="#Sheet1">
		<SimpleData name="Capa">EL VALLE -04-16-2024</SimpleData>
		<SimpleData name="Nombre">D01R01N07</SimpleData>
		<SimpleData name="Latitud">-2.933103</SimpleData>
		<SimpleData name="Longitud">-78.989496</SimpleData>
	</SchemaData></ExtendedData>
  </Placemark>
  <Placemark>
	<ExtendedData><SchemaData schemaUrl="#Sheet1">
		<SimpleData name="Capa">EL VALLE -04-16-2024</SimpleData>
		<SimpleData name="Nombre">D01R01N08</SimpleData>
		<SimpleData name="Latitud">-2.93</SimpleData>
		<SimpleData name="Longitud">-78.9835</SimpleData>
	</SchemaData></ExtendedData>
  </Placemark>
  <Placemark>
	<ExtendedData><SchemaData schemaUrl="#Sheet1">
		<SimpleData name="Capa">EL VALLE -04-16-2024</SimpleData>
		<SimpleData name="Nombre">D01R02N01</SimpleData>
		<SimpleData name="Latitud">-2.924482</SimpleData>
		<SimpleData name="Longitud">-78.976845</SimpleData>
	</SchemaData></ExtendedData>
  </Placemark>
  <Placemark>
	<ExtendedData><SchemaData schemaUrl="#Sheet1">
		<SimpleData name="Capa">EL VALLE -04-16-2024</SimpleData>
		<SimpleData name="Nombre">D01R02N02</SimpleData>
		<SimpleData name="Latitud">-2.925316</SimpleData>
		<SimpleData name="Longitud">-78.975434</SimpleData>
	</SchemaData></ExtendedData>
  </Placemark>
  <Placemark>
	<ExtendedData><SchemaData schemaUrl="#Sheet1">
		<SimpleData name="Capa">EL VALLE -04-16-2024</SimpleData>
		<SimpleData name="Nombre">D01R03N01</SimpleData>
		<SimpleData name="Latitud">-2.922632</SimpleData>
		<SimpleData name="Longitud">-78.978385</SimpleData>
	</SchemaData></ExtendedData>
  </Placemark>
  <Placemark>
	<ExtendedData><SchemaData schemaUrl="#Sheet1">
		<SimpleData name="Capa">EL VALLE -04-16-2024</SimpleData>
		<SimpleData name="Nombre">D01R03N02</SimpleData>
		<SimpleData name="Latitud">-2.920613</SimpleData>
		<SimpleData name="Longitud">-78.980054</SimpleData>
	</SchemaData></ExtendedData>
  </Placemark>
  <Placemark>
	<ExtendedData><SchemaData schemaUrl="#Sheet1">
		<SimpleData name="Capa">EL VALLE -04-16-2024</SimpleData>
		<SimpleData name="Nombre">D01R03N03</SimpleData>
		<SimpleData name="Latitud">-2.917812</SimpleData>
		<SimpleData name="Longitud">-78.9832</SimpleData>
	</SchemaData></ExtendedData>
  </Placemark>
  <Placemark>
	<ExtendedData><SchemaData schemaUrl="#Sheet1">
		<SimpleData name="Capa">EL VALLE -04-16-2024</SimpleData>
		<SimpleData name="Nombre">D02R01N01</SimpleData>
		<SimpleData name="Latitud">-2.92556</SimpleData>
		<SimpleData name="Longitud">-78.976196</SimpleData>
	</SchemaData></ExtendedData>
  </Placemark>
  <Placemark>
	<ExtendedData><SchemaData schemaUrl="#Sheet1">
		<SimpleData name="Capa">EL VALLE -04-16-2024</SimpleData>
		<SimpleData name="Nombre">D02R01N02</SimpleData>
		<SimpleData name="Latitud">-2.927142</SimpleData>
		<SimpleData name="Longitud">-78.977698</SimpleData>
	</SchemaData></ExtendedData>
  </Placemark>
  <Placemark>
	<ExtendedData><SchemaData schemaUrl="#Sheet1">
		<SimpleData name="Capa">EL VALLE -04-16-2024</SimpleData>
		<SimpleData name="Nombre">D02R01N03</SimpleData>
		<SimpleData name="Latitud">-2.92821</SimpleData>
		<SimpleData name="Longitud">-78.976452</SimpleData>
	</SchemaData></ExtendedData>
  </Placemark>
  <Placemark>
	<ExtendedData><SchemaData schemaUrl="#Sheet1">
		<SimpleData name="Capa">EL VALLE -04-16-2024</SimpleData>
		<SimpleData name="Nombre">D02R01N04</SimpleData>
		<SimpleData name="Latitud">-2.929595</SimpleData>
		<SimpleData name="Longitud">-78.977142</SimpleData>
	</SchemaData></ExtendedData>
  </Placemark>
  <Placemark>
	<ExtendedData><SchemaData schemaUrl="#Sheet1">
		<SimpleData name="Capa">EL VALLE -04-16-2024</SimpleData>
		<SimpleData name="Nombre">D02R01N05</SimpleData>
		<SimpleData name="Latitud">-2.928495</SimpleData>
		<SimpleData name="Longitud">-78.978817</SimpleData>
	</SchemaData></ExtendedData>
  </Placemark>
  <Placemark>
	<ExtendedData><SchemaData schemaUrl="#Sheet1">
		<SimpleData name="Capa">EL VALLE -04-16-2024</SimpleData>
		<SimpleData name="Nombre">D02R01N06</SimpleData>
		<SimpleData name="Latitud">-2.930975</SimpleData>
		<SimpleData name="Longitud">-78.980305</SimpleData>
	</SchemaData></ExtendedData>
  </Placemark>
  <Placemark>
	<ExtendedData><SchemaData schemaUrl="#Sheet1">
		<SimpleData name="Capa">EL VALLE -04-16-2024</SimpleData>
		<SimpleData name="Nombre">D02R01N07</SimpleData>
		<SimpleData name="Latitud">-2.933391</SimpleData>
		<SimpleData name="Longitud">-78.981614</SimpleData>
	</SchemaData></ExtendedData>
  </Placemark>
  <Placemark>
	<ExtendedData><SchemaData schemaUrl="#Sheet1">
		<SimpleData name="Capa">EL VALLE -04-16-2024</SimpleData>
		<SimpleData name="Nombre">D02R02N01</SimpleData>
		<SimpleData name="Latitud">-2.927225</SimpleData>
		<SimpleData name="Longitud">-78.973449</SimpleData>
	</SchemaData></ExtendedData>
  </Placemark>
  <Placemark>
	<ExtendedData><SchemaData schemaUrl="#Sheet1">
		<SimpleData name="Capa">EL VALLE -04-16-2024</SimpleData>
		<SimpleData name="Nombre">D02R02N02</SimpleData>
		<SimpleData name="Latitud">-2.929338</SimpleData>
		<SimpleData name="Longitud">-78.973644</SimpleData>
	</SchemaData></ExtendedData>
  </Placemark>
  <Placemark>
	<ExtendedData><SchemaData schemaUrl="#Sheet1">
		<SimpleData name="Capa">EL VALLE -04-16-2024</SimpleData>
		<SimpleData name="Nombre">D03R01N01</SimpleData>
		<SimpleData name="Latitud">-2.933769</SimpleData>
		<SimpleData name="Longitud">-78.974455</SimpleData>
	</SchemaData></ExtendedData>
  </Placemark>
  <Placemark>
	<ExtendedData><SchemaData schemaUrl="#Sheet1">
		<SimpleData name="Capa">EL VALLE -04-16-2024</SimpleData>
		<SimpleData name="Nombre">D03R01N02</SimpleData>
		<SimpleData name="Latitud">-2.93447</SimpleData>
		<SimpleData name="Longitud">-78.976038</SimpleData>
	</SchemaData></ExtendedData>
  </Placemark>
  <Placemark>
	<ExtendedData><SchemaData schemaUrl="#Sheet1">
		<SimpleData name="Capa">EL VALLE -04-16-2024</SimpleData>
		<SimpleData name="Nombre">D03R01N03</SimpleData>
		<SimpleData name="Latitud">-2.935466</SimpleData>
		<SimpleData name="Longitud">-78.977875</SimpleData>
	</SchemaData></ExtendedData>
  </Placemark>
  <Placemark>
	<ExtendedData><SchemaData schemaUrl="#Sheet1">
		<SimpleData name="Capa">EL VALLE -04-16-2024</SimpleData>
		<SimpleData name="Nombre">D03R01N04</SimpleData>
		<SimpleData name="Latitud">-2.934178</SimpleData>
		<SimpleData name="Longitud">-78.977498</SimpleData>
	</SchemaData></ExtendedData>
  </Placemark>
  <Placemark>
	<ExtendedData><SchemaData schemaUrl="#Sheet1">
		<SimpleData name="Capa">EL VALLE -04-16-2024</SimpleData>
		<SimpleData name="Nombre">D03R01N05</SimpleData>
		<SimpleData name="Latitud">-2.932346</SimpleData>
		<SimpleData name="Longitud">-78.976741</SimpleData>
	</SchemaData></ExtendedData>
  </Placemark>
  <Placemark>
	<ExtendedData><SchemaData schemaUrl="#Sheet1">
		<SimpleData name="Capa">EL VALLE -04-16-2024</SimpleData>
		<SimpleData name="Nombre">D03R01N06</SimpleData>
		<SimpleData name="Latitud">-2.937139</SimpleData>
		<SimpleData name="Longitud">-78.97993</SimpleData>
	</SchemaData></ExtendedData>
  </Placemark>
  <Placemark>
	<ExtendedData><SchemaData schemaUrl="#Sheet1">
		<SimpleData name="Capa">EL VALLE -04-16-2024</SimpleData>
		<SimpleData name="Nombre">D03R01N07</SimpleData>
		<SimpleData name="Latitud">-2.939142</SimpleData>
		<SimpleData name="Longitud">-78.981872</SimpleData>
	</SchemaData></ExtendedData>
  </Placemark>
  <Placemark>
	<ExtendedData><SchemaData schemaUrl="#Sheet1">
		<SimpleData name="Capa">EL VALLE -04-16-2024</SimpleData>
		<SimpleData name="Nombre">D03R01N08</SimpleData>
		<SimpleData name="Latitud">-2.938783</SimpleData>
		<SimpleData name="Longitud">-78.983482</SimpleData>
	</SchemaData></ExtendedData>
  </Placemark>
  <Placemark>
	<ExtendedData><SchemaData schemaUrl="#Sheet1">
		<SimpleData name="Capa">EL VALLE -04-16-2024</SimpleData>
		<SimpleData name="Nombre">D03R01N09</SimpleData>
		<SimpleData name="Latitud">-2.936343</SimpleData>
		<SimpleData name="Longitud">-78.98569</SimpleData>
	</SchemaData></ExtendedData>
  </Placemark>
  <Placemark>
	<ExtendedData><SchemaData schemaUrl="#Sheet1">
		<SimpleData name="Capa">EL VALLE -04-16-2024</SimpleData>
		<SimpleData name="Nombre">D03R01N10</SimpleData>
		<SimpleData name="Latitud">-2.940543</SimpleData>
		<SimpleData name="Longitud">-78.982759</SimpleData>
	</SchemaData></ExtendedData>
  </Placemark>
  <Placemark>
	<ExtendedData><SchemaData schemaUrl="#Sheet1">
		<SimpleData name="Capa">EL VALLE -04-16-2024</SimpleData>
		<SimpleData name="Nombre">D03R01N11</SimpleData>
		<SimpleData name="Latitud">-2.942288</SimpleData>
		<SimpleData name="Longitud">-78.98474</SimpleData>
	</SchemaData></ExtendedData>
  </Placemark>
  <Placemark>
	<ExtendedData><SchemaData schemaUrl="#Sheet1">
		<SimpleData name="Capa">EL VALLE -04-16-2024</SimpleData>
		<SimpleData name="Nombre">D03R01N12</SimpleData>
		<SimpleData name="Latitud">-2.936341</SimpleData>
		<SimpleData name="Longitud">-78.974215</SimpleData>
	</SchemaData></ExtendedData>
  </Placemark>
  <Placemark>
	<ExtendedData><SchemaData schemaUrl="#Sheet1">
		<SimpleData name="Capa">EL VALLE -04-16-2024</SimpleData>
		<SimpleData name="Nombre">D03R01N13</SimpleData>
		<SimpleData name="Latitud">-2.940119</SimpleData>
		<SimpleData name="Longitud">-78.972272</SimpleData>
	</SchemaData></ExtendedData>
  </Placemark>
  <Placemark>
	<ExtendedData><SchemaData schemaUrl="#Sheet1">
		<SimpleData name="Capa">EL VALLE -04-16-2024</SimpleData>
		<SimpleData name="Nombre">D04R01N01</SimpleData>
		<SimpleData name="Latitud">-2.923224</SimpleData>
		<SimpleData name="Longitud">-78.973865</SimpleData>
	</SchemaData></ExtendedData>
  </Placemark>
  <Placemark>
	<ExtendedData><SchemaData schemaUrl="#Sheet1">
		<SimpleData name="Capa">EL VALLE -04-16-2024</SimpleData>
		<SimpleData name="Nombre">D04R01N02</SimpleData>
		<SimpleData name="Latitud">-2.920309</SimpleData>
		<SimpleData name="Longitud">-78.974187</SimpleData>
	</SchemaData></ExtendedData>
  </Placemark>
  <Placemark>
	<ExtendedData><SchemaData schemaUrl="#Sheet1">
		<SimpleData name="Capa">EL VALLE -04-16-2024</SimpleData>
		<SimpleData name="Nombre">D04R01N03</SimpleData>
		<SimpleData name="Latitud">-2.918781</SimpleData>
		<SimpleData name="Longitud">-78.977009</SimpleData>
	</SchemaData></ExtendedData>
  </Placemark>
  <Placemark>
	<ExtendedData><SchemaData schemaUrl="#Sheet1">
		<SimpleData name="Capa">EL VALLE -04-16-2024</SimpleData>
		<SimpleData name="Nombre">D04R01N04</SimpleData>
		<SimpleData name="Latitud">-2.91839</SimpleData>
		<SimpleData name="Longitud">-78.975553</SimpleData>
	</SchemaData></ExtendedData>
  </Placemark>
  <Placemark>
	<ExtendedData><SchemaData schemaUrl="#Sheet1">
		<SimpleData name="Capa">EL VALLE -04-16-2024</SimpleData>
		<SimpleData name="Nombre">D04R01N05</SimpleData>
		<SimpleData name="Latitud">-2.918596</SimpleData>
		<SimpleData name="Longitud">-78.979599</SimpleData>
	</SchemaData></ExtendedData>
  </Placemark>
  <Placemark>
	<ExtendedData><SchemaData schemaUrl="#Sheet1">
		<SimpleData name="Capa">EL VALLE -04-16-2024</SimpleData>
		<SimpleData name="Nombre">D04R01N06</SimpleData>
		<SimpleData name="Latitud">-2.917498</SimpleData>
		<SimpleData name="Longitud">-78.977587</SimpleData>
	</SchemaData></ExtendedData>
  </Placemark>
  <Placemark>
	<ExtendedData><SchemaData schemaUrl="#Sheet1">
		<SimpleData name="Capa">EL VALLE -04-16-2024</SimpleData>
		<SimpleData name="Nombre">D04R01N07</SimpleData>
		<SimpleData name="Latitud">-2.916829</SimpleData>
		<SimpleData name="Longitud">-78.972534</SimpleData>
	</SchemaData></ExtendedData>
  </Placemark>
  <Placemark>
	<ExtendedData><SchemaData schemaUrl="#Sheet1">
		<SimpleData name="Capa">EL VALLE -04-16-2024</SimpleData>
		<SimpleData name="Nombre">D04R01N08</SimpleData>
		<SimpleData name="Latitud">-2.921221</SimpleData>
		<SimpleData name="Longitud">-78.973334</SimpleData>
	</SchemaData></ExtendedData>
  </Placemark>
  <Placemark>
	<ExtendedData><SchemaData schemaUrl="#Sheet1">
		<SimpleData name="Capa">EL VALLE -04-16-2024</SimpleData>
		<SimpleData name="Nombre">D04R02N01</SimpleData>
		<SimpleData name="Latitud">-2.925772</SimpleData>
		<SimpleData name="Longitud">-78.973318</SimpleData>
	</SchemaData></ExtendedData>
  </Placemark>
  <Placemark>
	<ExtendedData><SchemaData schemaUrl="#Sheet1">
		<SimpleData name="Capa">EL VALLE -04-16-2024</SimpleData>
		<SimpleData name="Nombre">D04R02N02</SimpleData>
		<SimpleData name="Latitud">-2.923128</SimpleData>
		<SimpleData name="Longitud">-78.971111</SimpleData>
	</SchemaData></ExtendedData>
  </Placemark>
  <Placemark>
	<ExtendedData><SchemaData schemaUrl="#Sheet1">
		<SimpleData name="Capa">EL VALLE -04-16-2024</SimpleData>
		<SimpleData name="Nombre">D04R02N03</SimpleData>
		<SimpleData name="Latitud">-2.919816</SimpleData>
		<SimpleData name="Longitud">-78.96988</SimpleData>
	</SchemaData></ExtendedData>
  </Placemark>
  <Placemark>
	<ExtendedData><SchemaData schemaUrl="#Sheet1">
		<SimpleData name="Capa">EL VALLE -04-16-2024</SimpleData>
		<SimpleData name="Nombre">D04R03N01</SimpleData>
		<SimpleData name="Latitud">-2.924718</SimpleData>
		<SimpleData name="Longitud">-78.97546</SimpleData>
	</SchemaData></ExtendedData>
  </Placemark>
  <Placemark>
	<ExtendedData><SchemaData schemaUrl="#Sheet1">
		<SimpleData name="Capa">EL VALLE -04-16-2024</SimpleData>
		<SimpleData name="Nombre">D04R04N01</SimpleData>
		<SimpleData name="Latitud">-2.922939</SimpleData>
		<SimpleData name="Longitud">-78.976219</SimpleData>
	</SchemaData></ExtendedData>
  </Placemark>
  <Placemark>
	<ExtendedData><SchemaData schemaUrl="#Sheet1">
		<SimpleData name="Capa">EL VALLE -04-16-2024</SimpleData>
		<SimpleData name="Nombre">D05R01N01</SimpleData>
		<SimpleData name="Latitud">-2.939954</SimpleData>
		<SimpleData name="Longitud">-78.967149</SimpleData>
	</SchemaData></ExtendedData>
  </Placemark>
  <Placemark>
	<ExtendedData><SchemaData schemaUrl="#Sheet1">
		<SimpleData name="Capa">EL VALLE -04-16-2024</SimpleData>
		<SimpleData name="Nombre">D05R01N02</SimpleData>
		<SimpleData name="Latitud">-2.935801</SimpleData>
		<SimpleData name="Longitud">-78.968777</SimpleData>
	</SchemaData></ExtendedData>
  </Placemark>
  <Placemark>
	<ExtendedData><SchemaData schemaUrl="#Sheet1">
		<SimpleData name="Capa">EL VALLE -04-16-2024</SimpleData>
		<SimpleData name="Nombre">D05R01N03</SimpleData>
		<SimpleData name="Latitud">-2.934006</SimpleData>
		<SimpleData name="Longitud">-78.969888</SimpleData>
	</SchemaData></ExtendedData>
  </Placemark>
  <Placemark>
	<ExtendedData><SchemaData schemaUrl="#Sheet1">
		<SimpleData name="Capa">EL VALLE -04-16-2024</SimpleData>
		<SimpleData name="Nombre">D05R01N04</SimpleData>
		<SimpleData name="Latitud">-2.933285</SimpleData>
		<SimpleData name="Longitud">-78.968258</SimpleData>
	</SchemaData></ExtendedData>
  </Placemark>
  <Placemark>
	<ExtendedData><SchemaData schemaUrl="#Sheet1">
		<SimpleData name="Capa">EL VALLE -04-16-2024</SimpleData>
		<SimpleData name="Nombre">D05R01N05</SimpleData>
		<SimpleData name="Latitud">-2.931573</SimpleData>
		<SimpleData name="Longitud">-78.967224</SimpleData>
	</SchemaData></ExtendedData>
  </Placemark>
  <Placemark>
	<ExtendedData><SchemaData schemaUrl="#Sheet1">
		<SimpleData name="Capa">EL VALLE -04-16-2024</SimpleData>
		<SimpleData name="Nombre">D05R02N01</SimpleData>
		<SimpleData name="Latitud">-2.937197</SimpleData>
		<SimpleData name="Longitud">-78.966446</SimpleData>
	</SchemaData></ExtendedData>
  </Placemark>
  <Placemark>
	<ExtendedData><SchemaData schemaUrl="#Sheet1">
		<SimpleData name="Capa">EL VALLE -04-16-2024</SimpleData>
		<SimpleData name="Nombre">D05R02N02</SimpleData>
		<SimpleData name="Latitud">-2.936627</SimpleData>
		<SimpleData name="Longitud">-78.965553</SimpleData>
	</SchemaData></ExtendedData>
  </Placemark>
  <Placemark>
	<ExtendedData><SchemaData schemaUrl="#Sheet1">
		<SimpleData name="Capa">EL VALLE -04-16-2024</SimpleData>
		<SimpleData name="Nombre">D05R02N03</SimpleData>
		<SimpleData name="Latitud">-2.934328</SimpleData>
		<SimpleData name="Longitud">-78.965687</SimpleData>
	</SchemaData></ExtendedData>
  </Placemark>
  <Placemark>
	<ExtendedData><SchemaData schemaUrl="#Sheet1">
		<SimpleData name="Capa">EL VALLE -04-16-2024</SimpleData>
		<SimpleData name="Nombre">D05R03N01</SimpleData>
		<SimpleData name="Latitud">-2.938581</SimpleData>
		<SimpleData name="Longitud">-78.96587</SimpleData>
	</SchemaData></ExtendedData>
  </Placemark>
  <Placemark>
	<ExtendedData><SchemaData schemaUrl="#Sheet1">
		<SimpleData name="Capa">EL VALLE -04-16-2024</SimpleData>
		<SimpleData name="Nombre">D05R03N02</SimpleData>
		<SimpleData name="Latitud">-2.937717</SimpleData>
		<SimpleData name="Longitud">-78.965537</SimpleData>
	</SchemaData></ExtendedData>
  </Placemark>
  <Placemark>
	<ExtendedData><SchemaData schemaUrl="#Sheet1">
		<SimpleData name="Capa">EL VALLE -04-16-2024</SimpleData>
		<SimpleData name="Nombre">D05R03N03</SimpleData>
		<SimpleData name="Latitud">-2.93926</SimpleData>
		<SimpleData name="Longitud">-78.96474</SimpleData>
	</SchemaData></ExtendedData>
  </Placemark>
  <Placemark>
	<ExtendedData><SchemaData schemaUrl="#Sheet1">
		<SimpleData name="Capa">EL VALLE -04-16-2024</SimpleData>
		<SimpleData name="Nombre">D05R03N04</SimpleData>
		<SimpleData name="Latitud">-2.938203</SimpleData>
		<SimpleData name="Longitud">-78.964182</SimpleData>
	</SchemaData></ExtendedData>
  </Placemark>
  <Placemark>
	<ExtendedData><SchemaData schemaUrl="#Sheet1">
		<SimpleData name="Capa">EL VALLE -04-16-2024</SimpleData>
		<SimpleData name="Nombre">D05R03N05</SimpleData>
		<SimpleData name="Latitud">-2.93821</SimpleData>
		<SimpleData name="Longitud">-78.963228</SimpleData>
	</SchemaData></ExtendedData>
  </Placemark>
  <Placemark>
	<ExtendedData><SchemaData schemaUrl="#Sheet1">
		<SimpleData name="Capa">EL VALLE -04-16-2024</SimpleData>
		<SimpleData name="Nombre">D05R03N06</SimpleData>
		<SimpleData name="Latitud">-2.936461</SimpleData>
		<SimpleData name="Longitud">-78.96257</SimpleData>
	</SchemaData></ExtendedData>
  </Placemark>
  <Placemark>
	<ExtendedData><SchemaData schemaUrl="#Sheet1">
		<SimpleData name="Capa">EL VALLE -04-16-2024</SimpleData>
		<SimpleData name="Nombre">D05R03N07</SimpleData>
		<SimpleData name="Latitud">-2.935946</SimpleData>
		<SimpleData name="Longitud">-78.964261</SimpleData>
	</SchemaData></ExtendedData>
  </Placemark>
  <Placemark>
	<ExtendedData><SchemaData schemaUrl="#Sheet1">
		<SimpleData name="Capa">EL VALLE -04-16-2024</SimpleData>
		<SimpleData name="Nombre">D05R03N08</SimpleData>
		<SimpleData name="Latitud">-2.937413</SimpleData>
		<SimpleData name="Longitud">-78.962021</SimpleData>
	</SchemaData></ExtendedData>
  </Placemark>
  <Placemark>
	<ExtendedData><SchemaData schemaUrl="#Sheet1">
		<SimpleData name="Capa">EL VALLE -04-16-2024</SimpleData>
		<SimpleData name="Nombre">D05R03N09</SimpleData>
		<SimpleData name="Latitud">-2.937259</SimpleData>
		<SimpleData name="Longitud">-78.96012</SimpleData>
	</SchemaData></ExtendedData>
  </Placemark>
  <Placemark>
	<ExtendedData><SchemaData schemaUrl="#Sheet1">
		<SimpleData name="Capa">EL VALLE -04-16-2024</SimpleData>
		<SimpleData name="Nombre">D05R03N10</SimpleData>
		<SimpleData name="Latitud">-2.935284</SimpleData>
		<SimpleData name="Longitud">-78.958402</SimpleData>
	</SchemaData></ExtendedData>
  </Placemark>
  <Placemark>
	<ExtendedData><SchemaData schemaUrl="#Sheet1">
		<SimpleData name="Capa">EL VALLE -04-16-2024</SimpleData>
		<SimpleData name="Nombre">D05R03N11</SimpleData>
		<SimpleData name="Latitud">-2.935995</SimpleData>
		<SimpleData name="Longitud">-78.962155</SimpleData>
	</SchemaData></ExtendedData>
  </Placemark>
  <Placemark>
	<ExtendedData><SchemaData schemaUrl="#Sheet1">
		<SimpleData name="Capa">EL VALLE -04-16-2024</SimpleData>
		<SimpleData name="Nombre">D05R04N01</SimpleData>
		<SimpleData name="Latitud">-2.942612</SimpleData>
		<SimpleData name="Longitud">-78.972589</SimpleData>
	</SchemaData></ExtendedData>
  </Placemark>
  <Placemark>
	<ExtendedData><SchemaData schemaUrl="#Sheet1">
		<SimpleData name="Capa">EL VALLE -04-16-2024</SimpleData>
		<SimpleData name="Nombre">D05R04N02</SimpleData>
		<SimpleData name="Latitud">-2.945464</SimpleData>
		<SimpleData name="Longitud">-78.971495</SimpleData>
	</SchemaData></ExtendedData>
  </Placemark>
  <Placemark>
	<ExtendedData><SchemaData schemaUrl="#Sheet1">
		<SimpleData name="Capa">EL VALLE -04-16-2024</SimpleData>
		<SimpleData name="Nombre">D05R04N03</SimpleData>
		<SimpleData name="Latitud">-2.949128</SimpleData>
		<SimpleData name="Longitud">-78.970718</SimpleData>
	</SchemaData></ExtendedData>
  </Placemark>
  <Placemark>
	<ExtendedData><SchemaData schemaUrl="#Sheet1">
		<SimpleData name="Capa">EL VALLE -04-16-2024</SimpleData>
		<SimpleData name="Nombre">D05R04N04</SimpleData>
		<SimpleData name="Latitud">-2.944931</SimpleData>
		<SimpleData name="Longitud">-78.974548</SimpleData>
	</SchemaData></ExtendedData>
  </Placemark>
  <Placemark>
	<ExtendedData><SchemaData schemaUrl="#Sheet1">
		<SimpleData name="Capa">EL VALLE -04-16-2024</SimpleData>
		<SimpleData name="Nombre">D05R04N05</SimpleData>
		<SimpleData name="Latitud">-2.945321</SimpleData>
		<SimpleData name="Longitud">-78.977537</SimpleData>
	</SchemaData></ExtendedData>
  </Placemark>
  <Placemark>
	<ExtendedData><SchemaData schemaUrl="#Sheet1">
		<SimpleData name="Capa">EL VALLE -04-16-2024</SimpleData>
		<SimpleData name="Nombre">D05R04N06</SimpleData>
		<SimpleData name="Latitud">-2.941272</SimpleData>
		<SimpleData name="Longitud">-78.97018</SimpleData>
	</SchemaData></ExtendedData>
  </Placemark>
  <Placemark>
	<ExtendedData><SchemaData schemaUrl="#Sheet1">
		<SimpleData name="Capa">EL VALLE -04-16-2024</SimpleData>
		<SimpleData name="Nombre">D060R04N03</SimpleData>
		<SimpleData name="Latitud">-2.945355</SimpleData>
		<SimpleData name="Longitud">-78.960293</SimpleData>
	</SchemaData></ExtendedData>
  </Placemark>
  <Placemark>
	<ExtendedData><SchemaData schemaUrl="#Sheet1">
		<SimpleData name="Capa">EL VALLE -04-16-2024</SimpleData>
		<SimpleData name="Nombre">D06R01N01</SimpleData>
		<SimpleData name="Latitud">-2.945376</SimpleData>
		<SimpleData name="Longitud">-78.964695</SimpleData>
	</SchemaData></ExtendedData>
  </Placemark>
  <Placemark>
	<ExtendedData><SchemaData schemaUrl="#Sheet1">
		<SimpleData name="Capa">EL VALLE -04-16-2024</SimpleData>
		<SimpleData name="Nombre">D06R01N02</SimpleData>
		<SimpleData name="Latitud">-2.946804</SimpleData>
		<SimpleData name="Longitud">-78.965147</SimpleData>
	</SchemaData></ExtendedData>
  </Placemark>
  <Placemark>
	<ExtendedData><SchemaData schemaUrl="#Sheet1">
		<SimpleData name="Capa">EL VALLE -04-16-2024</SimpleData>
		<SimpleData name="Nombre">D06R01N03</SimpleData>
		<SimpleData name="Latitud">-2.949837</SimpleData>
		<SimpleData name="Longitud">-78.967219</SimpleData>
	</SchemaData></ExtendedData>
  </Placemark>
  <Placemark>
	<ExtendedData><SchemaData schemaUrl="#Sheet1">
		<SimpleData name="Capa">EL VALLE -04-16-2024</SimpleData>
		<SimpleData name="Nombre">D06R01N04</SimpleData>
		<SimpleData name="Latitud">-2.951286</SimpleData>
		<SimpleData name="Longitud">-78.970066</SimpleData>
	</SchemaData></ExtendedData>
  </Placemark>
  <Placemark>
	<ExtendedData><SchemaData schemaUrl="#Sheet1">
		<SimpleData name="Capa">EL VALLE -04-16-2024</SimpleData>
		<SimpleData name="Nombre">D06R02N01</SimpleData>
		<SimpleData name="Latitud">-2.941287</SimpleData>
		<SimpleData name="Longitud">-78.962522</SimpleData>
	</SchemaData></ExtendedData>
  </Placemark>
  <Placemark>
	<ExtendedData><SchemaData schemaUrl="#Sheet1">
		<SimpleData name="Capa">EL VALLE -04-16-2024</SimpleData>
		<SimpleData name="Nombre">D06R02N02</SimpleData>
		<SimpleData name="Latitud">-2.939214</SimpleData>
		<SimpleData name="Longitud">-78.960907</SimpleData>
	</SchemaData></ExtendedData>
  </Placemark>
  <Placemark>
	<ExtendedData><SchemaData schemaUrl="#Sheet1">
		<SimpleData name="Capa">EL VALLE -04-16-2024</SimpleData>
		<SimpleData name="Nombre">D06R02N03</SimpleData>
		<SimpleData name="Latitud">-2.937889</SimpleData>
		<SimpleData name="Longitud">-78.95853</SimpleData>
	</SchemaData></ExtendedData>
  </Placemark>
  <Placemark>
	<ExtendedData><SchemaData schemaUrl="#Sheet1">
		<SimpleData name="Capa">EL VALLE -04-16-2024</SimpleData>
		<SimpleData name="Nombre">D06R03N01</SimpleData>
		<SimpleData name="Latitud">-2.942805</SimpleData>
		<SimpleData name="Longitud">-78.966164</SimpleData>
	</SchemaData></ExtendedData>
  </Placemark>
  <Placemark>
	<ExtendedData><SchemaData schemaUrl="#Sheet1">
		<SimpleData name="Capa">EL VALLE -04-16-2024</SimpleData>
		<SimpleData name="Nombre">D06R03N02</SimpleData>
		<SimpleData name="Latitud">-2.944476</SimpleData>
		<SimpleData name="Longitud">-78.968281</SimpleData>
	</SchemaData></ExtendedData>
  </Placemark>
  <Placemark>
	<ExtendedData><SchemaData schemaUrl="#Sheet1">
		<SimpleData name="Capa">EL VALLE -04-16-2024</SimpleData>
		<SimpleData name="Nombre">D06R04N01</SimpleData>
		<SimpleData name="Latitud">-2.943172</SimpleData>
		<SimpleData name="Longitud">-78.960663</SimpleData>
	</SchemaData></ExtendedData>
  </Placemark>
  <Placemark>
	<ExtendedData><SchemaData schemaUrl="#Sheet1">
		<SimpleData name="Capa">EL VALLE -04-16-2024</SimpleData>
		<SimpleData name="Nombre">D06R04N02</SimpleData>
		<SimpleData name="Latitud">-2.94393</SimpleData>
		<SimpleData name="Longitud">-78.957559</SimpleData>
	</SchemaData></ExtendedData>
  </Placemark>
  <Placemark>
	<ExtendedData><SchemaData schemaUrl="#Sheet1">
		<SimpleData name="Capa">EL VALLE -04-16-2024</SimpleData>
		<SimpleData name="Nombre">D06R04N04</SimpleData>
		<SimpleData name="Latitud">-2.946402</SimpleData>
		<SimpleData name="Longitud">-78.961258</SimpleData>
	</SchemaData></ExtendedData>
  </Placemark>
  <Placemark>
	<ExtendedData><SchemaData schemaUrl="#Sheet1">
		<SimpleData name="Capa">EL VALLE -04-16-2024</SimpleData>
		<SimpleData name="Nombre">D06R04N05</SimpleData>
		<SimpleData name="Latitud">-2.949193</SimpleData>
		<SimpleData name="Longitud">-78.96221</SimpleData>
	</SchemaData></ExtendedData>
  </Placemark>
  <Placemark>
	<ExtendedData><SchemaData schemaUrl="#Sheet1">
		<SimpleData name="Capa">EL VALLE -04-16-2024</SimpleData>
		<SimpleData name="Nombre">D07R01N01</SimpleData>
		<SimpleData name="Latitud">-2.928373</SimpleData>
		<SimpleData name="Longitud">-78.971333</SimpleData>
	</SchemaData></ExtendedData>
  </Placemark>
  <Placemark>
	<ExtendedData><SchemaData schemaUrl="#Sheet1">
		<SimpleData name="Capa">EL VALLE -04-16-2024</SimpleData>
		<SimpleData name="Nombre">D07R01N02</SimpleData>
		<SimpleData name="Latitud">-2.927255</SimpleData>
		<SimpleData name="Longitud">-78.97231</SimpleData>
	</SchemaData></ExtendedData>
  </Placemark>
  <Placemark>
	<ExtendedData><SchemaData schemaUrl="#Sheet1">
		<SimpleData name="Capa">EL VALLE -04-16-2024</SimpleData>
		<SimpleData name="Nombre">D07R02N01</SimpleData>
		<SimpleData name="Latitud">-2.930565</SimpleData>
		<SimpleData name="Longitud">-78.970044</SimpleData>
	</SchemaData></ExtendedData>
  </Placemark>
  <Placemark>
	<ExtendedData><SchemaData schemaUrl="#Sheet1">
		<SimpleData name="Capa">EL VALLE -04-16-2024</SimpleData>
		<SimpleData name="Nombre">D07R02N02</SimpleData>
		<SimpleData name="Latitud">-2.930647</SimpleData>
		<SimpleData name="Longitud">-78.967878</SimpleData>
	</SchemaData></ExtendedData>
  </Placemark>
  <Placemark>
	<ExtendedData><SchemaData schemaUrl="#Sheet1">
		<SimpleData name="Capa">EL VALLE -04-16-2024</SimpleData>
		<SimpleData name="Nombre">D07R02N03</SimpleData>
		<SimpleData name="Latitud">-2.929483</SimpleData>
		<SimpleData name="Longitud">-78.965326</SimpleData>
	</SchemaData></ExtendedData>
  </Placemark>
  <Placemark>
	<ExtendedData><SchemaData schemaUrl="#Sheet1">
		<SimpleData name="Capa">EL VALLE -04-16-2024</SimpleData>
		<SimpleData name="Nombre">D07R03N01</SimpleData>
		<SimpleData name="Latitud">-2.928161</SimpleData>
		<SimpleData name="Longitud">-78.97101</SimpleData>
	</SchemaData></ExtendedData>
  </Placemark>
  <Placemark>
	<ExtendedData><SchemaData schemaUrl="#Sheet1">
		<SimpleData name="Capa">EL VALLE -04-16-2024</SimpleData>
		<SimpleData name="Nombre">D07R03N02</SimpleData>
		<SimpleData name="Latitud">-2.925504</SimpleData>
		<SimpleData name="Longitud">-78.969797</SimpleData>
	</SchemaData></ExtendedData>
  </Placemark>
  <Placemark>
	<ExtendedData><SchemaData schemaUrl="#Sheet1">
		<SimpleData name="Capa">EL VALLE -04-16-2024</SimpleData>
		<SimpleData name="Nombre">D07R03N03</SimpleData>
		<SimpleData name="Latitud">-2.924759</SimpleData>
		<SimpleData name="Longitud">-78.967798</SimpleData>
	</SchemaData></ExtendedData>
  </Placemark>
  <Placemark>
	<ExtendedData><SchemaData schemaUrl="#Sheet1">
		<SimpleData name="Capa">EL VALLE -04-16-2024</SimpleData>
		<SimpleData name="Nombre">D07R03N04</SimpleData>
		<SimpleData name="Latitud">-2.926733</SimpleData>
		<SimpleData name="Longitud">-78.96943</SimpleData>
	</SchemaData></ExtendedData>
  </Placemark>
  <Placemark>
	<ExtendedData><SchemaData schemaUrl="#Sheet1">
		<SimpleData name="Capa">EL VALLE -04-16-2024</SimpleData>
		<SimpleData name="Nombre">D07R04N01</SimpleData>
		<SimpleData name="Latitud">-2.929679</SimpleData>
		<SimpleData name="Longitud">-78.97098</SimpleData>
	</SchemaData></ExtendedData>
  </Placemark>
  <Placemark>
	<ExtendedData><SchemaData schemaUrl="#Sheet1">
		<SimpleData name="Capa">EL VALLE -04-16-2024</SimpleData>
		<SimpleData name="Nombre">D07R04N02</SimpleData>
		<SimpleData name="Latitud">-2.931115</SimpleData>
		<SimpleData name="Longitud">-78.971288</SimpleData>
	</SchemaData></ExtendedData>
  </Placemark>
  <Placemark>
	<ExtendedData><SchemaData schemaUrl="#Sheet1">
		<SimpleData name="Capa">EL VALLE -04-16-2024</SimpleData>
		<SimpleData name="Nombre">D07R04N03</SimpleData>
		<SimpleData name="Latitud">-2.932353</SimpleData>
		<SimpleData name="Longitud">-78.971809</SimpleData>
	</SchemaData></ExtendedData>
  </Placemark>
  <Placemark>
	<ExtendedData><SchemaData schemaUrl="#Sheet1">
		<SimpleData name="Capa">EL VALLE -04-16-2024</SimpleData>
		<SimpleData name="Nombre">D07R04N04</SimpleData>
		<SimpleData name="Latitud">-2.930143</SimpleData>
		<SimpleData name="Longitud">-78.972581</SimpleData>
	</SchemaData></ExtendedData>
  </Placemark>
  <Placemark>
	<ExtendedData><SchemaData schemaUrl="#Sheet1">
		<SimpleData name="Capa">EL VALLE -04-16-2024</SimpleData>
		<SimpleData name="Nombre">D05R02N04</SimpleData>
		<SimpleData name="Latitud">-2.932882</SimpleData>
		<SimpleData name="Longitud">-78.963286</SimpleData>
	</SchemaData></ExtendedData>
  </Placemark>
  <Placemark>
	<ExtendedData><SchemaData schemaUrl="#Sheet1">
		<SimpleData name="Capa">EL VALLE -04-16-2024</SimpleData>
		<SimpleData name="Nombre">D03R01N14</SimpleData>
		<SimpleData name="Latitud">-2.937773</SimpleData>
		<SimpleData name="Longitud">-78.977951</SimpleData>
	</SchemaData></ExtendedData>
  </Placemark>
  <Placemark>
	<ExtendedData><SchemaData schemaUrl="#Sheet1">
		<SimpleData name="Capa">EL VALLE -04-16-2024</SimpleData>
		<SimpleData name="Nombre">D03R01N15</SimpleData>
		<SimpleData name="Latitud">-2.940982</SimpleData>
		<SimpleData name="Longitud">-78.98015</SimpleData>
	</SchemaData></ExtendedData>
  </Placemark>
  <Placemark>
	<ExtendedData><SchemaData schemaUrl="#Sheet1">
		<SimpleData name="Capa">EL VALLE -04-16-2024</SimpleData>
		<SimpleData name="Nombre">D05R02N05</SimpleData>
		<SimpleData name="Latitud">-2.931526</SimpleData>
		<SimpleData name="Longitud">-78.961604</SimpleData>
	</SchemaData></ExtendedData>
  </Placemark>
  <Placemark>
	<ExtendedData><SchemaData schemaUrl="#Sheet1">
		<SimpleData name="Capa">EL VALLE -04-16-2024</SimpleData>
		<SimpleData name="Nombre">D02R02N03</SimpleData>
		<SimpleData name="Latitud">-2.928234</SimpleData>
		<SimpleData name="Longitud">-78.971793</SimpleData>
	</SchemaData></ExtendedData>
  </Placemark>
  <Placemark>
	<ExtendedData><SchemaData schemaUrl="#Sheet1">
		<SimpleData name="Capa">EL VALLE -04-16-2024</SimpleData>
		<SimpleData name="Nombre">D02R02N04</SimpleData>
		<SimpleData name="Latitud">-2.92977</SimpleData>
		<SimpleData name="Longitud">-78.972128</SimpleData>
	</SchemaData></ExtendedData>
  </Placemark>
  <Placemark>
	<ExtendedData><SchemaData schemaUrl="#Sheet1">
		<SimpleData name="Capa">EL VALLE -04-16-2024</SimpleData>
		<SimpleData name="Nombre">D07R03N05</SimpleData>
		<SimpleData name="Latitud">-2.926544</SimpleData>
		<SimpleData name="Longitud">-78.970824</SimpleData>
	</SchemaData></ExtendedData>
  </Placemark>
  <Placemark>
	<ExtendedData><SchemaData schemaUrl="#Sheet1">
		<SimpleData name="Capa">EL VALLE -04-16-2024</SimpleData>
		<SimpleData name="Nombre">D03R01N04</SimpleData>
		<SimpleData name="Latitud">-2.924587</SimpleData>
		<SimpleData name="Longitud">-78.915694</SimpleData>
	</SchemaData></ExtendedData>
  </Placemark>
  <Placemark>
	<ExtendedData><SchemaData schemaUrl="#Sheet1">
		<SimpleData name="Capa">EL VALLE -04-16-2024</SimpleData>
		<SimpleData name="Nombre">D03R01N07</SimpleData>
		<SimpleData name="Latitud">-2.923487</SimpleData>
		<SimpleData name="Longitud">-78.919142</SimpleData>
	</SchemaData></ExtendedData>
  </Placemark>
  <Placemark>
	<ExtendedData><SchemaData schemaUrl="#Sheet1">
		<SimpleData name="Capa">EL VALLE -04-16-2024</SimpleData>
		<SimpleData name="Nombre">D03R01N03</SimpleData>
		<SimpleData name="Latitud">-2.928953</SimpleData>
		<SimpleData name="Longitud">-78.916375</SimpleData>
	</SchemaData></ExtendedData>
  </Placemark>
  <Placemark>
	<ExtendedData><SchemaData schemaUrl="#Sheet1">
		<SimpleData name="Capa">EL VALLE -04-16-2024</SimpleData>
		<SimpleData name="Nombre">D03R01N02</SimpleData>
		<SimpleData name="Latitud">-2.933392</SimpleData>
		<SimpleData name="Longitud">-78.918704</SimpleData>
	</SchemaData></ExtendedData>
  </Placemark>
  <Placemark>
	<ExtendedData><SchemaData schemaUrl="#Sheet1">
		<SimpleData name="Capa">EL VALLE -04-16-2024</SimpleData>
		<SimpleData name="Nombre">D03R01N01</SimpleData>
		<SimpleData name="Latitud">-2.935198</SimpleData>
		<SimpleData name="Longitud">-78.919662</SimpleData>
	</SchemaData></ExtendedData>
  </Placemark>
  <Placemark>
	<ExtendedData><SchemaData schemaUrl="#Sheet1">
		<SimpleData name="Capa">EL VALLE -04-16-2024</SimpleData>
		<SimpleData name="Nombre">D03R02N03</SimpleData>
		<SimpleData name="Latitud">-2.936497</SimpleData>
		<SimpleData name="Longitud">-78.920468</SimpleData>
	</SchemaData></ExtendedData>
  </Placemark>
  <Placemark>
	<ExtendedData><SchemaData schemaUrl="#Sheet1">
		<SimpleData name="Capa">EL VALLE -04-16-2024</SimpleData>
		<SimpleData name="Nombre">D03R02N01</SimpleData>
		<SimpleData name="Latitud">-2.936898</SimpleData>
		<SimpleData name="Longitud">-78.919971</SimpleData>
	</SchemaData></ExtendedData>
  </Placemark>
  <Placemark>
	<ExtendedData><SchemaData schemaUrl="#Sheet1">
		<SimpleData name="Capa">EL VALLE -04-16-2024</SimpleData>
		<SimpleData name="Nombre">D03R02N02</SimpleData>
		<SimpleData name="Latitud">-2.938137</SimpleData>
		<SimpleData name="Longitud">-78.920126</SimpleData>
	</SchemaData></ExtendedData>
  </Placemark>
  <Placemark>
	<ExtendedData><SchemaData schemaUrl="#Sheet1">
		<SimpleData name="Capa">EL VALLE -04-16-2024</SimpleData>
		<SimpleData name="Nombre">D01R04N03</SimpleData>
		<SimpleData name="Latitud">-2.954799</SimpleData>
		<SimpleData name="Longitud">-78.919978</SimpleData>
	</SchemaData></ExtendedData>
  </Placemark>
  <Placemark>
	<ExtendedData><SchemaData schemaUrl="#Sheet1">
		<SimpleData name="Capa">EL VALLE -04-16-2024</SimpleData>
		<SimpleData name="Nombre">D03R03N01</SimpleData>
		<SimpleData name="Latitud">-2.935161</SimpleData>
		<SimpleData name="Longitud">-78.92147</SimpleData>
	</SchemaData></ExtendedData>
  </Placemark>
  <Placemark>
	<ExtendedData><SchemaData schemaUrl="#Sheet1">
		<SimpleData name="Capa">EL VALLE -04-16-2024</SimpleData>
		<SimpleData name="Nombre">D03R03N02</SimpleData>
		<SimpleData name="Latitud">-2.931395</SimpleData>
		<SimpleData name="Longitud">-78.923839</SimpleData>
	</SchemaData></ExtendedData>
  </Placemark>
  <Placemark>
	<ExtendedData><SchemaData schemaUrl="#Sheet1">
		<SimpleData name="Capa">EL VALLE -04-16-2024</SimpleData>
		<SimpleData name="Nombre">D02R03N02</SimpleData>
		<SimpleData name="Latitud">-2.934037</SimpleData>
		<SimpleData name="Longitud">-78.930448</SimpleData>
	</SchemaData></ExtendedData>
  </Placemark>
  <Placemark>
	<ExtendedData><SchemaData schemaUrl="#Sheet1">
		<SimpleData name="Capa">EL VALLE -04-16-2024</SimpleData>
		<SimpleData name="Nombre">D02R03N01</SimpleData>
		<SimpleData name="Latitud">-2.936061</SimpleData>
		<SimpleData name="Longitud">-78.931614</SimpleData>
	</SchemaData></ExtendedData>
  </Placemark>
  <Placemark>
	<ExtendedData><SchemaData schemaUrl="#Sheet1">
		<SimpleData name="Capa">EL VALLE -04-16-2024</SimpleData>
		<SimpleData name="Nombre">D02R02N01</SimpleData>
		<SimpleData name="Latitud">-2.939077</SimpleData>
		<SimpleData name="Longitud">-78.936856</SimpleData>
	</SchemaData></ExtendedData>
  </Placemark>
  <Placemark>
	<ExtendedData><SchemaData schemaUrl="#Sheet1">
		<SimpleData name="Capa">EL VALLE -04-16-2024</SimpleData>
		<SimpleData name="Nombre">D02R02N02</SimpleData>
		<SimpleData name="Latitud">-2.939989</SimpleData>
		<SimpleData name="Longitud">-78.937717</SimpleData>
	</SchemaData></ExtendedData>
  </Placemark>
  <Placemark>
	<ExtendedData><SchemaData schemaUrl="#Sheet1">
		<SimpleData name="Capa">EL VALLE -04-16-2024</SimpleData>
		<SimpleData name="Nombre">D02R02N03</SimpleData>
		<SimpleData name="Latitud">-2.939283</SimpleData>
		<SimpleData name="Longitud">-78.9404</SimpleData>
	</SchemaData></ExtendedData>
  </Placemark>
  <Placemark>
	<ExtendedData><SchemaData schemaUrl="#Sheet1">
		<SimpleData name="Capa">EL VALLE -04-16-2024</SimpleData>
		<SimpleData name="Nombre">D02R01N01</SimpleData>
		<SimpleData name="Latitud">-2.939877</SimpleData>
		<SimpleData name="Longitud">-78.932937</SimpleData>
	</SchemaData></ExtendedData>
  </Placemark>
  <Placemark>
	<ExtendedData><SchemaData schemaUrl="#Sheet1">
		<SimpleData name="Capa">EL VALLE -04-16-2024</SimpleData>
		<SimpleData name="Nombre">D02R01N02</SimpleData>
		<SimpleData name="Latitud">-2.940287</SimpleData>
		<SimpleData name="Longitud">-78.929615</SimpleData>
	</SchemaData></ExtendedData>
  </Placemark>
  <Placemark>
	<ExtendedData><SchemaData schemaUrl="#Sheet1">
		<SimpleData name="Capa">EL VALLE -04-16-2024</SimpleData>
		<SimpleData name="Nombre">D02R01N03</SimpleData>
		<SimpleData name="Latitud">-2.941022</SimpleData>
		<SimpleData name="Longitud">-78.927293</SimpleData>
	</SchemaData></ExtendedData>
  </Placemark>
  <Placemark>
	<ExtendedData><SchemaData schemaUrl="#Sheet1">
		<SimpleData name="Capa">EL VALLE -04-16-2024</SimpleData>
		<SimpleData name="Nombre">D02R01N04</SimpleData>
		<SimpleData name="Latitud">-2.940016</SimpleData>
		<SimpleData name="Longitud">-78.925964</SimpleData>
	</SchemaData></ExtendedData>
  </Placemark>
  <Placemark>
	<ExtendedData><SchemaData schemaUrl="#Sheet1">
		<SimpleData name="Capa">EL VALLE -04-16-2024</SimpleData>
		<SimpleData name="Nombre">D02R01N05</SimpleData>
		<SimpleData name="Latitud">-2.940112</SimpleData>
		<SimpleData name="Longitud">-78.921817</SimpleData>
	</SchemaData></ExtendedData>
  </Placemark>
  <Placemark>
	<ExtendedData><SchemaData schemaUrl="#Sheet1">
		<SimpleData name="Capa">EL VALLE -04-16-2024</SimpleData>
		<SimpleData name="Nombre">D01R01N02</SimpleData>
		<SimpleData name="Latitud">-2.939798</SimpleData>
		<SimpleData name="Longitud">-78.917519</SimpleData>
	</SchemaData></ExtendedData>
  </Placemark>
  <Placemark>
	<ExtendedData><SchemaData schemaUrl="#Sheet1">
		<SimpleData name="Capa">EL VALLE -04-16-2024</SimpleData>
		<SimpleData name="Nombre">D01R01N01</SimpleData>
		<SimpleData name="Latitud">-2.940743</SimpleData>
		<SimpleData name="Longitud">-78.920865</SimpleData>
	</SchemaData></ExtendedData>
  </Placemark>
  <Placemark>
	<ExtendedData><SchemaData schemaUrl="#Sheet1">
		<SimpleData name="Capa">EL VALLE -04-16-2024</SimpleData>
		<SimpleData name="Nombre">D01R02N01 FO12</SimpleData>
		<SimpleData name="Latitud">-2.942647</SimpleData>
		<SimpleData name="Longitud">-78.921498</SimpleData>
	</SchemaData></ExtendedData>
  </Placemark>
  <Placemark>
	<ExtendedData><SchemaData schemaUrl="#Sheet1">
		<SimpleData name="Capa">EL VALLE -04-16-2024</SimpleData>
		<SimpleData name="Nombre">D01R04N02</SimpleData>
		<SimpleData name="Latitud">-2.949207</SimpleData>
		<SimpleData name="Longitud">-78.923375</SimpleData>
	</SchemaData></ExtendedData>
  </Placemark>
  <Placemark>
	<ExtendedData><SchemaData schemaUrl="#Sheet1">
		<SimpleData name="Capa">EL VALLE -04-16-2024</SimpleData>
		<SimpleData name="Nombre">D01R02N02</SimpleData>
		<SimpleData name="Latitud">-2.941764</SimpleData>
		<SimpleData name="Longitud">-78.924057</SimpleData>
	</SchemaData></ExtendedData>
  </Placemark>
  <Placemark>
	<ExtendedData><SchemaData schemaUrl="#Sheet1">
		<SimpleData name="Capa">EL VALLE -04-16-2024</SimpleData>
		<SimpleData name="Nombre">D01R03N01</SimpleData>
		<SimpleData name="Latitud">-2.941287</SimpleData>
		<SimpleData name="Longitud">-78.923681</SimpleData>
	</SchemaData></ExtendedData>
  </Placemark>
  <Placemark>
	<ExtendedData><SchemaData schemaUrl="#Sheet1">
		<SimpleData name="Capa">EL VALLE -04-16-2024</SimpleData>
		<SimpleData name="Nombre">D01R02N03</SimpleData>
		<SimpleData name="Latitud">-2.946168</SimpleData>
		<SimpleData name="Longitud">-78.926543</SimpleData>
	</SchemaData></ExtendedData>
  </Placemark>
  <Placemark>
	<ExtendedData><SchemaData schemaUrl="#Sheet1">
		<SimpleData name="Capa">EL VALLE -04-16-2024</SimpleData>
		<SimpleData name="Nombre">D01R04N01</SimpleData>
		<SimpleData name="Latitud">-2.946482</SimpleData>
		<SimpleData name="Longitud">-78.922639</SimpleData>
	</SchemaData></ExtendedData>
  </Placemark>
  <Placemark>
	<ExtendedData><SchemaData schemaUrl="#Sheet1">
		<SimpleData name="Capa">EL VALLE -04-16-2024</SimpleData>
		<SimpleData name="Nombre">D03R01N05</SimpleData>
		<SimpleData name="Latitud">-2.922544</SimpleData>
		<SimpleData name="Longitud">-78.914064</SimpleData>
	</SchemaData></ExtendedData>
  </Placemark>
  <Placemark>
	<ExtendedData><SchemaData schemaUrl="#Sheet1">
		<SimpleData name="Capa">EL VALLE -04-16-2024</SimpleData>
		<SimpleData name="Nombre">D03R03N03</SimpleData>
		<SimpleData name="Latitud">-2.928888</SimpleData>
		<SimpleData name="Longitud">-78.923835</SimpleData>
	</SchemaData></ExtendedData>
  </Placemark>
  <Placemark>
	<ExtendedData><SchemaData schemaUrl="#Sheet1">
		<SimpleData name="Capa">EL VALLE -04-16-2024</SimpleData>
		<SimpleData name="Nombre">D02R02N03</SimpleData>
		<SimpleData name="Latitud">-2.958677</SimpleData>
		<SimpleData name="Longitud">-78.93125</SimpleData>
	</SchemaData></ExtendedData>
  </Placemark>
  <Placemark>
	<ExtendedData><SchemaData schemaUrl="#Sheet1">
		<SimpleData name="Capa">EL VALLE -04-16-2024</SimpleData>
		<SimpleData name="Nombre">D02R02N04</SimpleData>
		<SimpleData name="Latitud">-2.959362</SimpleData>
		<SimpleData name="Longitud">-78.933128</SimpleData>
	</SchemaData></ExtendedData>
  </Placemark>
  <Placemark>
	<ExtendedData><SchemaData schemaUrl="#Sheet1">
		<SimpleData name="Capa">EL VALLE -04-16-2024</SimpleData>
		<SimpleData name="Nombre">DO2R02N05</SimpleData>
		<SimpleData name="Latitud">-2.961659</SimpleData>
		<SimpleData name="Longitud">-78.934233</SimpleData>
	</SchemaData></ExtendedData>
  </Placemark>
  <Placemark>
	<ExtendedData><SchemaData schemaUrl="#Sheet1">
		<SimpleData name="Capa">EL VALLE -04-16-2024</SimpleData>
		<SimpleData name="Nombre">N34</SimpleData>
		<SimpleData name="Latitud">-2.958235</SimpleData>
		<SimpleData name="Longitud">-78.918845</SimpleData>
	</SchemaData></ExtendedData>
  </Placemark>
  <Placemark>
	<ExtendedData><SchemaData schemaUrl="#Sheet1">
		<SimpleData name="Capa">EL VALLE -04-16-2024</SimpleData>
		<SimpleData name="Nombre">N33</SimpleData>
		<SimpleData name="Latitud">-2.96151</SimpleData>
		<SimpleData name="Longitud">-78.917265</SimpleData>
	</SchemaData></ExtendedData>
  </Placemark>
  <Placemark>
	<ExtendedData><SchemaData schemaUrl="#Sheet1">
		<SimpleData name="Capa">EL VALLE -04-16-2024</SimpleData>
		<SimpleData name="Nombre">N32</SimpleData>
		<SimpleData name="Latitud">-2.965489</SimpleData>
		<SimpleData name="Longitud">-78.915402</SimpleData>
	</SchemaData></ExtendedData>
  </Placemark>
  <Placemark>
	<ExtendedData><SchemaData schemaUrl="#Sheet1">
		<SimpleData name="Capa">EL VALLE -04-16-2024</SimpleData>
		<SimpleData name="Nombre">N31</SimpleData>
		<SimpleData name="Latitud">-2.968185</SimpleData>
		<SimpleData name="Longitud">-78.913284</SimpleData>
	</SchemaData></ExtendedData>
  </Placemark>
  <Placemark>
	<ExtendedData><SchemaData schemaUrl="#Sheet1">
		<SimpleData name="Capa">EL VALLE -04-16-2024</SimpleData>
		<SimpleData name="Nombre">N30</SimpleData>
		<SimpleData name="Latitud">-2.970215</SimpleData>
		<SimpleData name="Longitud">-78.909098</SimpleData>
	</SchemaData></ExtendedData>
  </Placemark>
  <Placemark>
	<ExtendedData><SchemaData schemaUrl="#Sheet1">
		<SimpleData name="Capa">EL VALLE -04-16-2024</SimpleData>
		<SimpleData name="Nombre">N29</SimpleData>
		<SimpleData name="Latitud">-2.972871</SimpleData>
		<SimpleData name="Longitud">-78.902375</SimpleData>
	</SchemaData></ExtendedData>
  </Placemark>
  <Placemark>
	<ExtendedData><SchemaData schemaUrl="#Sheet1">
		<SimpleData name="Capa">EL VALLE -04-16-2024</SimpleData>
		<SimpleData name="Nombre">D04R03N09</SimpleData>
		<SimpleData name="Latitud">-2.987628</SimpleData>
		<SimpleData name="Longitud">-78.906225</SimpleData>
	</SchemaData></ExtendedData>
  </Placemark>
  <Placemark>
	<ExtendedData><SchemaData schemaUrl="#Sheet1">
		<SimpleData name="Capa">EL VALLE -04-16-2024</SimpleData>
		<SimpleData name="Nombre">D03R04N08</SimpleData>
		<SimpleData name="Latitud">-2.983342</SimpleData>
		<SimpleData name="Longitud">-78.903411</SimpleData>
	</SchemaData></ExtendedData>
  </Placemark>
  <Placemark>
	<ExtendedData><SchemaData schemaUrl="#Sheet1">
		<SimpleData name="Capa">EL VALLE -04-16-2024</SimpleData>
		<SimpleData name="Nombre">D03R04N04</SimpleData>
		<SimpleData name="Latitud">-2.980488</SimpleData>
		<SimpleData name="Longitud">-78.905996</SimpleData>
	</SchemaData></ExtendedData>
  </Placemark>
  <Placemark>
	<ExtendedData><SchemaData schemaUrl="#Sheet1">
		<SimpleData name="Capa">EL VALLE -04-16-2024</SimpleData>
		<SimpleData name="Nombre">D04R03N03</SimpleData>
		<SimpleData name="Latitud">-2.979425</SimpleData>
		<SimpleData name="Longitud">-78.90452</SimpleData>
	</SchemaData></ExtendedData>
  </Placemark>
  <Placemark>
	<ExtendedData><SchemaData schemaUrl="#Sheet1">
		<SimpleData name="Capa">EL VALLE -04-16-2024</SimpleData>
		<SimpleData name="Nombre">D04R03N02</SimpleData>
		<SimpleData name="Latitud">-2.977153</SimpleData>
		<SimpleData name="Longitud">-78.901968</SimpleData>
	</SchemaData></ExtendedData>
  </Placemark>
  <Placemark>
	<ExtendedData><SchemaData schemaUrl="#Sheet1">
		<SimpleData name="Capa">EL VALLE -04-16-2024</SimpleData>
		<SimpleData name="Nombre">D04R03N01</SimpleData>
		<SimpleData name="Latitud">-2.975292</SimpleData>
		<SimpleData name="Longitud">-78.900121</SimpleData>
	</SchemaData></ExtendedData>
  </Placemark>
  <Placemark>
	<ExtendedData><SchemaData schemaUrl="#Sheet1">
		<SimpleData name="Capa">EL VALLE -04-16-2024</SimpleData>
		<SimpleData name="Nombre">DO4R02N01</SimpleData>
		<SimpleData name="Latitud">-2.973508</SimpleData>
		<SimpleData name="Longitud">-78.900027</SimpleData>
	</SchemaData></ExtendedData>
  </Placemark>
  <Placemark>
	<ExtendedData><SchemaData schemaUrl="#Sheet1">
		<SimpleData name="Capa">EL VALLE -04-16-2024</SimpleData>
		<SimpleData name="Nombre">D04R02N02</SimpleData>
		<SimpleData name="Latitud">-2.973428</SimpleData>
		<SimpleData name="Longitud">-78.898119</SimpleData>
	</SchemaData></ExtendedData>
  </Placemark>
  <Placemark>
	<ExtendedData><SchemaData schemaUrl="#Sheet1">
		<SimpleData name="Capa">EL VALLE -04-16-2024</SimpleData>
		<SimpleData name="Nombre">D04R02N03</SimpleData>
		<SimpleData name="Latitud">-2.975155</SimpleData>
		<SimpleData name="Longitud">-78.897753</SimpleData>
	</SchemaData></ExtendedData>
  </Placemark>
  <Placemark>
	<ExtendedData><SchemaData schemaUrl="#Sheet1">
		<SimpleData name="Capa">EL VALLE -04-16-2024</SimpleData>
		<SimpleData name="Nombre">D04R02N04</SimpleData>
		<SimpleData name="Latitud">-2.978399</SimpleData>
		<SimpleData name="Longitud">-78.89865</SimpleData>
	</SchemaData></ExtendedData>
  </Placemark>
</Folder>
</Document></kml>
