"Capa","Nombre","Latitud","Longitud"
"cebollar/racar/cdla.Ingenieros/Flor de Plata/Totora/Euca","SM0201-5","-2.902137","-78.986461"
"cebollar/racar/cdla.Ingenieros/Flor de Plata/Totora/Euca","SM0201-6","-2.902838","-78.988089"
"cebollar/racar/cdla.Ingenieros/Flor de Plata/Totora/Euca","SM0201-7","-2.900838","-78.985837"
"cebollar/racar/cdla.Ingenieros/Flor de Plata/Totora/Euca","SM0201-8","-2.90015","-78.984729"
"cebollar/racar/cdla.Ingenieros/Flor de Plata/Totora/Euca","SM0301-1","-2.900161","-78.989507"
"cebollar/racar/cdla.Ingenieros/Flor de Plata/Totora/Euca","SM0301-2","-2.902328","-78.988675"
"cebollar/racar/cdla.Ingenieros/Flor de Plata/Totora/Euca","SM0301-3","-2.901355","-78.990605"
"cebollar/racar/cdla.Ingenieros/Flor de Plata/Totora/Euca","SM0301-4","-2.903202","-78.990756"
"cebollar/racar/cdla.Ingenieros/Flor de Plata/Totora/Euca","SM0301-5","-2.901874","-78.992636"
"cebollar/racar/cdla.Ingenieros/Flor de Plata/Totora/Euca","SM0301-6","-2.901333","-78.994799"
"cebollar/racar/cdla.Ingenieros/Flor de Plata/Totora/Euca","SM0301-7","-2.899603","-78.992548"
"cebollar/racar/cdla.Ingenieros/Flor de Plata/Totora/Euca","SM0301-8","-2.899043","-78.994924"
"cebollar/racar/cdla.Ingenieros/Flor de Plata/Totora/Euca","SM0303-1","-2.898312","-78.993593"
"cebollar/racar/cdla.Ingenieros/Flor de Plata/Totora/Euca","SM0303-2","-2.896899","-78.996152"
"cebollar/racar/cdla.Ingenieros/Flor de Plata/Totora/Euca","SM0303-3","-2.897124","-78.993523"
"cebollar/racar/cdla.Ingenieros/Flor de Plata/Totora/Euca","SM0303-4","-2.89572","-78.995348"
"cebollar/racar/cdla.Ingenieros/Flor de Plata/Totora/Euca","SM0303-5","-2.895898","-78.993526"
"cebollar/racar/cdla.Ingenieros/Flor de Plata/Totora/Euca","SM0303-6","-2.894845","-78.993802"
"cebollar/racar/cdla.Ingenieros/Flor de Plata/Totora/Euca","SM0303-7","-2.893907","-78.993087"
"cebollar/racar/cdla.Ingenieros/Flor de Plata/Totora/Euca","SM0302-1","-2.904704","-78.992674"
"cebollar/racar/cdla.Ingenieros/Flor de Plata/Totora/Euca","SM0302-2","-2.903209","-78.995364"
"cebollar/racar/cdla.Ingenieros/Flor de Plata/Totora/Euca","SM0302-3","-2.905231","-78.995527"
"cebollar/racar/cdla.Ingenieros/Flor de Plata/Totora/Euca","SM0302-4","-2.90577","-78.993148"
"cebollar/racar/cdla.Ingenieros/Flor de Plata/Totora/Euca","SM0302-5","-2.906239","-78.995051"
"cebollar/racar/cdla.Ingenieros/Flor de Plata/Totora/Euca","SM0302-6","-2.908177","-78.994874"
"cebollar/racar/cdla.Ingenieros/Flor de Plata/Totora/Euca","SM0302-7","-2.909178","-78.994938"
"cebollar/racar/cdla.Ingenieros/Flor de Plata/Totora/Euca","SM5301-5","-2.891144","-78.976834"
"cebollar/racar/cdla.Ingenieros/Flor de Plata/Totora/Euca","SM5301-6","-2.889691","-78.977393"
"cebollar/racar/cdla.Ingenieros/Flor de Plata/Totora/Euca","SM5301-8","-2.889298","-78.981238"
"cebollar/racar/cdla.Ingenieros/Flor de Plata/Totora/Euca","SM5301-4","-2.891651","-78.980171"
"cebollar/racar/cdla.Ingenieros/Flor de Plata/Totora/Euca","SM5301-3","-2.891661","-78.978849"
"cebollar/racar/cdla.Ingenieros/Flor de Plata/Totora/Euca","SM5301-1","-2.892671","-78.977718"
"cebollar/racar/cdla.Ingenieros/Flor de Plata/Totora/Euca","SM5301-2","-2.893166","-78.979296"
"cebollar/racar/cdla.Ingenieros/Flor de Plata/Totora/Euca","SM5301-7","-2.888948","-78.979536"
"cebollar/racar/cdla.Ingenieros/Flor de Plata/Totora/Euca","SM5302-1","-2.891557","-78.981077"
"cebollar/racar/cdla.Ingenieros/Flor de Plata/Totora/Euca","SM5302-3","-2.89308","-78.980838"
"cebollar/racar/cdla.Ingenieros/Flor de Plata/Totora/Euca","SM5302-2","-2.892896","-78.98162"
"cebollar/racar/cdla.Ingenieros/Flor de Plata/Totora/Euca","SM5302-4","-2.891183","-78.983337"
"cebollar/racar/cdla.Ingenieros/Flor de Plata/Totora/Euca","SM5302-5","-2.892904","-78.982651"
"cebollar/racar/cdla.Ingenieros/Flor de Plata/Totora/Euca","SM5302-6","-2.893808","-78.982994"
"cebollar/racar/cdla.Ingenieros/Flor de Plata/Totora/Euca","SM5302-7","-2.894536","-78.982142"
"cebollar/racar/cdla.Ingenieros/Flor de Plata/Totora/Euca","SM5303-1","-2.891433","-78.983792"
"cebollar/racar/cdla.Ingenieros/Flor de Plata/Totora/Euca","SM5303-2","-2.889633","-78.98283"
"cebollar/racar/cdla.Ingenieros/Flor de Plata/Totora/Euca","SM5303-3","-2.892184","-78.984345"
"cebollar/racar/cdla.Ingenieros/Flor de Plata/Totora/Euca","SM5303-4","-2.889064","-78.981796"
"cebollar/racar/cdla.Ingenieros/Flor de Plata/Totora/Euca","SM5303-5","-2.887596","-78.979481"
"cebollar/racar/cdla.Ingenieros/Flor de Plata/Totora/Euca","SM5303-6","-2.895454","-78.985468"
"cebollar/racar/cdla.Ingenieros/Flor de Plata/Totora/Euca","SM5303-7","-2.892632","-78.985782"
"cebollar/racar/cdla.Ingenieros/Flor de Plata/Totora/Euca","SM5304-2","-2.89542","-78.980701"
"cebollar/racar/cdla.Ingenieros/Flor de Plata/Totora/Euca","SM5304-1","-2.894878","-78.980411"
"cebollar/racar/cdla.Ingenieros/Flor de Plata/Totora/Euca","SM5304-3","-2.894249","-78.9787"
"cebollar/racar/cdla.Ingenieros/Flor de Plata/Totora/Euca","SM5304-4","-2.895383","-78.979222"
"cebollar/racar/cdla.Ingenieros/Flor de Plata/Totora/Euca","SM5304-5","-2.896509","-78.977669"
"cebollar/racar/cdla.Ingenieros/Flor de Plata/Totora/Euca","SM5304-6","-2.896672","-78.979406"
"cebollar/racar/cdla.Ingenieros/Flor de Plata/Totora/Euca","SM5305-1","-2.895434","-78.983353"
"cebollar/racar/cdla.Ingenieros/Flor de Plata/Totora/Euca","SM5305-2","-2.8973","-78.983632"
"cebollar/racar/cdla.Ingenieros/Flor de Plata/Totora/Euca","SM5305-3","-2.894575","-78.980858"
"cebollar/racar/cdla.Ingenieros/Flor de Plata/Totora/Euca","SM5305-4","-2.896086","-78.982465"
"cebollar/racar/cdla.Ingenieros/Flor de Plata/Totora/Euca","SM5305-5","-2.898007","-78.983251"
"cebollar/racar/cdla.Ingenieros/Flor de Plata/Totora/Euca","SM5305-6","-2.898698","-78.983343"
"cebollar/racar/cdla.Ingenieros/Flor de Plata/Totora/Euca","SM5305-7","-2.897447","-78.981579"
"cebollar/racar/cdla.Ingenieros/Flor de Plata/Totora/Euca","SM5305-8","-2.897424","-78.979875"
"cebollar/racar/cdla.Ingenieros/Flor de Plata/Totora/Euca","SM5307-1","-2.898658","-78.988675"
"cebollar/racar/cdla.Ingenieros/Flor de Plata/Totora/Euca","SM5307-2","-2.899037","-78.990424"
"cebollar/racar/cdla.Ingenieros/Flor de Plata/Totora/Euca","SM5307-3","-2.899535","-78.989014"
"cebollar/racar/cdla.Ingenieros/Flor de Plata/Totora/Euca","SM5307-4","-2.89945","-78.987388"
"cebollar/racar/cdla.Ingenieros/Flor de Plata/Totora/Euca","SM5307-5","-2.897805","-78.986728"
"cebollar/racar/cdla.Ingenieros/Flor de Plata/Totora/Euca","SM5307-6","-2.896926","-78.985158"
"cebollar/racar/cdla.Ingenieros/Flor de Plata/Totora/Euca","SM5307-7","-2.898558","-78.986217"
"cebollar/racar/cdla.Ingenieros/Flor de Plata/Totora/Euca","SM5307-8","-2.89893","-78.985317"
"cebollar/racar/cdla.Ingenieros/Flor de Plata/Totora/Euca","SM1320-1","-2.893566","-78.976483"
"cebollar/racar/cdla.Ingenieros/Flor de Plata/Totora/Euca","SM1320-2","-2.89402","-78.975654"
"cebollar/racar/cdla.Ingenieros/Flor de Plata/Totora/Euca","SM1320-4","-2.895574","-78.977257"
"cebollar/racar/cdla.Ingenieros/Flor de Plata/Totora/Euca","SM1320-5","-2.894846","-78.977163"
"cebollar/racar/cdla.Ingenieros/Flor de Plata/Totora/Euca","SM1320-3","-2.895139","-78.976209"
"cebollar/racar/cdla.Ingenieros/Flor de Plata/Totora/Euca","SM1320-7","-2.895717","-78.975189"
"cebollar/racar/cdla.Ingenieros/Flor de Plata/Totora/Euca","SM1320-6","-2.89598","-78.976395"
"cebollar/racar/cdla.Ingenieros/Flor de Plata/Totora/Euca","SM1320-8","-2.89672","-78.976466"
"cebollar/racar/cdla.Ingenieros/Flor de Plata/Totora/Euca","SM1312-3","-2.89351","-78.968688"
"cebollar/racar/cdla.Ingenieros/Flor de Plata/Totora/Euca","SM1312-4","-2.893158","-78.968019"
"cebollar/racar/cdla.Ingenieros/Flor de Plata/Totora/Euca","SM1312-6","-2.892501","-78.966096"
"cebollar/racar/cdla.Ingenieros/Flor de Plata/Totora/Euca","SM1312-7","-2.891269","-78.965942"
"cebollar/racar/cdla.Ingenieros/Flor de Plata/Totora/Euca","SM1312-5","-2.891145","-78.967781"
"cebollar/racar/cdla.Ingenieros/Flor de Plata/Totora/Euca","SM1312-2","-2.893183","-78.969628"
"cebollar/racar/cdla.Ingenieros/Flor de Plata/Totora/Euca","SM1312-8","-2.890882","-78.964626"
"cebollar/racar/cdla.Ingenieros/Flor de Plata/Totora/Euca","SM1312-1","-2.894421","-78.971173"
"cebollar/racar/cdla.Ingenieros/Flor de Plata/Totora/Euca","SM1311-7","-2.893652","-78.970312"
"cebollar/racar/cdla.Ingenieros/Flor de Plata/Totora/Euca","SM1311-6","-2.891894","-78.96958"
"cebollar/racar/cdla.Ingenieros/Flor de Plata/Totora/Euca","SM1311-5","-2.892873","-78.971057"
"cebollar/racar/cdla.Ingenieros/Flor de Plata/Totora/Euca","SM1311-1","-2.894324","-78.973924"
"cebollar/racar/cdla.Ingenieros/Flor de Plata/Totora/Euca","SM1311-3","-2.894688","-78.972992"
"cebollar/racar/cdla.Ingenieros/Flor de Plata/Totora/Euca","SM1311-4","-2.893951","-78.970956"
"cebollar/racar/cdla.Ingenieros/Flor de Plata/Totora/Euca","SM1311-2","-2.896207","-78.974836"
"cebollar/racar/cdla.Ingenieros/Flor de Plata/Totora/Euca","SM1310-2","-2.892908","-78.973843"
"cebollar/racar/cdla.Ingenieros/Flor de Plata/Totora/Euca","SM1310-1","-2.892765","-78.974787"
"cebollar/racar/cdla.Ingenieros/Flor de Plata/Totora/Euca","SM1310-3","-2.890963","-78.972262"
"cebollar/racar/cdla.Ingenieros/Flor de Plata/Totora/Euca","SM1310-4","-2.891435","-78.971295"
"cebollar/racar/cdla.Ingenieros/Flor de Plata/Totora/Euca","SM1310-5","-2.890984","-78.968407"
"cebollar/racar/cdla.Ingenieros/Flor de Plata/Totora/Euca","SM1313-2","-2.890489","-78.967824"
"cebollar/racar/cdla.Ingenieros/Flor de Plata/Totora/Euca","SM1313-1","-2.889542","-78.967609"
"cebollar/racar/cdla.Ingenieros/Flor de Plata/Totora/Euca","SM5118-2","-2.870495","-79.034878"
"cebollar/racar/cdla.Ingenieros/Flor de Plata/Totora/Euca","SM5118-6","-2.868162","-79.033977"
"cebollar/racar/cdla.Ingenieros/Flor de Plata/Totora/Euca","SM0804-2","-2.882679","-78.950146"
"cebollar/racar/cdla.Ingenieros/Flor de Plata/Totora/Euca","SM0804-1","-2.8854572","-78.952117"
"cebollar/racar/cdla.Ingenieros/Flor de Plata/Totora/Euca","SM0804-5","-2.880243","-78.950386"
"cebollar/racar/cdla.Ingenieros/Flor de Plata/Totora/Euca","SM5101-4","-2.878823","-78.988918"
"cebollar/racar/cdla.Ingenieros/Flor de Plata/Totora/Euca","SM5101-3","-2.879471","-78.988046"
"cebollar/racar/cdla.Ingenieros/Flor de Plata/Totora/Euca","SM5101-2","-2.877826","-78.988588"
"cebollar/racar/cdla.Ingenieros/Flor de Plata/Totora/Euca","SM5101-5","-2.878842","-78.987051"
"cebollar/racar/cdla.Ingenieros/Flor de Plata/Totora/Euca","SM5101-6","-2.879421","-78.985822"
"cebollar/racar/cdla.Ingenieros/Flor de Plata/Totora/Euca","SM5101-7","-2.88015","-78.984057"
"cebollar/racar/cdla.Ingenieros/Flor de Plata/Totora/Euca","SM5101-8","-2.878861","-78.984013"
"cebollar/racar/cdla.Ingenieros/Flor de Plata/Totora/Euca","SM5102-1","-2.880604","-78.9887"
"cebollar/racar/cdla.Ingenieros/Flor de Plata/Totora/Euca","SM5102-2","-2.881792","-78.988123"
"cebollar/racar/cdla.Ingenieros/Flor de Plata/Totora/Euca","SM5102-3","-2.880929","-78.98726"
"cebollar/racar/cdla.Ingenieros/Flor de Plata/Totora/Euca","SM5102-4","-2.881177","-78.985465"
"cebollar/racar/cdla.Ingenieros/Flor de Plata/Totora/Euca","SM5102-5","-2.87953","-78.989685"
"cebollar/racar/cdla.Ingenieros/Flor de Plata/Totora/Euca","SM5102-7","-2.880897","-78.990813"
"cebollar/racar/cdla.Ingenieros/Flor de Plata/Totora/Euca","SM5102-6","-2.880412","-78.992137"
"cebollar/racar/cdla.Ingenieros/Flor de Plata/Totora/Euca","SM5102-8","-2.88077","-78.995161"
"cebollar/racar/cdla.Ingenieros/Flor de Plata/Totora/Euca","SM5103-1","-2.881992","-78.989338"
"cebollar/racar/cdla.Ingenieros/Flor de Plata/Totora/Euca","SM5103-2","-2.881939","-78.990615"
"cebollar/racar/cdla.Ingenieros/Flor de Plata/Totora/Euca","SM5103-3","-2.883486","-78.991498"
"cebollar/racar/cdla.Ingenieros/Flor de Plata/Totora/Euca","SM5103-4","-2.882881","-78.992848"
"cebollar/racar/cdla.Ingenieros/Flor de Plata/Totora/Euca","SM5103-5","-2.88144","-78.993348"
"cebollar/racar/cdla.Ingenieros/Flor de Plata/Totora/Euca","SM5103-6","-2.881863","-78.995067"
"cebollar/racar/cdla.Ingenieros/Flor de Plata/Totora/Euca","SM5103-7","-2.882499","-78.996472"
"cebollar/racar/cdla.Ingenieros/Flor de Plata/Totora/Euca","SM5103-8","-2.884135","-78.995462"
"cebollar/racar/cdla.Ingenieros/Flor de Plata/Totora/Euca","SM5104-2","-2.883817","-78.996938"
"cebollar/racar/cdla.Ingenieros/Flor de Plata/Totora/Euca","SM5104-1","-2.883326","-78.998125"
"cebollar/racar/cdla.Ingenieros/Flor de Plata/Totora/Euca","SM5104-3","-2.884585","-78.998228"
"cebollar/racar/cdla.Ingenieros/Flor de Plata/Totora/Euca","SM5104-4","-2.885179","-78.997507"
"cebollar/racar/cdla.Ingenieros/Flor de Plata/Totora/Euca","SM5104-5","-2.88543","-78.995763"
"cebollar/racar/cdla.Ingenieros/Flor de Plata/Totora/Euca","SM5104-6","-2.885196","-78.999318"
"cebollar/racar/cdla.Ingenieros/Flor de Plata/Totora/Euca","SM5104-7","-2.884958","-79.0012103"
"cebollar/racar/cdla.Ingenieros/Flor de Plata/Totora/Euca","SM5104-8","-2.883849","-79.000442"
"cebollar/racar/cdla.Ingenieros/Flor de Plata/Totora/Euca","SM5105-3","-2.883453","-79.000849"
"cebollar/racar/cdla.Ingenieros/Flor de Plata/Totora/Euca","SM5105-2","-2.882881","-78.998777"
"cebollar/racar/cdla.Ingenieros/Flor de Plata/Totora/Euca","SM5105-1","-2.882197","-78.998663"
"cebollar/racar/cdla.Ingenieros/Flor de Plata/Totora/Euca","SM5105-8","-2.882072","-78.999778"
"cebollar/racar/cdla.Ingenieros/Flor de Plata/Totora/Euca","SM5105-4","-2.881053","-78.998216"
"cebollar/racar/cdla.Ingenieros/Flor de Plata/Totora/Euca","SM5105-5","-2.881081","-78.999783"
"cebollar/racar/cdla.Ingenieros/Flor de Plata/Totora/Euca","SM5105-6","-2.879786","-78.999846"
"cebollar/racar/cdla.Ingenieros/Flor de Plata/Totora/Euca","SM5105-7","-2.880635","-78.999256"
"cebollar/racar/cdla.Ingenieros/Flor de Plata/Totora/Euca","SM5106-1","-2.882179","-79.001145"
"cebollar/racar/cdla.Ingenieros/Flor de Plata/Totora/Euca","SM5106-2","-2.881411","-79.001223"
"cebollar/racar/cdla.Ingenieros/Flor de Plata/Totora/Euca","SM5106-3","-2.880152","-79.000553"
"cebollar/racar/cdla.Ingenieros/Flor de Plata/Totora/Euca","SM5106-4","-2.879124","-79.002656"
"cebollar/racar/cdla.Ingenieros/Flor de Plata/Totora/Euca","SM5106-5","-2.879883","-79.004022"
"cebollar/racar/cdla.Ingenieros/Flor de Plata/Totora/Euca","SM5106-6","-2.880952","-79.005729"
"cebollar/racar/cdla.Ingenieros/Flor de Plata/Totora/Euca","SM5106-7","-2.881918","-79.006982"
"cebollar/racar/cdla.Ingenieros/Flor de Plata/Totora/Euca","SM5106-8","-2.883092","-79.008523"
"cebollar/racar/cdla.Ingenieros/Flor de Plata/Totora/Euca","SM5107-1","-2.882412","-79.002002"
"cebollar/racar/cdla.Ingenieros/Flor de Plata/Totora/Euca","SM5107-3","-2.882864","-79.002086"
"cebollar/racar/cdla.Ingenieros/Flor de Plata/Totora/Euca","SM5107-4","-2.883858","-79.001809"
"cebollar/racar/cdla.Ingenieros/Flor de Plata/Totora/Euca","SM5107-2","-2.882934","-79.003244"
"cebollar/racar/cdla.Ingenieros/Flor de Plata/Totora/Euca","SM5107-5","-2.881583","-79.002354"
"cebollar/racar/cdla.Ingenieros/Flor de Plata/Totora/Euca","SM5107-6","-2.88135","-79.003733"
"cebollar/racar/cdla.Ingenieros/Flor de Plata/Totora/Euca","SM5107-7","-2.882047","-79.003589"
"cebollar/racar/cdla.Ingenieros/Flor de Plata/Totora/Euca","SM5107-8","-2.882335","-79.004371"
"cebollar/racar/cdla.Ingenieros/Flor de Plata/Totora/Euca","SM5108-2","-2.884275","-79.003501"
"cebollar/racar/cdla.Ingenieros/Flor de Plata/Totora/Euca","SM5108-1","-2.883411","-79.003735"
"cebollar/racar/cdla.Ingenieros/Flor de Plata/Totora/Euca","SM5108-3","-2.883471","-79.006907"
"cebollar/racar/cdla.Ingenieros/Flor de Plata/Totora/Euca","SM5108-4","-2.883193","-79.00501"
"cebollar/racar/cdla.Ingenieros/Flor de Plata/Totora/Euca","SM5108-5","-2.88379","-79.008212"
"cebollar/racar/cdla.Ingenieros/Flor de Plata/Totora/Euca","SM5108-7","-2.884785","-79.010795"
"cebollar/racar/cdla.Ingenieros/Flor de Plata/Totora/Euca","SM5108-8","-2.886158","-79.011435"
"cebollar/racar/cdla.Ingenieros/Flor de Plata/Totora/Euca","SM5108-6","-2.885577","-79.01052"
"cebollar/racar/cdla.Ingenieros/Flor de Plata/Totora/Euca","SM5109-1","-2.88504","-79.012147"
"cebollar/racar/cdla.Ingenieros/Flor de Plata/Totora/Euca","SM5109-3","-2.886832","-79.011594"
"cebollar/racar/cdla.Ingenieros/Flor de Plata/Totora/Euca","SM5109-5","-2.885458","-79.009385"
"cebollar/racar/cdla.Ingenieros/Flor de Plata/Totora/Euca","SM5109-4","-2.886472","-79.010378"
"cebollar/racar/cdla.Ingenieros/Flor de Plata/Totora/Euca","SM5109-6","-2.886564","-79.012506"
"cebollar/racar/cdla.Ingenieros/Flor de Plata/Totora/Euca","SM5109-7","-2.885554","-79.012775"
"cebollar/racar/cdla.Ingenieros/Flor de Plata/Totora/Euca","SM5109-8","-2.886648","-79.014112"
"cebollar/racar/cdla.Ingenieros/Flor de Plata/Totora/Euca","SM5109-2","-2.885","-79.013883"
"cebollar/racar/cdla.Ingenieros/Flor de Plata/Totora/Euca","SM5110-8","-2.885714","-79.015004"
"cebollar/racar/cdla.Ingenieros/Flor de Plata/Totora/Euca","SM5110-1","-2.88443","-79.015357"
"cebollar/racar/cdla.Ingenieros/Flor de Plata/Totora/Euca","SM5110-2","-2.88453","-79.015749"
"cebollar/racar/cdla.Ingenieros/Flor de Plata/Totora/Euca","SM5110-3","-2.886781","-79.015143"
"cebollar/racar/cdla.Ingenieros/Flor de Plata/Totora/Euca","SM5110-4","-2.888048","-79.013377"
"cebollar/racar/cdla.Ingenieros/Flor de Plata/Totora/Euca","SM5110-7","-2.887985","-79.012"
"cebollar/racar/cdla.Ingenieros/Flor de Plata/Totora/Euca","SM5110-5","-2.887295","-79.011523"
"cebollar/racar/cdla.Ingenieros/Flor de Plata/Totora/Euca","SM5110-6","-2.886322","-79.009105"
"cebollar/racar/cdla.Ingenieros/Flor de Plata/Totora/Euca","SM5114-7","-2.879718","-79.021886"
"cebollar/racar/cdla.Ingenieros/Flor de Plata/Totora/Euca","SM5114-8","-2.878443","-79.021167"
"cebollar/racar/cdla.Ingenieros/Flor de Plata/Totora/Euca","SM5114-6","-2.879378","-79.024099"
"cebollar/racar/cdla.Ingenieros/Flor de Plata/Totora/Euca","SM5114-1","-2.876587","-79.02288"
"cebollar/racar/cdla.Ingenieros/Flor de Plata/Totora/Euca","SM5114-2","-2.876486","-79.020264"
"cebollar/racar/cdla.Ingenieros/Flor de Plata/Totora/Euca","SM5114-3","-2.875335","-79.023089"
"cebollar/racar/cdla.Ingenieros/Flor de Plata/Totora/Euca","SM5114-4","-2.874626","-79.025692"
"cebollar/racar/cdla.Ingenieros/Flor de Plata/Totora/Euca","SM5114-5","-2.874542","-79.020732"
"cebollar/racar/cdla.Ingenieros/Flor de Plata/Totora/Euca","SM5115-1","-2.872875","-79.021552"
"cebollar/racar/cdla.Ingenieros/Flor de Plata/Totora/Euca","SM5115-4","-2.871998","-79.02329"
"cebollar/racar/cdla.Ingenieros/Flor de Plata/Totora/Euca","SM5115-2","-2.872014","-79.024958"
"cebollar/racar/cdla.Ingenieros/Flor de Plata/Totora/Euca","SM5115-3","-2.872657","-79.025842"
"cebollar/racar/cdla.Ingenieros/Flor de Plata/Totora/Euca","SM5115-5","-2.870885","-79.024907"
"cebollar/racar/cdla.Ingenieros/Flor de Plata/Totora/Euca","SM5115-6","-2.869893","-79.024951"
"cebollar/racar/cdla.Ingenieros/Flor de Plata/Totora/Euca","SM5115-8","-2.865097","-79.027188"
"cebollar/racar/cdla.Ingenieros/Flor de Plata/Totora/Euca","SM5115-7","-2.868001","-79.026005"
"cebollar/racar/cdla.Ingenieros/Flor de Plata/Totora/Euca","SM5116-5","-2.881915","-79.024971"
"cebollar/racar/cdla.Ingenieros/Flor de Plata/Totora/Euca","SM5116-6","-2.882864","-79.025588"
"cebollar/racar/cdla.Ingenieros/Flor de Plata/Totora/Euca","SM5116-8","-2.8875639","-79.0251788"
"cebollar/racar/cdla.Ingenieros/Flor de Plata/Totora/Euca","SM5116-6 Ext","-2.8841736","-79.0262465"
"cebollar/racar/cdla.Ingenieros/Flor de Plata/Totora/Euca","SM5116-3","-2.883161","-79.024082"
"cebollar/racar/cdla.Ingenieros/Flor de Plata/Totora/Euca","SM5116-1","-2.882209","-79.022757"
"cebollar/racar/cdla.Ingenieros/Flor de Plata/Totora/Euca","SM5116-2","-2.88297","-79.022698"
"cebollar/racar/cdla.Ingenieros/Flor de Plata/Totora/Euca","SM5116-4","-2.884761","-79.022162"
"cebollar/racar/cdla.Ingenieros/Flor de Plata/Totora/Euca","SM5117-2","-2.882128","-79.027584"
"cebollar/racar/cdla.Ingenieros/Flor de Plata/Totora/Euca","SM5117-1","-2.880487","-79.02681"
"cebollar/racar/cdla.Ingenieros/Flor de Plata/Totora/Euca","SM5117-3","-2.879421","-79.028574"
"cebollar/racar/cdla.Ingenieros/Flor de Plata/Totora/Euca","SM5117-4","-2.881674","-79.029007"
"cebollar/racar/cdla.Ingenieros/Flor de Plata/Totora/Euca","SM5117-5","-2.884329","-79.030132"
"cebollar/racar/cdla.Ingenieros/Flor de Plata/Totora/Euca","SM5117-6","-2.885082","-79.028175"
"cebollar/racar/cdla.Ingenieros/Flor de Plata/Totora/Euca","SM5117-7","-2.8864468","-79.0334847"
"cebollar/racar/cdla.Ingenieros/Flor de Plata/Totora/Euca","SM5117-8","-2.8868056","-79.0374176"
"cebollar/racar/cdla.Ingenieros/Flor de Plata/Totora/Euca","SM5101-1","-2.878321","-78.987877"
"cebollar/racar/cdla.Ingenieros/Flor de Plata/Totora/Euca","SM5111-1","-2.88375","-79.016888"
"cebollar/racar/cdla.Ingenieros/Flor de Plata/Totora/Euca","SM5111-2","-2.883799","-79.015277"
"cebollar/racar/cdla.Ingenieros/Flor de Plata/Totora/Euca","SM5111-3","-2.882702","-79.015711"
"cebollar/racar/cdla.Ingenieros/Flor de Plata/Totora/Euca","SM5111-4","-2.882572","-79.014904"
"cebollar/racar/cdla.Ingenieros/Flor de Plata/Totora/Euca","SM5111-5","-2.882809","-79.014161"
"cebollar/racar/cdla.Ingenieros/Flor de Plata/Totora/Euca","SM5111-6","-2.881488","-79.012993"
"cebollar/racar/cdla.Ingenieros/Flor de Plata/Totora/Euca","SM5111-7","-2.881923","-79.011755"
"cebollar/racar/cdla.Ingenieros/Flor de Plata/Totora/Euca","SM5111-8","-2.88031","-79.012274"
"cebollar/racar/cdla.Ingenieros/Flor de Plata/Totora/Euca","SM5112-1","-2.882694","-79.017231"
"cebollar/racar/cdla.Ingenieros/Flor de Plata/Totora/Euca","SM5112-2","-2.881609","-79.017665"
"cebollar/racar/cdla.Ingenieros/Flor de Plata/Totora/Euca","SM5112-5","-2.88139","-79.01598"
"cebollar/racar/cdla.Ingenieros/Flor de Plata/Totora/Euca","SM5112-3","-2.880672","-79.01529"
"cebollar/racar/cdla.Ingenieros/Flor de Plata/Totora/Euca","SM5112-4","-2.880942","-79.014634"
"cebollar/racar/cdla.Ingenieros/Flor de Plata/Totora/Euca","SM5112-6","-2.880678","-79.01775"
"cebollar/racar/cdla.Ingenieros/Flor de Plata/Totora/Euca","SM5112-7","-2.88016","-79.018652"
"cebollar/racar/cdla.Ingenieros/Flor de Plata/Totora/Euca","SM5112-8","-2.880603","-79.020248"
"cebollar/racar/cdla.Ingenieros/Flor de Plata/Totora/Euca","SM5113-3","-2.881343","-79.019522"
"cebollar/racar/cdla.Ingenieros/Flor de Plata/Totora/Euca","SM5113-4","-2.881979","-79.020043"
"cebollar/racar/cdla.Ingenieros/Flor de Plata/Totora/Euca","SM5113-2","-2.882006","-79.021498"
"cebollar/racar/cdla.Ingenieros/Flor de Plata/Totora/Euca","SM5113-5","-2.882869","-79.021119"
"cebollar/racar/cdla.Ingenieros/Flor de Plata/Totora/Euca","SM5113-6","-2.883618","-79.020696"
"cebollar/racar/cdla.Ingenieros/Flor de Plata/Totora/Euca","SM5113-7","-2.883444","-79.019306"
"cebollar/racar/cdla.Ingenieros/Flor de Plata/Totora/Euca","SM5113-8","-2.884362","-79.019676"
"cebollar/racar/cdla.Ingenieros/Flor de Plata/Totora/Euca","SM5113-1","-2.881017","-79.021992"
"cebollar/racar/cdla.Ingenieros/Flor de Plata/Totora/Euca","SM0804-3","-2.8844698","-78.9532114"
"cebollar/racar/cdla.Ingenieros/Flor de Plata/Totora/Euca","SM0302-8","-2.9038236","-78.9982285"
"cebollar/racar/cdla.Ingenieros/Flor de Plata/Totora/Euca","SM0303-8","-2.9005659","-78.9982874"
"cebollar/racar/cdla.Ingenieros/Flor de Plata/Totora/Euca","SM5306-1","-2.8974025","-78.9896422"
"cebollar/racar/cdla.Ingenieros/Flor de Plata/Totora/Euca","SM5306-2","-2.89668","-78.9885781"
"cebollar/racar/cdla.Ingenieros/Flor de Plata/Totora/Euca","SM5306-4","-2.8956543","-78.9882429"
"cebollar/racar/cdla.Ingenieros/Flor de Plata/Totora/Euca","SM5306-5","-2.8945608","-78.9887026"
"cebollar/racar/cdla.Ingenieros/Flor de Plata/Totora/Euca","SM5306-8","-2.8933642","-78.9870233"
"cebollar/racar/cdla.Ingenieros/Flor de Plata/Totora/Euca","SM5306-6","-2.8954445","-78.9864021"
"cebollar/racar/cdla.Ingenieros/Flor de Plata/Totora/Euca","SM5306-3","-2.896144","-78.9872939"
"cebollar/racar/cdla.Ingenieros/Flor de Plata/Totora/Euca","SM5306-7","-2.8970014","-78.9865276"
"cebollar/racar/cdla.Ingenieros/Flor de Plata/Totora/Euca","SM5118-1","-2.8734584","-79.0345826"
"cebollar/racar/cdla.Ingenieros/Flor de Plata/Totora/Euca","SM5118-5","-2.8702874","-79.0369276"
"cebollar/racar/cdla.Ingenieros/Flor de Plata/Totora/Euca","SM5118-8","-2.8706088","-79.0411411"
"cebollar/racar/cdla.Ingenieros/Flor de Plata/Totora/Euca","SM5020-5","-2.8573787","-79.0195449"
"cebollar/racar/cdla.Ingenieros/Flor de Plata/Totora/Euca","SM5116-9","-2.8878566","-79.0217187"
"cebollar/racar/cdla.Ingenieros/Flor de Plata/Totora/Euca","SM0805-6","-2.8830644","-78.9660456"
"cebollar/racar/cdla.Ingenieros/Flor de Plata/Totora/Euca","SM0805-1","-2.8837931","-78.9636866"
"cebollar/racar/cdla.Ingenieros/Flor de Plata/Totora/Euca","SM0805-2","-2.8842153","-78.9609035"
"cebollar/racar/cdla.Ingenieros/Flor de Plata/Totora/Euca","SM0805-4","-2.8849333","-78.9586314"
"cebollar/racar/cdla.Ingenieros/Flor de Plata/Totora/Euca","SM0805-5","-2.8851098","-78.9602602"
"cebollar/racar/cdla.Ingenieros/Flor de Plata/Totora/Euca","SM5118-7","-2.8643204","-79.0374111"
"cebollar/racar/cdla.Ingenieros/Flor de Plata/Totora/Euca","SM5118-3","-2.8632516","-79.0378044"
"cebollar/racar/cdla.Ingenieros/Flor de Plata/Totora/Euca","SM5118-4","-2.8612908","-79.0379952"
"cebollar/racar/cdla.Ingenieros/Flor de Plata/Totora/Euca","SM5119-1 ED","-2.8908245","-79.0280426"
"cebollar/racar/cdla.Ingenieros/Flor de Plata/Totora/Euca","SM5119-2 ED","-2.8916484","-79.0261548"
"cebollar/racar/cdla.Ingenieros/Flor de Plata/Totora/Euca","SM5119-3 ED","-2.8912357","-79.0284267"
"cebollar/racar/cdla.Ingenieros/Flor de Plata/Totora/Euca","SM5119-4 ED","-2.8900027","-79.0248674"
"cebollar/racar/cdla.Ingenieros/Flor de Plata/Totora/Euca","SM0805-7","-2.88632","-78.9573727"
"cebollar/racar/cdla.Ingenieros/Flor de Plata/Totora/Euca","SM5119-6 ED","-2.8917542","-79.0265692"
"cebollar/racar/cdla.Ingenieros/Flor de Plata/Totora/Euca","SM5119-7 ED","-2.8926576","-79.0266586"
"cebollar/racar/cdla.Ingenieros/Flor de Plata/Totora/Euca","SM5119-8 ED","-2.8906963","-79.0301675"
"cebollar/racar/cdla.Ingenieros/Flor de Plata/Totora/Euca","SM5120-2","-2.8930653","-79.0305972"
"cebollar/racar/cdla.Ingenieros/Flor de Plata/Totora/Euca","SM5121-1","-2.8896772","-79.0297248"
"cebollar/racar/cdla.Ingenieros/Flor de Plata/Totora/Euca","SM5120-4 ED","-2.8907591","-79.0283288"
"cebollar/racar/cdla.Ingenieros/Flor de Plata/Totora/Euca","SM5120-5 ED","-2.890845","-79.0341103"
"cebollar/racar/cdla.Ingenieros/Flor de Plata/Totora/Euca","SM5120-6","-2.8924632","-79.0268329"
"cebollar/racar/cdla.Ingenieros/Flor de Plata/Totora/Euca","SM1208-1","-2.9109684","-78.9758553"
"cebollar/racar/cdla.Ingenieros/Flor de Plata/Totora/Euca","SM1305-1","-2.8828951","-78.976198"
"cebollar/racar/cdla.Ingenieros/Flor de Plata/Totora/Euca","SM7081-1","-2.8917999","-79.0039612"
"cebollar/racar/cdla.Ingenieros/Flor de Plata/Totora/Euca","SM0806-1","-2.890926","-78.9611502"
"cebollar/racar/cdla.Ingenieros/Flor de Plata/Totora/Euca","SM7081-2 piso 1","-2.892442","-79.0049266"
"cebollar/racar/cdla.Ingenieros/Flor de Plata/Totora/Euca","SM7081-3 piso 4","-2.8925062","-79.0049159"
"cebollar/racar/cdla.Ingenieros/Flor de Plata/Totora/Euca","SM5116-7","-2.885434","-79.022382"
"cebollar/racar/cdla.Ingenieros/Flor de Plata/Totora/Euca","Punto 286","-2.8905986","-79.0296495"
"cebollar/racar/cdla.Ingenieros/Flor de Plata/Totora/Euca","SM015811-1","-2.8544777","-78.9117897"
"CAÑARIBAMBA/RIELES MONAY/tarqui/mayancela/bemani/Hosp.Niño/orqui.trigales","SM1501-1","-2.865193","-78.989431"
"CAÑARIBAMBA/RIELES MONAY/tarqui/mayancela/bemani/Hosp.Niño/orqui.trigales","SM1501-2","-2.864644","-78.990103"
"CAÑARIBAMBA/RIELES MONAY/tarqui/mayancela/bemani/Hosp.Niño/orqui.trigales","SM1501-3","-2.86448","-78.989535"
"CAÑARIBAMBA/RIELES MONAY/tarqui/mayancela/bemani/Hosp.Niño/orqui.trigales","SM1501-4  SI caja llena","-2.863923","-78.989013"
"CAÑARIBAMBA/RIELES MONAY/tarqui/mayancela/bemani/Hosp.Niño/orqui.trigales","SM1501-5 SI caja llena","-2.864762","-78.989207"
"CAÑARIBAMBA/RIELES MONAY/tarqui/mayancela/bemani/Hosp.Niño/orqui.trigales","SM1501-6","-2.865618","-78.988502"
"CAÑARIBAMBA/RIELES MONAY/tarqui/mayancela/bemani/Hosp.Niño/orqui.trigales","SM1501-7 SI caja llena","-2.863787","-78.990301"
"CAÑARIBAMBA/RIELES MONAY/tarqui/mayancela/bemani/Hosp.Niño/orqui.trigales","SM1501-8","-2.863447","-78.990694"
"CAÑARIBAMBA/RIELES MONAY/tarqui/mayancela/bemani/Hosp.Niño/orqui.trigales","SM0901-3","-2.898054","-78.976576"
"CAÑARIBAMBA/RIELES MONAY/tarqui/mayancela/bemani/Hosp.Niño/orqui.trigales","SM0901-2","-2.898583","-78.97891"
"CAÑARIBAMBA/RIELES MONAY/tarqui/mayancela/bemani/Hosp.Niño/orqui.trigales","SM0901-1","-2.898097","-78.980381"
"CAÑARIBAMBA/RIELES MONAY/tarqui/mayancela/bemani/Hosp.Niño/orqui.trigales","SM0901-4","-2.89773","-78.981526"
"CAÑARIBAMBA/RIELES MONAY/tarqui/mayancela/bemani/Hosp.Niño/orqui.trigales","SM0902-1","-2.900419","-78.981784"
"CAÑARIBAMBA/RIELES MONAY/tarqui/mayancela/bemani/Hosp.Niño/orqui.trigales","SM0902-4","-2.899795","-78.978346"
"CAÑARIBAMBA/RIELES MONAY/tarqui/mayancela/bemani/Hosp.Niño/orqui.trigales","SM0902-3","-2.900687","-78.980248"
"CAÑARIBAMBA/RIELES MONAY/tarqui/mayancela/bemani/Hosp.Niño/orqui.trigales","SM0902-2","-2.901648","-78.981679"
"CAÑARIBAMBA/RIELES MONAY/tarqui/mayancela/bemani/Hosp.Niño/orqui.trigales","SM0903-4","-2.899364","-78.982768"
"CAÑARIBAMBA/RIELES MONAY/tarqui/mayancela/bemani/Hosp.Niño/orqui.trigales","SM0903-3","-2.901136","-78.983408"
"CAÑARIBAMBA/RIELES MONAY/tarqui/mayancela/bemani/Hosp.Niño/orqui.trigales","SM0903-2","-2.903431","-78.982222"
"CAÑARIBAMBA/RIELES MONAY/tarqui/mayancela/bemani/Hosp.Niño/orqui.trigales","SM0903-1","-2.902965","-78.983016"
"CAÑARIBAMBA/RIELES MONAY/tarqui/mayancela/bemani/Hosp.Niño/orqui.trigales","SM0201-2","-2.903755","-78.986952"
"CAÑARIBAMBA/RIELES MONAY/tarqui/mayancela/bemani/Hosp.Niño/orqui.trigales","SM0201-1","-2.902628","-78.986157"
"CAÑARIBAMBA/RIELES MONAY/tarqui/mayancela/bemani/Hosp.Niño/orqui.trigales","SM0201-4","-2.906214","-78.985302"
"CAÑARIBAMBA/RIELES MONAY/tarqui/mayancela/bemani/Hosp.Niño/orqui.trigales","SM0201-3","-2.905105","-78.985253"
"CAÑARIBAMBA/RIELES MONAY/tarqui/mayancela/bemani/Hosp.Niño/orqui.trigales","SM0202-4","-2.905133","-78.99033"
"CAÑARIBAMBA/RIELES MONAY/tarqui/mayancela/bemani/Hosp.Niño/orqui.trigales","SM0202-3","-2.904463","-78.988572"
"CAÑARIBAMBA/RIELES MONAY/tarqui/mayancela/bemani/Hosp.Niño/orqui.trigales","SM0202-1","-2.905118","-78.98774"
"CAÑARIBAMBA/RIELES MONAY/tarqui/mayancela/bemani/Hosp.Niño/orqui.trigales","SM0202-2","-2.907158","-78.986902"
"CAÑARIBAMBA/RIELES MONAY/tarqui/mayancela/bemani/Hosp.Niño/orqui.trigales","SM0203-3","-2.905771","-78.991828"
"CAÑARIBAMBA/RIELES MONAY/tarqui/mayancela/bemani/Hosp.Niño/orqui.trigales","SM0203-2","-2.907302","-78.988791"
"CAÑARIBAMBA/RIELES MONAY/tarqui/mayancela/bemani/Hosp.Niño/orqui.trigales","SM0203-1","-2.90713","-78.990015"
"CAÑARIBAMBA/RIELES MONAY/tarqui/mayancela/bemani/Hosp.Niño/orqui.trigales","SMP0204-2","-2.909051","-78.993235"
"CAÑARIBAMBA/RIELES MONAY/tarqui/mayancela/bemani/Hosp.Niño/orqui.trigales","SMP0204-1","-2.908031","-78.991447"
"CAÑARIBAMBA/RIELES MONAY/tarqui/mayancela/bemani/Hosp.Niño/orqui.trigales","Caja Bloque F1","-2.897848","-78.967742"
"CAÑARIBAMBA/RIELES MONAY/tarqui/mayancela/bemani/Hosp.Niño/orqui.trigales","SM0904-1","-2.896409","-78.968685"
"CAÑARIBAMBA/RIELES MONAY/tarqui/mayancela/bemani/Hosp.Niño/orqui.trigales","SM0904-2","-2.896557","-78.968645"
"CAÑARIBAMBA/RIELES MONAY/tarqui/mayancela/bemani/Hosp.Niño/orqui.trigales","SM0904-3","-2.896661","-78.968617"
"CAÑARIBAMBA/RIELES MONAY/tarqui/mayancela/bemani/Hosp.Niño/orqui.trigales","SM0905-3","-2.896956","-78.968293"
"CAÑARIBAMBA/RIELES MONAY/tarqui/mayancela/bemani/Hosp.Niño/orqui.trigales","SM0905-4","-2.898147","-78.967971"
"CAÑARIBAMBA/RIELES MONAY/tarqui/mayancela/bemani/Hosp.Niño/orqui.trigales","SM0905-1","-2.897205","-78.968647"
"CAÑARIBAMBA/RIELES MONAY/tarqui/mayancela/bemani/Hosp.Niño/orqui.trigales","SM0905-1","-2.898246","-78.968346"
"CAÑARIBAMBA/RIELES MONAY/tarqui/mayancela/bemani/Hosp.Niño/orqui.trigales","SM6801-1","-2.950954","-78.989483"
"CAÑARIBAMBA/RIELES MONAY/tarqui/mayancela/bemani/Hosp.Niño/orqui.trigales","SM6801-2","-2.954149","-78.988616"
"CAÑARIBAMBA/RIELES MONAY/tarqui/mayancela/bemani/Hosp.Niño/orqui.trigales","SM6801-3","-2.954479","-78.986035"
"CAÑARIBAMBA/RIELES MONAY/tarqui/mayancela/bemani/Hosp.Niño/orqui.trigales","SM6801-4","-2.952842","-78.98143"
"CAÑARIBAMBA/RIELES MONAY/tarqui/mayancela/bemani/Hosp.Niño/orqui.trigales","SM6801-5","-2.951646","-78.984719"
"CAÑARIBAMBA/RIELES MONAY/tarqui/mayancela/bemani/Hosp.Niño/orqui.trigales","SM6801-6","-2.956001","-78.983474"
"CAÑARIBAMBA/RIELES MONAY/tarqui/mayancela/bemani/Hosp.Niño/orqui.trigales","SM6801-7","-2.958435","-78.985031"
"CAÑARIBAMBA/RIELES MONAY/tarqui/mayancela/bemani/Hosp.Niño/orqui.trigales","SM6802-1","-2.957151","-78.989119"
"CAÑARIBAMBA/RIELES MONAY/tarqui/mayancela/bemani/Hosp.Niño/orqui.trigales","SM6803-1","-2.966297","-79.001454"
"CAÑARIBAMBA/RIELES MONAY/tarqui/mayancela/bemani/Hosp.Niño/orqui.trigales","SM6803-2","-2.966636","-79.00387"
"CAÑARIBAMBA/RIELES MONAY/tarqui/mayancela/bemani/Hosp.Niño/orqui.trigales","SM6803-3","-2.971995","-79.00063"
"CAÑARIBAMBA/RIELES MONAY/tarqui/mayancela/bemani/Hosp.Niño/orqui.trigales","SM6803-5","-2.978949","-78.99821"
"CAÑARIBAMBA/RIELES MONAY/tarqui/mayancela/bemani/Hosp.Niño/orqui.trigales","SM6803-4","-2.97837","-78.99966"
"CAÑARIBAMBA/RIELES MONAY/tarqui/mayancela/bemani/Hosp.Niño/orqui.trigales","SM6803-6","-2.982287","-79.000204"
"CAÑARIBAMBA/RIELES MONAY/tarqui/mayancela/bemani/Hosp.Niño/orqui.trigales","SM6802-2","-2.959525","-78.987046"
"CAÑARIBAMBA/RIELES MONAY/tarqui/mayancela/bemani/Hosp.Niño/orqui.trigales","SM6802-3","-2.963385","-78.988809"
"CAÑARIBAMBA/RIELES MONAY/tarqui/mayancela/bemani/Hosp.Niño/orqui.trigales","SM6802-4","-2.964461","-78.988614"
"CAÑARIBAMBA/RIELES MONAY/tarqui/mayancela/bemani/Hosp.Niño/orqui.trigales","SM6802-5","-2.966023","-78.987604"
"CAÑARIBAMBA/RIELES MONAY/tarqui/mayancela/bemani/Hosp.Niño/orqui.trigales","SM6802-6","-2.968201","-78.985597"
"CAÑARIBAMBA/RIELES MONAY/tarqui/mayancela/bemani/Hosp.Niño/orqui.trigales","SM6802-7","-2.962882","-78.994717"
"CAÑARIBAMBA/RIELES MONAY/tarqui/mayancela/bemani/Hosp.Niño/orqui.trigales","SM6803-7","-2.978476","-78.993122"
"CAÑARIBAMBA/RIELES MONAY/tarqui/mayancela/bemani/Hosp.Niño/orqui.trigales","SM016701-1","-2.854165","-78.991328"
"CAÑARIBAMBA/RIELES MONAY/tarqui/mayancela/bemani/Hosp.Niño/orqui.trigales","SM016701-2","-2.855636","-78.989759"
"CAÑARIBAMBA/RIELES MONAY/tarqui/mayancela/bemani/Hosp.Niño/orqui.trigales","SM016701-3","-2.857768","-78.98825"
"CAÑARIBAMBA/RIELES MONAY/tarqui/mayancela/bemani/Hosp.Niño/orqui.trigales","SM016701-4","-2.853304","-78.99112"
"CAÑARIBAMBA/RIELES MONAY/tarqui/mayancela/bemani/Hosp.Niño/orqui.trigales","SM016701-5","-2.852531","-78.992715"
"CAÑARIBAMBA/RIELES MONAY/tarqui/mayancela/bemani/Hosp.Niño/orqui.trigales","SM016701-6","-2.852498","-78.995323"
"CAÑARIBAMBA/RIELES MONAY/tarqui/mayancela/bemani/Hosp.Niño/orqui.trigales","SM016701-7","-2.854252","-78.995587"
"CAÑARIBAMBA/RIELES MONAY/tarqui/mayancela/bemani/Hosp.Niño/orqui.trigales","SM016701-8","-2.855969","-78.992927"
"CAÑARIBAMBA/RIELES MONAY/tarqui/mayancela/bemani/Hosp.Niño/orqui.trigales","SM016702-1","-2.851462","-78.993491"
"CAÑARIBAMBA/RIELES MONAY/tarqui/mayancela/bemani/Hosp.Niño/orqui.trigales","SM016702-2","-2.849423","-78.99358"
"CAÑARIBAMBA/RIELES MONAY/tarqui/mayancela/bemani/Hosp.Niño/orqui.trigales","SM016702-3","-2.849187","-78.992821"
"CAÑARIBAMBA/RIELES MONAY/tarqui/mayancela/bemani/Hosp.Niño/orqui.trigales","SM016702-4","-2.848935","-78.991994"
"CAÑARIBAMBA/RIELES MONAY/tarqui/mayancela/bemani/Hosp.Niño/orqui.trigales","SM016702-5","-2.846851","-78.992419"
"CAÑARIBAMBA/RIELES MONAY/tarqui/mayancela/bemani/Hosp.Niño/orqui.trigales","SM016702-6","-2.845972","-78.99296"
"CAÑARIBAMBA/RIELES MONAY/tarqui/mayancela/bemani/Hosp.Niño/orqui.trigales","SM016702-7","-2.844828","-78.994047"
"CAÑARIBAMBA/RIELES MONAY/tarqui/mayancela/bemani/Hosp.Niño/orqui.trigales","SM016702-8","-2.851163","-78.991527"
"CAÑARIBAMBA/RIELES MONAY/tarqui/mayancela/bemani/Hosp.Niño/orqui.trigales","SM016703-1","-2.851189","-78.994688"
"CAÑARIBAMBA/RIELES MONAY/tarqui/mayancela/bemani/Hosp.Niño/orqui.trigales","SM016703-2","-2.850098","-78.995262"
"CAÑARIBAMBA/RIELES MONAY/tarqui/mayancela/bemani/Hosp.Niño/orqui.trigales","SM016703-3","-2.849039","-78.994974"
"CAÑARIBAMBA/RIELES MONAY/tarqui/mayancela/bemani/Hosp.Niño/orqui.trigales","SM016703-4","-2.847704","-78.995491"
"CAÑARIBAMBA/RIELES MONAY/tarqui/mayancela/bemani/Hosp.Niño/orqui.trigales","SM016703-5","-2.8361227","-79.0029686"
"CAÑARIBAMBA/RIELES MONAY/tarqui/mayancela/bemani/Hosp.Niño/orqui.trigales","SM016703-6","-2.848246","-78.996139"
"CAÑARIBAMBA/RIELES MONAY/tarqui/mayancela/bemani/Hosp.Niño/orqui.trigales","SM016703-7","-2.847763","-78.999118"
"CAÑARIBAMBA/RIELES MONAY/tarqui/mayancela/bemani/Hosp.Niño/orqui.trigales","SM016703-8","-2.848372","-78.997249"
"CAÑARIBAMBA/RIELES MONAY/tarqui/mayancela/bemani/Hosp.Niño/orqui.trigales","SM016704-1","-2.846076","-78.998538"
"CAÑARIBAMBA/RIELES MONAY/tarqui/mayancela/bemani/Hosp.Niño/orqui.trigales","SM016704-2","-2.84734","-78.997859"
"CAÑARIBAMBA/RIELES MONAY/tarqui/mayancela/bemani/Hosp.Niño/orqui.trigales","SM016704-3","-2.844912","-78.999457"
"CAÑARIBAMBA/RIELES MONAY/tarqui/mayancela/bemani/Hosp.Niño/orqui.trigales","SM016704-4","-2.845239","-79.000894"
"CAÑARIBAMBA/RIELES MONAY/tarqui/mayancela/bemani/Hosp.Niño/orqui.trigales","SM016704-5","-2.84661","-79.00028"
"CAÑARIBAMBA/RIELES MONAY/tarqui/mayancela/bemani/Hosp.Niño/orqui.trigales","SM016704-6","-2.845284","-79.00198"
"CAÑARIBAMBA/RIELES MONAY/tarqui/mayancela/bemani/Hosp.Niño/orqui.trigales","SM016704-7","-2.844022","-78.997368"
"CAÑARIBAMBA/RIELES MONAY/tarqui/mayancela/bemani/Hosp.Niño/orqui.trigales","SM016704-8","-2.843524","-79.000702"
"CAÑARIBAMBA/RIELES MONAY/tarqui/mayancela/bemani/Hosp.Niño/orqui.trigales","SM1510-1","-2.862701","-78.983183"
"CAÑARIBAMBA/RIELES MONAY/tarqui/mayancela/bemani/Hosp.Niño/orqui.trigales","SM1510-2","-2.86201","-78.984878"
"CAÑARIBAMBA/RIELES MONAY/tarqui/mayancela/bemani/Hosp.Niño/orqui.trigales","SM1510-3","-2.861594","-78.986099"
"CAÑARIBAMBA/RIELES MONAY/tarqui/mayancela/bemani/Hosp.Niño/orqui.trigales","SM1510-4","-2.86212","-78.986813"
"CAÑARIBAMBA/RIELES MONAY/tarqui/mayancela/bemani/Hosp.Niño/orqui.trigales","SM1510-5","-2.860586","-78.987564"
"CAÑARIBAMBA/RIELES MONAY/tarqui/mayancela/bemani/Hosp.Niño/orqui.trigales","SM1510-6","-2.864251","-78.984786"
"CAÑARIBAMBA/RIELES MONAY/tarqui/mayancela/bemani/Hosp.Niño/orqui.trigales","SM1510-7","-2.86256","-78.986439"
"CAÑARIBAMBA/RIELES MONAY/tarqui/mayancela/bemani/Hosp.Niño/orqui.trigales","SM1510-8","-2.864025","-78.98333"
"CAÑARIBAMBA/RIELES MONAY/tarqui/mayancela/bemani/Hosp.Niño/orqui.trigales","SM1511-1","-2.866988","-78.981665"
"CAÑARIBAMBA/RIELES MONAY/tarqui/mayancela/bemani/Hosp.Niño/orqui.trigales","SM1511-2","-2.866002","-78.982657"
"CAÑARIBAMBA/RIELES MONAY/tarqui/mayancela/bemani/Hosp.Niño/orqui.trigales","SM1511-3","-2.865803","-78.981889"
"CAÑARIBAMBA/RIELES MONAY/tarqui/mayancela/bemani/Hosp.Niño/orqui.trigales","SM1511-4","-2.866163","-78.980886"
"CAÑARIBAMBA/RIELES MONAY/tarqui/mayancela/bemani/Hosp.Niño/orqui.trigales","SM1511-5","-2.865267","-78.981272"
"CAÑARIBAMBA/RIELES MONAY/tarqui/mayancela/bemani/Hosp.Niño/orqui.trigales","SM1511-6","-2.865121","-78.98217"
"CAÑARIBAMBA/RIELES MONAY/tarqui/mayancela/bemani/Hosp.Niño/orqui.trigales","SM1511-7","-2.864513","-78.982386"
"CAÑARIBAMBA/RIELES MONAY/tarqui/mayancela/bemani/Hosp.Niño/orqui.trigales","SM1511-8","-2.865245","-78.983445"
"CAÑARIBAMBA/RIELES MONAY/tarqui/mayancela/bemani/Hosp.Niño/orqui.trigales","SM100L1-1","-2.846507","-78.9903514"
"CAÑARIBAMBA/RIELES MONAY/tarqui/mayancela/bemani/Hosp.Niño/orqui.trigales","SM100L2-4","-2.8465262","-78.9901865"
"CAÑARIBAMBA/RIELES MONAY/tarqui/mayancela/bemani/Hosp.Niño/orqui.trigales","SM100L1-2","-2.8463171","-78.9903238"
"CAÑARIBAMBA/RIELES MONAY/tarqui/mayancela/bemani/Hosp.Niño/orqui.trigales","SM100L2-3","-2.8463417","-78.9901802"
"CAÑARIBAMBA/RIELES MONAY/tarqui/mayancela/bemani/Hosp.Niño/orqui.trigales","SM1502-1","-2.862785","-78.989367"
"CAÑARIBAMBA/RIELES MONAY/tarqui/mayancela/bemani/Hosp.Niño/orqui.trigales","SM1502-2 ","-2.863602","-78.988288"
"CAÑARIBAMBA/RIELES MONAY/tarqui/mayancela/bemani/Hosp.Niño/orqui.trigales","SM1502-3","-2.864314","-78.987718"
"CAÑARIBAMBA/RIELES MONAY/tarqui/mayancela/bemani/Hosp.Niño/orqui.trigales","SM1502-4","-2.864578","-78.986881"
"CAÑARIBAMBA/RIELES MONAY/tarqui/mayancela/bemani/Hosp.Niño/orqui.trigales","SM1502-5","-2.861696","-78.9896"
"CAÑARIBAMBA/RIELES MONAY/tarqui/mayancela/bemani/Hosp.Niño/orqui.trigales","SM1502-6","-2.861189","-78.988803"
"CAÑARIBAMBA/RIELES MONAY/tarqui/mayancela/bemani/Hosp.Niño/orqui.trigales","SM1502-7","-2.860486","-78.98886"
"CAÑARIBAMBA/RIELES MONAY/tarqui/mayancela/bemani/Hosp.Niño/orqui.trigales","SM1502-8 ","-2.862561","-78.988315"
"CAÑARIBAMBA/RIELES MONAY/tarqui/mayancela/bemani/Hosp.Niño/orqui.trigales","SM1503-1","-2.860613","-78.990248"
"CAÑARIBAMBA/RIELES MONAY/tarqui/mayancela/bemani/Hosp.Niño/orqui.trigales","SM1503-2","-2.861247","-78.992342"
"CAÑARIBAMBA/RIELES MONAY/tarqui/mayancela/bemani/Hosp.Niño/orqui.trigales","SM1503-3","-2.859085","-78.990578"
"CAÑARIBAMBA/RIELES MONAY/tarqui/mayancela/bemani/Hosp.Niño/orqui.trigales","SM1503-4","-2.86043","-78.993275"
"CAÑARIBAMBA/RIELES MONAY/tarqui/mayancela/bemani/Hosp.Niño/orqui.trigales","SM1503-5","-2.857318","-78.994293"
"CAÑARIBAMBA/RIELES MONAY/tarqui/mayancela/bemani/Hosp.Niño/orqui.trigales","SM1503-6","-2.858129","-78.994935"
"CAÑARIBAMBA/RIELES MONAY/tarqui/mayancela/bemani/Hosp.Niño/orqui.trigales","SM1503-7","-2.861909","-78.992541"
"CAÑARIBAMBA/RIELES MONAY/tarqui/mayancela/bemani/Hosp.Niño/orqui.trigales","SM1503-8","-2.86122","-78.995403"
"CAÑARIBAMBA/RIELES MONAY/tarqui/mayancela/bemani/Hosp.Niño/orqui.trigales","SM1504-1","-2.86665","-78.98964"
"CAÑARIBAMBA/RIELES MONAY/tarqui/mayancela/bemani/Hosp.Niño/orqui.trigales","SM1504-2","-2.866043","-78.990206"
"CAÑARIBAMBA/RIELES MONAY/tarqui/mayancela/bemani/Hosp.Niño/orqui.trigales","SM1504-3","-2.866393","-78.990813"
"CAÑARIBAMBA/RIELES MONAY/tarqui/mayancela/bemani/Hosp.Niño/orqui.trigales","SM1504-4","-2.865501","-78.991513"
"CAÑARIBAMBA/RIELES MONAY/tarqui/mayancela/bemani/Hosp.Niño/orqui.trigales","SM1504-5","-2.866709","-78.991507"
"CAÑARIBAMBA/RIELES MONAY/tarqui/mayancela/bemani/Hosp.Niño/orqui.trigales","SM1504-6","-2.867376","-78.991494"
"CAÑARIBAMBA/RIELES MONAY/tarqui/mayancela/bemani/Hosp.Niño/orqui.trigales","SM1505-1","-2.867798","-78.990688"
"CAÑARIBAMBA/RIELES MONAY/tarqui/mayancela/bemani/Hosp.Niño/orqui.trigales","SM1505-2","-2.868473","-78.990478"
"CAÑARIBAMBA/RIELES MONAY/tarqui/mayancela/bemani/Hosp.Niño/orqui.trigales","SM1505-3 ","-2.86862","-78.991165"
"CAÑARIBAMBA/RIELES MONAY/tarqui/mayancela/bemani/Hosp.Niño/orqui.trigales","SM1505-4","-2.868016","-78.991338"
"CAÑARIBAMBA/RIELES MONAY/tarqui/mayancela/bemani/Hosp.Niño/orqui.trigales","SM1505-5","-2.867542","-78.991133"
"CAÑARIBAMBA/RIELES MONAY/tarqui/mayancela/bemani/Hosp.Niño/orqui.trigales","SM1505-6","-2.867218","-78.990834"
"CAÑARIBAMBA/RIELES MONAY/tarqui/mayancela/bemani/Hosp.Niño/orqui.trigales","SM1505-7","-2.868352","-78.99017"
"CAÑARIBAMBA/RIELES MONAY/tarqui/mayancela/bemani/Hosp.Niño/orqui.trigales","SM1505-8","-2.867445","-78.990409"
"CAÑARIBAMBA/RIELES MONAY/tarqui/mayancela/bemani/Hosp.Niño/orqui.trigales","SM1506-1","-2.866958","-78.986059"
"CAÑARIBAMBA/RIELES MONAY/tarqui/mayancela/bemani/Hosp.Niño/orqui.trigales","SM1506-2","-2.867442","-78.985834"
"CAÑARIBAMBA/RIELES MONAY/tarqui/mayancela/bemani/Hosp.Niño/orqui.trigales","SM1506-3","-2.867868","-78.985605"
"CAÑARIBAMBA/RIELES MONAY/tarqui/mayancela/bemani/Hosp.Niño/orqui.trigales","SM1506-4 ","-2.868339","-78.985426"
"CAÑARIBAMBA/RIELES MONAY/tarqui/mayancela/bemani/Hosp.Niño/orqui.trigales","SM1506-5","-2.867162","-78.985005"
"CAÑARIBAMBA/RIELES MONAY/tarqui/mayancela/bemani/Hosp.Niño/orqui.trigales","SM1506-6","-2.865905","-78.985644"
"CAÑARIBAMBA/RIELES MONAY/tarqui/mayancela/bemani/Hosp.Niño/orqui.trigales","SM1506-7","-2.866429","-78.985184"
"CAÑARIBAMBA/RIELES MONAY/tarqui/mayancela/bemani/Hosp.Niño/orqui.trigales","SM1506-8","-2.865545","-78.986225"
"CAÑARIBAMBA/RIELES MONAY/tarqui/mayancela/bemani/Hosp.Niño/orqui.trigales","SM1507-1","-2.868783","-78.983186"
"CAÑARIBAMBA/RIELES MONAY/tarqui/mayancela/bemani/Hosp.Niño/orqui.trigales","SM1507-2","-2.868987","-78.982546"
"CAÑARIBAMBA/RIELES MONAY/tarqui/mayancela/bemani/Hosp.Niño/orqui.trigales","SM1507-3","-2.868921","-78.981997"
"CAÑARIBAMBA/RIELES MONAY/tarqui/mayancela/bemani/Hosp.Niño/orqui.trigales","SM1507-4","-2.872539","-78.983472"
"CAÑARIBAMBA/RIELES MONAY/tarqui/mayancela/bemani/Hosp.Niño/orqui.trigales","SM1507-5","-2.871239","-78.983481"
"CAÑARIBAMBA/RIELES MONAY/tarqui/mayancela/bemani/Hosp.Niño/orqui.trigales","SM1507-6","-2.869967","-78.983478"
"CAÑARIBAMBA/RIELES MONAY/tarqui/mayancela/bemani/Hosp.Niño/orqui.trigales","SM1508-1","-2.870824","-78.982848"
"CAÑARIBAMBA/RIELES MONAY/tarqui/mayancela/bemani/Hosp.Niño/orqui.trigales","SM1508-2","-2.87154","-78.982207"
"CAÑARIBAMBA/RIELES MONAY/tarqui/mayancela/bemani/Hosp.Niño/orqui.trigales","SM1508-3","-2.872189","-78.98208"
"CAÑARIBAMBA/RIELES MONAY/tarqui/mayancela/bemani/Hosp.Niño/orqui.trigales","SM1508-4","-2.872838","-78.981993"
"CAÑARIBAMBA/RIELES MONAY/tarqui/mayancela/bemani/Hosp.Niño/orqui.trigales","SM1508-5","-2.873142","-78.981359"
"CAÑARIBAMBA/RIELES MONAY/tarqui/mayancela/bemani/Hosp.Niño/orqui.trigales","SM1508-6 ","-2.872111","-78.982668"
"CAÑARIBAMBA/RIELES MONAY/tarqui/mayancela/bemani/Hosp.Niño/orqui.trigales","SM1508-7","-2.873432","-78.982322"
"CAÑARIBAMBA/RIELES MONAY/tarqui/mayancela/bemani/Hosp.Niño/orqui.trigales","SM1508-8","-2.872474","-78.981374"
"CAÑARIBAMBA/RIELES MONAY/tarqui/mayancela/bemani/Hosp.Niño/orqui.trigales","SM1509-1","-2.871357","-78.981025"
"CAÑARIBAMBA/RIELES MONAY/tarqui/mayancela/bemani/Hosp.Niño/orqui.trigales","SM1509-2","-2.871756","-78.980182"
"CAÑARIBAMBA/RIELES MONAY/tarqui/mayancela/bemani/Hosp.Niño/orqui.trigales","SM1509-3","-2.87094","-78.98076"
"CAÑARIBAMBA/RIELES MONAY/tarqui/mayancela/bemani/Hosp.Niño/orqui.trigales","SM1509-4","-2.87056","-78.98044"
"CAÑARIBAMBA/RIELES MONAY/tarqui/mayancela/bemani/Hosp.Niño/orqui.trigales","SM1509-5","-2.870906","-78.97986"
"CAÑARIBAMBA/RIELES MONAY/tarqui/mayancela/bemani/Hosp.Niño/orqui.trigales","SM1509-6","-2.86986","-78.979921"
"CAÑARIBAMBA/RIELES MONAY/tarqui/mayancela/bemani/Hosp.Niño/orqui.trigales","SM1509-7","-2.872403","-78.979556"
"CAÑARIBAMBA/RIELES MONAY/tarqui/mayancela/bemani/Hosp.Niño/orqui.trigales","SM1509-8","-2.872067","-78.979372"
"CAÑARIBAMBA/RIELES MONAY/tarqui/mayancela/bemani/Hosp.Niño/orqui.trigales","SM1512-3","-2.867368","-78.986821"
"CAÑARIBAMBA/RIELES MONAY/tarqui/mayancela/bemani/Hosp.Niño/orqui.trigales","SM1512-2","-2.866637","-78.987083"
"CAÑARIBAMBA/RIELES MONAY/tarqui/mayancela/bemani/Hosp.Niño/orqui.trigales","SM1512-1","-2.866105","-78.987272"
"CAÑARIBAMBA/RIELES MONAY/tarqui/mayancela/bemani/Hosp.Niño/orqui.trigales","SM1514-1","-2.8611591","-78.9961944"
"CAÑARIBAMBA/RIELES MONAY/tarqui/mayancela/bemani/Hosp.Niño/orqui.trigales","SM1513-3","-2.8708131","-78.9846531"
"CAÑARIBAMBA/RIELES MONAY/tarqui/mayancela/bemani/Hosp.Niño/orqui.trigales","SM1513-4","-2.871187","-78.9855444"
"CAÑARIBAMBA/RIELES MONAY/tarqui/mayancela/bemani/Hosp.Niño/orqui.trigales","SM1513-5","-2.8706653","-78.986404"
"CAÑARIBAMBA/RIELES MONAY/tarqui/mayancela/bemani/Hosp.Niño/orqui.trigales","SM1513-6","-2.8701056","-78.9871644"
"CAÑARIBAMBA/RIELES MONAY/tarqui/mayancela/bemani/Hosp.Niño/orqui.trigales","BLOQUE  I2","-2.8469026","-78.9902686"
"CAÑARIBAMBA/RIELES MONAY/tarqui/mayancela/bemani/Hosp.Niño/orqui.trigales","KM0917-7","-2.9201254","-79.0216569"
"CAÑARIBAMBA/RIELES MONAY/tarqui/mayancela/bemani/Hosp.Niño/orqui.trigales","KM0918-2","-2.9179105","-79.009217"
"CAÑARIBAMBA/RIELES MONAY/tarqui/mayancela/bemani/Hosp.Niño/orqui.trigales","KM0917-8  ED","-2.9200429","-79.0265186"
"CAÑARIBAMBA/RIELES MONAY/tarqui/mayancela/bemani/Hosp.Niño/orqui.trigales","KM0918-3","-2.9212691","-79.0088967"
"CAÑARIBAMBA/RIELES MONAY/tarqui/mayancela/bemani/Hosp.Niño/orqui.trigales","KM0918-4 ED","-2.9193164","-79.0077578"
"CAÑARIBAMBA/RIELES MONAY/tarqui/mayancela/bemani/Hosp.Niño/orqui.trigales","Ext. SM7071-7","-2.8864701","-78.9826577"
"CAÑARIBAMBA/RIELES MONAY/tarqui/mayancela/bemani/Hosp.Niño/orqui.trigales","SM6907-1","-2.9248749","-79.0068527"
"CAÑARIBAMBA/RIELES MONAY/tarqui/mayancela/bemani/Hosp.Niño/orqui.trigales","SM6907-2","-2.9207858","-79.0133222"
"CAÑARIBAMBA/RIELES MONAY/tarqui/mayancela/bemani/Hosp.Niño/orqui.trigales","SM6907-3","-2.9208393","-79.0133051"
"CAÑARIBAMBA/RIELES MONAY/tarqui/mayancela/bemani/Hosp.Niño/orqui.trigales","KM0920-1","-2.9223426","-79.0245354"
"CAÑARIBAMBA/RIELES MONAY/tarqui/mayancela/bemani/Hosp.Niño/orqui.trigales","KM0920-2","-2.923224","-79.0226912"
"CAÑARIBAMBA/RIELES MONAY/tarqui/mayancela/bemani/Hosp.Niño/orqui.trigales","SM6008-1","-2.8929863","-78.9610997"
"CAÑARIBAMBA/RIELES MONAY/tarqui/mayancela/bemani/Hosp.Niño/orqui.trigales","SM6008-2","-2.8930961","-78.9611305"
"CAÑARIBAMBA/RIELES MONAY/tarqui/mayancela/bemani/Hosp.Niño/orqui.trigales","SM6008-3","-2.893159","-78.9612848"
"CAÑARIBAMBA/RIELES MONAY/tarqui/mayancela/bemani/Hosp.Niño/orqui.trigales","SM6008-4","-2.893068","-78.9614377"
"Patamarca/Calderon/bosque/valle","SM7037-1","-2.901753","-78.971702"
"Patamarca/Calderon/bosque/valle","SM7037-2","-2.900915","-78.971905"
"Patamarca/Calderon/bosque/valle","SM7037-3","-2.901794","-78.972955"
"Patamarca/Calderon/bosque/valle","SM7037-4","-2.902839","-78.972876"
"Patamarca/Calderon/bosque/valle","SM7037-5","-2.90382","-78.973103"
"Patamarca/Calderon/bosque/valle","SM7037-6","-2.903003","-78.972454"
"Patamarca/Calderon/bosque/valle","SM0801-5","-2.8641653","-78.9791255"
"Patamarca/Calderon/bosque/valle","SM0801-7","-2.8618528","-78.9789972"
"Patamarca/Calderon/bosque/valle","SM0801-6","-2.859455","-78.980764"
"Patamarca/Calderon/bosque/valle","SM4001-1","-2.880587","-78.981254"
"Patamarca/Calderon/bosque/valle","SM4001-2","-2.882218","-78.980884"
"Patamarca/Calderon/bosque/valle","SM4001-3","-2.87939","-78.980439"
"Patamarca/Calderon/bosque/valle","SM4001-4","-2.880697","-78.980327"
"Patamarca/Calderon/bosque/valle","SM4001-5","-2.88029","-78.97948"
"Patamarca/Calderon/bosque/valle","SM4001-6","-2.881189","-78.979151"
"Patamarca/Calderon/bosque/valle","SM4001-7","-2.881004","-78.977597"
"Patamarca/Calderon/bosque/valle","SM4001-8","-2.881236","-78.976373"
"Patamarca/Calderon/bosque/valle","SM7042-4","-2.897635","-78.950741"
"Patamarca/Calderon/bosque/valle","SM7042-3","-2.898674","-78.959507"
"Patamarca/Calderon/bosque/valle","SM7042-2","-2.898365","-78.957329"
"Patamarca/Calderon/bosque/valle","SM7042-1","-2.901625","-78.955676"
"Patamarca/Calderon/bosque/valle","SM7007-8","-2.94748","-78.961876"
"Patamarca/Calderon/bosque/valle","SM7030-1","-2.951384","-78.969716"
"Patamarca/Calderon/bosque/valle","SM7030-2","-2.952312","-78.971654"
"Patamarca/Calderon/bosque/valle","SM7030-3","-2.953625","-78.973027"
"Patamarca/Calderon/bosque/valle","SM7030-4","-2.949771","-78.967166"
"Patamarca/Calderon/bosque/valle","SM7036-2","-2.952361","-78.980026"
"Patamarca/Calderon/bosque/valle","SM7036-1","-2.953829","-78.978218"
"Patamarca/Calderon/bosque/valle","SM7036-3","-2.954964","-78.97553"
"Patamarca/Calderon/bosque/valle","SM7036-4","-2.957644","-78.973945"
"Patamarca/Calderon/bosque/valle","SM7036-5","-2.956296","-78.976884"
"Patamarca/Calderon/bosque/valle","SM7101-1","-2.926095","-78.980782"
"Patamarca/Calderon/bosque/valle","SM7101-2","-2.927369","-78.982329"
"Patamarca/Calderon/bosque/valle","SM7101-3","-2.9287","-78.984618"
"Patamarca/Calderon/bosque/valle","SM7101-4","-2.929732","-78.987378"
"Patamarca/Calderon/bosque/valle","SM7101-5","-2.93013","-78.989647"
"Patamarca/Calderon/bosque/valle","SM7101-6","-2.931303","-78.991101"
"Patamarca/Calderon/bosque/valle","SM7101-7","-2.933066","-78.989481"
"Patamarca/Calderon/bosque/valle","SM7101-8","-2.936295","-78.987598"
"Patamarca/Calderon/bosque/valle","SM7001-1","-2.914379","-78.962743"
"Patamarca/Calderon/bosque/valle","SM7001-2","-2.913339","-78.961886"
"Patamarca/Calderon/bosque/valle","SM7001-3","-2.911404","-78.960139"
"Patamarca/Calderon/bosque/valle","SM7001-4","-2.91278","-78.960748"
"Patamarca/Calderon/bosque/valle","SM7001-5","-2.9122909","-78.959562"
"Patamarca/Calderon/bosque/valle","SM7001-6","-2.911705","-78.957412"
"Patamarca/Calderon/bosque/valle","SM7001-7","-2.910974","-78.956342"
"Patamarca/Calderon/bosque/valle","SM7001-8","-2.90792","-78.952463"
"Patamarca/Calderon/bosque/valle","SM7002-1","-2.917533","-78.96081"
"Patamarca/Calderon/bosque/valle","SM7002-2","-2.917104","-78.958696"
"Patamarca/Calderon/bosque/valle","SM7002-3 ","-2.919152","-78.958271"
"Patamarca/Calderon/bosque/valle","SM7002-4","-2.920295","-78.956414"
"Patamarca/Calderon/bosque/valle","SM7002-5","-2.92087","-78.95442"
"Patamarca/Calderon/bosque/valle","SM7002-6","-2.916919","-78.955864"
"Patamarca/Calderon/bosque/valle","SM7002-7","-2.916646","-78.952786"
"Patamarca/Calderon/bosque/valle","SM7002-8","-2.917703","-78.951383"
"Patamarca/Calderon/bosque/valle","SM7003-7","-2.923093","-78.959644"
"Patamarca/Calderon/bosque/valle","SM7003-8","-2.92279","-78.958545"
"Patamarca/Calderon/bosque/valle","SM7003-6","-2.921388","-78.961647"
"Patamarca/Calderon/bosque/valle","SM7003-5","-2.92033","-78.962448"
"Patamarca/Calderon/bosque/valle","SM7003-4  ED","-2.9189344","-78.9620984"
"Patamarca/Calderon/bosque/valle","SM7003-3","-2.918184","-78.963297"
"Patamarca/Calderon/bosque/valle","SM7003-2","-2.917362","-78.963135"
"Patamarca/Calderon/bosque/valle","SM7004-8","-2.927923","-78.952469"
"Patamarca/Calderon/bosque/valle","SM7004-7","-2.929094","-78.956882"
"Patamarca/Calderon/bosque/valle","SM7004-5","-2.927842","-78.959197"
"Patamarca/Calderon/bosque/valle","SM7004-6","-2.925526","-78.95726"
"Patamarca/Calderon/bosque/valle","SM7004-4","-2.935276","-78.960141"
"Patamarca/Calderon/bosque/valle","SM7004-3","-2.930989","-78.962143"
"Patamarca/Calderon/bosque/valle","SM7004-2","-2.929007","-78.960099"
"Patamarca/Calderon/bosque/valle","SM7004-1","-2.926736","-78.96118"
"Patamarca/Calderon/bosque/valle","SM7005-7","-2.937364","-78.96182"
"Patamarca/Calderon/bosque/valle","SM7005-6","-2.937212","-78.962688"
"Patamarca/Calderon/bosque/valle","SM7005-4","-2.937102","-78.963661"
"Patamarca/Calderon/bosque/valle","SM7005-3","-2.937892","-78.963917"
"Patamarca/Calderon/bosque/valle","SM7005-2","-2.939669","-78.966493"
"Patamarca/Calderon/bosque/valle","SM7005-1","-2.938038","-78.965832"
"Patamarca/Calderon/bosque/valle","SM7005-5","-2.938424","-78.965185"
"Patamarca/Calderon/bosque/valle","SM7007-1","-2.940692","-78.963217"
"Patamarca/Calderon/bosque/valle","SM7007-3 ","-2.944049","-78.963769"
"Patamarca/Calderon/bosque/valle","SM7007-4","-2.939136","-78.960879"
"Patamarca/Calderon/bosque/valle","SM7007-5","-2.946264","-78.965044"
"Patamarca/Calderon/bosque/valle","SM7007-6","-2.946493","-78.9586"
"Patamarca/Calderon/bosque/valle","SM7007-7","-2.942175","-78.952263"
"Patamarca/Calderon/bosque/valle","SM7008-2","-2.941797","-78.95728"
"Patamarca/Calderon/bosque/valle","SM7008-4 ","-2.940194","-78.957344"
"Patamarca/Calderon/bosque/valle","SM7008-3 ","-2.942485","-78.957115"
"Patamarca/Calderon/bosque/valle","SM7008-1 ","-2.941923","-78.957952"
"Patamarca/Calderon/bosque/valle","SM7008-6 ","-2.941334","-78.958244"
"Patamarca/Calderon/bosque/valle","SM7008-5 ","-2.941041","-78.958441"
"Patamarca/Calderon/bosque/valle","SM7008-8 ","-2.939939","-78.958179"
"Patamarca/Calderon/bosque/valle","SM7008-7 ","-2.940763","-78.95861"
"Patamarca/Calderon/bosque/valle","SM7013-8","-2.915048","-78.970217"
"Patamarca/Calderon/bosque/valle","SM7013-7","-2.915609","-78.970946"
"Patamarca/Calderon/bosque/valle","SM7013-6","-2.916538","-78.972058"
"Patamarca/Calderon/bosque/valle","SM7013-5","-2.917118","-78.972672"
"Patamarca/Calderon/bosque/valle","SM7013-4","-2.922576","-78.974304"
"Patamarca/Calderon/bosque/valle","SM7013-3","-2.921843","-78.974642"
"Patamarca/Calderon/bosque/valle","SM7013-2","-2.920742","-78.974471"
"Patamarca/Calderon/bosque/valle","SM7013-1","-2.918616","-78.973466"
"Patamarca/Calderon/bosque/valle","SM7014-8","-2.920665","-78.979964"
"Patamarca/Calderon/bosque/valle","SM7014-7","-2.919718","-78.979188"
"Patamarca/Calderon/bosque/valle","SM7014-6","-2.917959","-78.97824"
"Patamarca/Calderon/bosque/valle","SM7014-5","-2.91873","-78.977691"
"Patamarca/Calderon/bosque/valle","SM7014-4","-2.91837","-78.97629"
"Patamarca/Calderon/bosque/valle","SM7014-3","-2.918493","-78.974897"
"Patamarca/Calderon/bosque/valle","SM7014-2","-2.919316","-78.975914"
"Patamarca/Calderon/bosque/valle","SM7014-1","-2.920357","-78.975048"
"Patamarca/Calderon/bosque/valle","SM7015-8","-2.922475","-78.976686"
"Patamarca/Calderon/bosque/valle","SM7015-7","-2.923265","-78.975984"
"Patamarca/Calderon/bosque/valle","SM7015-6","-2.92374","-78.976449"
"Patamarca/Calderon/bosque/valle","SM7015-5","-2.924616","-78.975578"
"Patamarca/Calderon/bosque/valle","SM7015-4","-2.923813","-78.974648"
"Patamarca/Calderon/bosque/valle","SM7015-3","-2.92446","-78.974656"
"Patamarca/Calderon/bosque/valle","SM7015-2","-2.924217","-78.974042"
"Patamarca/Calderon/bosque/valle","SM7015-1","-2.923976","-78.97385"
"Patamarca/Calderon/bosque/valle","SM7016-4","-2.923275","-78.965179"
"Patamarca/Calderon/bosque/valle","SM7016-8","-2.925117","-78.965947"
"Patamarca/Calderon/bosque/valle","SM7016-3","-2.924568","-78.970162"
"Patamarca/Calderon/bosque/valle","SM7016-7","-2.925683","-78.96992"
"Patamarca/Calderon/bosque/valle","SM7016-6","-2.926776","-78.970571"
"Patamarca/Calderon/bosque/valle","SM7016-5","-2.92545","-78.972198"
"Patamarca/Calderon/bosque/valle","SM7016-2","-2.924451","-78.972006"
"Patamarca/Calderon/bosque/valle","SM7016-1","-2.925119","-78.972898"
"Patamarca/Calderon/bosque/valle","SM7017-8","-2.922377","-78.978501"
"Patamarca/Calderon/bosque/valle","SM7017-7","-2.923795","-78.97749"
"Patamarca/Calderon/bosque/valle","SM7017-6","-2.92472","-78.976394"
"Patamarca/Calderon/bosque/valle","SM7017-5","-2.92522","-78.975538"
"Patamarca/Calderon/bosque/valle","SM7017-4","-2.926315","-78.972214"
"Patamarca/Calderon/bosque/valle","SM7017-3","-2.927223","-78.972289"
"Patamarca/Calderon/bosque/valle","SM7017-2","-2.925401","-78.974242"
"Patamarca/Calderon/bosque/valle","SM7017-1","-2.926684","-78.973471"
"Patamarca/Calderon/bosque/valle","SM7018-8","-2.932404","-78.981038"
"Patamarca/Calderon/bosque/valle","SM7018-7","-2.93024","-78.980004"
"Patamarca/Calderon/bosque/valle","SM7018-6 cAJALLENA","-2.928993","-78.97921"
"Patamarca/Calderon/bosque/valle","SM7018-5","-2.92792","-78.978462"
"Patamarca/Calderon/bosque/valle","SM7018-4","-2.926566","-78.977264"
"Patamarca/Calderon/bosque/valle","SM7018-3","-2.925501","-78.976076"
"Patamarca/Calderon/bosque/valle","SM7018-2","-2.925857","-78.975364"
"Patamarca/Calderon/bosque/valle","SM7018-1","-2.926348","-78.974557"
"Patamarca/Calderon/bosque/valle","SM7019-8","-2.927052","-78.973874"
"Patamarca/Calderon/bosque/valle","SM7019-7","-2.928288","-78.974198"
"Patamarca/Calderon/bosque/valle","SM7019-6","-2.927782","-78.972048"
"Patamarca/Calderon/bosque/valle","SM7019-5","-2.929522","-78.973091"
"Patamarca/Calderon/bosque/valle","SM7019-4","-2.929946","-78.97237"
"Patamarca/Calderon/bosque/valle","SM7019-3","-2.927703","-78.970953"
"Patamarca/Calderon/bosque/valle","SM7019-2","-2.929404","-78.971593"
"Patamarca/Calderon/bosque/valle","SM7019-1","-2.928375","-78.971603"
"Patamarca/Calderon/bosque/valle","SM7020-8","-2.933665","-78.968205"
"Patamarca/Calderon/bosque/valle","SM7020-7","-2.932593","-78.968102"
"Patamarca/Calderon/bosque/valle","SM7020-6","-2.931607","-78.967326"
"Patamarca/Calderon/bosque/valle","SM7020-5","-2.931083","-78.965886"
"Patamarca/Calderon/bosque/valle","SM7020-4","-2.929421","-78.965361"
"Patamarca/Calderon/bosque/valle","SM7020-3","-2.930108","-78.965993"
"Patamarca/Calderon/bosque/valle","SM7020-2","-2.930904","-78.968393"
"Patamarca/Calderon/bosque/valle","SM7020-1","-2.929931","-78.969825"
"Patamarca/Calderon/bosque/valle","SM7025-8","-2.930193","-78.970659"
"Patamarca/Calderon/bosque/valle","SM7025-7","-2.930828","-78.972127"
"Patamarca/Calderon/bosque/valle","SM7025-6","-2.932861","-78.973146"
"Patamarca/Calderon/bosque/valle","SM7025-5","-2.934031","-78.971393"
"Patamarca/Calderon/bosque/valle","SM7025-4","-2.931849","-78.97147"
"Patamarca/Calderon/bosque/valle","SM7025-3","-2.931955","-78.971823"
"Patamarca/Calderon/bosque/valle","SM7025-2","-2.932766","-78.971724"
"Patamarca/Calderon/bosque/valle","SM7026-8","-2.944668","-78.976299"
"Patamarca/Calderon/bosque/valle","SM7026-7","-2.948907","-78.970802"
"Patamarca/Calderon/bosque/valle","SM7026-6","-2.942155","-78.972461"
"Patamarca/Calderon/bosque/valle","SM7026-5","-2.939869","-78.972281"
"Patamarca/Calderon/bosque/valle","SM7026-4","-2.936339","-78.974157"
"Patamarca/Calderon/bosque/valle","SM7026-3","-2.929269","-78.976038"
"Patamarca/Calderon/bosque/valle","SM7026-2","-2.930916","-78.975209"
"Patamarca/Calderon/bosque/valle","SM7026-1","-2.933315","-78.974726"
"Patamarca/Calderon/bosque/valle","SM7027-8","-2.938125","-78.980603"
"Patamarca/Calderon/bosque/valle","SM7027-7","-2.937016","-78.97987"
"Patamarca/Calderon/bosque/valle","SM7027-6","-2.937473","-78.977463"
"Patamarca/Calderon/bosque/valle","SM7027-5","-2.935669","-78.978863"
"Patamarca/Calderon/bosque/valle","SM7027-4","-2.936308","-78.978586"
"Patamarca/Calderon/bosque/valle","SM7027-3","-2.935701","-78.978017"
"Patamarca/Calderon/bosque/valle","SM7027-2","-2.935225","-78.977467"
"Patamarca/Calderon/bosque/valle","SM7027-1","-2.93408","-78.977436"
"Patamarca/Calderon/bosque/valle","SM7028-8","-2.942682","-78.984911"
"Patamarca/Calderon/bosque/valle","SM7028-7","-2.941453","-78.983391"
"Patamarca/Calderon/bosque/valle","SM7028-6","-2.940635","-78.982855"
"Patamarca/Calderon/bosque/valle","SM7028-5","-2.936596","-78.985217"
"Patamarca/Calderon/bosque/valle","SM7028-4","-2.938144","-78.984374"
"Patamarca/Calderon/bosque/valle","SM7028-3","-2.938749","-78.983134"
"Patamarca/Calderon/bosque/valle","SM7028-2","-2.942529","-78.98012"
"Patamarca/Calderon/bosque/valle","SM7028-1","-2.938772","-78.981613"
"Patamarca/Calderon/bosque/valle","SM7038-1","-2.911048","-78.966561"
"Patamarca/Calderon/bosque/valle","SM7038-2","-2.90928","-78.96573"
"Patamarca/Calderon/bosque/valle","SM7038-3","-2.910817","-78.969135"
"Patamarca/Calderon/bosque/valle","SM7038-4","-2.909237","-78.969776"
"Patamarca/Calderon/bosque/valle","SM7038-5","-2.911696","-78.970203"
"Patamarca/Calderon/bosque/valle","SM7038-6","-2.91135","-78.971776"
"Patamarca/Calderon/bosque/valle","SM7038-7","-2.912845","-78.97364"
"Patamarca/Calderon/bosque/valle","SM7038-8","-2.914445","-78.974398"
"Patamarca/Calderon/bosque/valle","SM7039-1","-2.91355","-78.967209"
"Patamarca/Calderon/bosque/valle","SM7039-3 caja llena","-2.914249","-78.965075"
"Patamarca/Calderon/bosque/valle","SM7039-2","-2.915617","-78.96519"
"Patamarca/Calderon/bosque/valle","SM7039-4","-2.913723","-78.969408"
"Patamarca/Calderon/bosque/valle","SM7039-5","-2.916933","-78.967773"
"Patamarca/Calderon/bosque/valle","SM7039-6 1/16","-2.918166","-78.968504"
"Patamarca/Calderon/bosque/valle","SM7039-7","-2.919507","-78.969716"
"Patamarca/Calderon/bosque/valle","SM7039-8","-2.920612","-78.970548"
"Patamarca/Calderon/bosque/valle","SM7040-1","-2.9048874","-78.9626111"
"Patamarca/Calderon/bosque/valle","SM7040-2","-2.906266","-78.963385"
"Patamarca/Calderon/bosque/valle","SM7040-3","-2.903816","-78.961716"
"Patamarca/Calderon/bosque/valle","SM7040-4","-2.903504","-78.960524"
"Patamarca/Calderon/bosque/valle","SM7040-5","-2.90389","-78.95908"
"Patamarca/Calderon/bosque/valle","SM70406","-2.90508","-78.95764"
"Patamarca/Calderon/bosque/valle","SM7040-8","-2.90612","-78.954048"
"Patamarca/Calderon/bosque/valle","SM7040-7","-2.903389","-78.956101"
"Patamarca/Calderon/bosque/valle","SM7048-1","-2.910492","-78.956036"
"Patamarca/Calderon/bosque/valle","SM7048-3","-2.908186","-78.958636"
"Patamarca/Calderon/bosque/valle","SM7048-2","-2.909783","-78.956697"
"Patamarca/Calderon/bosque/valle","SM7047-1","-2.917955","-78.950287"
"Patamarca/Calderon/bosque/valle","SM7047-2","-2.918303","-78.949738"
"Patamarca/Calderon/bosque/valle","SM7047-4","-2.918752","-78.950866"
"Patamarca/Calderon/bosque/valle","MarcaSM7047-3","-2.918736","-78.951308"
"Patamarca/Calderon/bosque/valle","SM7006-1","-2.908331","-78.95186"
"Patamarca/Calderon/bosque/valle","SM7006-2","-2.909406","-78.949353"
"Patamarca/Calderon/bosque/valle","SM7006-3","-2.906686","-78.948013"
"Patamarca/Calderon/bosque/valle","SM7006-4","-2.905304","-78.947019"
"Patamarca/Calderon/bosque/valle","SM7006-5","-2.9066573","-78.9512671"
"Patamarca/Calderon/bosque/valle","SM7006-6","-2.906324","-78.953325"
"Patamarca/Calderon/bosque/valle","SM7006-7","-2.907741","-78.95451"
"Patamarca/Calderon/bosque/valle","4SMP7021","-2.918413","-78.982472"
"Patamarca/Calderon/bosque/valle","SM7021-1","-2.919269","-78.981596"
"Patamarca/Calderon/bosque/valle","SM7021-2","-2.917565","-78.983811"
"Patamarca/Calderon/bosque/valle","Ext. SM7019-2","-2.928248","-78.96918"
"Patamarca/Calderon/bosque/valle","SM3001-1","-2.899598","-78.972388"
"Patamarca/Calderon/bosque/valle","SM3001-2","-2.899931","-78.972929"
"Patamarca/Calderon/bosque/valle","SM3001-6","-2.901546","-78.975647"
"Patamarca/Calderon/bosque/valle","SM3001-8","-2.902225","-78.976838"
"Patamarca/Calderon/bosque/valle","SM3002-1","-2.902729","-78.978621"
"Patamarca/Calderon/bosque/valle","SM3002-4","-2.904467","-78.977918"
"Patamarca/Calderon/bosque/valle","SM3002-4","-2.905086","-78.978907"
"Patamarca/Calderon/bosque/valle","SM3003-2","-2.906055","-78.980782"
"Patamarca/Calderon/bosque/valle","SM3003-1","-2.907675","-78.982007"
"Patamarca/Calderon/bosque/valle","SM3003-6","-2.909337","-78.983143"
"Patamarca/Calderon/bosque/valle","SM3003-7","-2.909826","-78.983552"
"Patamarca/Calderon/bosque/valle","SM3003-8","-2.910615","-78.984301"
"Patamarca/Calderon/bosque/valle","SM3001-3","-2.900227","-78.973435"
"Patamarca/Calderon/bosque/valle","SM3001-4","-2.900585","-78.974038"
"Patamarca/Calderon/bosque/valle","SM3001-5","-2.900941","-78.97462"
"Patamarca/Calderon/bosque/valle","SM3001-7","-2.901902","-78.976268"
"Patamarca/Calderon/bosque/valle","SM3002-2","-2.902022","-78.978061"
"Patamarca/Calderon/bosque/valle","SM3002-3","-2.903856","-78.977876"
"Patamarca/Calderon/bosque/valle","SM3002-5","-2.905797","-78.978411"
"Patamarca/Calderon/bosque/valle","SM3002-6","-2.905727","-78.979591"
"Patamarca/Calderon/bosque/valle","SM3002-7","-2.905167","-78.979492"
"Patamarca/Calderon/bosque/valle","SM3003-4","-2.907518","-78.980735"
"Patamarca/Calderon/bosque/valle","SM3003-5","-2.90838","-78.981195"
"Patamarca/Calderon/bosque/valle","SM3003-3","-2.906853","-78.980148"
"Patamarca/Calderon/bosque/valle","SERVICABLE","-2.896983","-78.975078"
"Patamarca/Calderon/bosque/valle","SM7007-2","-2.942938","-78.9610428"
"NAPs _Ruta_Azogues2","NAP B1.N1","-2.746305","-78.850515"
"NAPs _Ruta_Azogues2","NAP B2.N1","-2.753165","-78.846136"
"NAPs _Ruta_Azogues2","Nap B1 N2","-2.745521","-78.850898"
"NAPs _Ruta_Azogues2","Nap B1N3","-2.744322","-78.851351"
"NAPs _Ruta_Azogues2","Nap B1N4","-2.743022","-78.851697"
"NAPs _Ruta_Azogues2","Nap B1N5","-2.741403","-78.85031"
"NAPs _Ruta_Azogues2","Nap B1N7","-2.7402832","-78.8523389"
"NAPs _Ruta_Azogues2","Nap B1N8","-2.7404372","-78.8517838"
"NAPs _Ruta_Azogues2","Nap B1N9","-2.739759","-78.851714"
"NAPs _Ruta_Azogues2","Nap B1N10","-2.739139","-78.851882"
"NAPs _Ruta_Azogues2","Nap B1N11","-2.738375","-78.851786"
"NAPs _Ruta_Azogues2","Nap B1N12","-2.737296","-78.8517108"
"NAPs _Ruta_Azogues2","Nap B1N13","-2.7372505","-78.8509226"
"NAPs _Ruta_Azogues2","Nap B2N3","-2.75124","-78.846278"
"NAPs _Ruta_Azogues2","Nap B2N4","-2.750113","-78.846599"
"NAPs _Ruta_Azogues2","Nap B2N5","-2.749277","-78.846728"
"NAPs _Ruta_Azogues2","Nap B1N6","-2.749416","-78.846165"
"NAPs _Ruta_Azogues2","Nap B1N7","-2.750651","-78.845626"
"NAPs _Ruta_Azogues2","Nap B2N8","-2.75123","-78.845258"
"NAPs _Ruta_Azogues2","Nap B3N1","-2.747594","-78.844088"
"NAPs _Ruta_Azogues2","Nap B3N2","-2.746884","-78.844307"
"NAPs _Ruta_Azogues2","Nap B3N3","-2.746904","-78.845374"
"NAPs _Ruta_Azogues2","Nap B3N4","-2.746373","-78.846451"
"NAPs _Ruta_Azogues2","Nap B3N5","-2.745576","-78.846415"
"NAPs _Ruta_Azogues2","Nap B3N6","-2.744699","-78.846201"
"NAPs _Ruta_Azogues2","Nap B3N7","-2.744701","-78.846659"
"NAPs _Ruta_Azogues2","Nap B3N8","-2.743965","-78.846665"
"NAPs _Ruta_Azogues2","Nap B4N1","-2.743957","-78.843676"
"NAPs _Ruta_Azogues2","Nap B4N2","-2.744812","-78.844435"
"NAPs _Ruta_Azogues2","Nap B4N3","-2.745274","-78.845347"
"NAPs _Ruta_Azogues2","Nap B4N4","-2.744978","-78.845803"
"NAPs _Ruta_Azogues2","Nap B4N5","-2.7441063","-78.8460364"
"NAPs _Ruta_Azogues2","Nap B4N6","-2.744072","-78.845245"
"NAPs _Ruta_Azogues2","Nap B4N7","-2.7432436","-78.8451091"
"NAPs _Ruta_Azogues2","Nap B5N1","-2.742905","-78.840735"
"NAPs _Ruta_Azogues2","Nap B6N1","-2.7347594","-78.8396641"
"NAPs _Ruta_Azogues2","Nap B5N1","-2.735818","-78.839156"
"NAPs _Ruta_Azogues2","Nap B5N2","-2.7353256","-78.8380197"
"NAPs _Ruta_Azogues2","Nap B5N3","-2.7345242","-78.8370846"
"NAPs _Ruta_Azogues2","Nap B5N4","-2.7340396","-78.8367754"
"NAPs _Ruta_Azogues2","Nap B5N5","-2.7340291","-78.8375013"
"NAPs _Ruta_Azogues2","Nap B5N6","-2.7343247","-78.8382741"
"NAPs _Ruta_Azogues2","Nap B6N2","-2.734308","-78.839324"
"NAPs _Ruta_Azogues2","Nap B6N3","-2.7337297","-78.8394094"
"NAPs _Ruta_Azogues2","Nap B6N4","-2.732988","-78.839132"
"NAPs _Ruta_Azogues2","Nap B6N5","-2.7401464","-78.8423551"
"NAPs _Ruta_Azogues2","Nap B6N6","-2.73151","-78.836542"
"NAPs _Ruta_Azogues2","Nap B6N7","-2.7307097","-78.8346783"
"NAPs _Ruta_Azogues2","Nap B6N8","-2.730319","-78.833488"
"NAPs _Ruta_Azogues2","Nap B6N10","-2.7307832","-78.8318146"
"NAPs _Ruta_Azogues2","Nap B6N11","-2.7302616","-78.8312181"
"NAPs _Ruta_Azogues2","Nap B6N12","-2.729441","-78.830463"
"NAPs _Ruta_Azogues2","Nap B6N13","-2.7290532","-78.8300783"
"NAPs _Ruta_Azogues2","B13-N1","-2.7315868","-78.8460912"
"NAPs _Ruta_Azogues2","Punto 111","-2.7338737","-78.8524551"
"NAPs _Ruta_Azogues2","Punto 112","-2.7545225","-78.8483484"
"NAPs _Ruta_Azogues2","B1-N5","-2.7421097","-78.8518713"
"NAPs _Ruta_Azogues2","NapB5N7","-2.7346288","-78.8390907"
"NAPs _Ruta_Azogues2","B13-N2","-2.7271301","-78.840419"
"NAPs _Ruta_Azogues2","B13-N4","-2.7267629","-78.8478"
"NAPs _Ruta_Azogues2","B13-N3","-2.730183","-78.8487744"
"Diyer - Red Chuquipata","P1 Ha D C1-N5","-2.792733","-78.868866"
"Diyer - Red Chuquipata","P4 Ha C1 N4","-2.792117","-78.868574"
"Diyer - Red Chuquipata","P8 Ha C1 N3","-2.793504","-78.86782"
"Diyer - Red Chuquipata","P12 Ha C1 N2","-2.795014","-78.86676"
"Diyer - Red Chuquipata","P 16 ha C1 N1","-2.7957754","-78.8662588"
"Diyer - Red Chuquipata","P1 Ha C2 N1","-2.797406","-78.867557"
"Diyer - Red Chuquipata","P4 HA C2 N2","-2.797472","-78.868418"
"Diyer - Red Chuquipata","P10 HA C2 N3","-2.798404","-78.869648"
"Diyer - Red Chuquipata","P14 Ha C2 N4","-2.799528","-78.870495"
"Diyer - Red Chuquipata","P17 Ha C2 N5","-2.800233","-78.871029"
"Diyer - Red Chuquipata","P20 Ha C2 N6","-2.800972","-78.871575"
"Diyer - Red Chuquipata","P23 Ha C2 N7","-2.8017232","-78.8721372"
"Diyer - Red Chuquipata","P5 Ha C2 N8","-2.801966","-78.871479"
"Diyer - Red Chuquipata","P27 Ha C2 N9","-2.802552","-78.87186"
"Diyer - Red Chuquipata","P1 Hax C3 N1","-2.79773","-78.869113"
"Diyer - Red Chuquipata","P3 Ha C3 N2","-2.797645","-78.869622"
"Diyer - Red Chuquipata","P6 ha C3 N3","-2.797499","-78.870496"
"Diyer - Red Chuquipata","P12 C3 n3","-2.795966","-78.870284"
"Diyer - Red Chuquipata","P17 Ha C3 N6","-2.794618","-78.870048"
"Diyer - Red Chuquipata","P20 Ha C3 N7","-2.793632","-78.87046"
"Diyer - Red Chuquipata","P23 Ha C3 N8","-2.792624","-78.871064"
"Diyer - Red Chuquipata","P1 Ha c5n1","-2.799042","-78.868703"
"Diyer - Red Chuquipata","P3 Ha C5 N2","-2.799714","-78.86916"
"Diyer - Red Chuquipata","P7 Ha C5 H3","-2.8010279","-78.8698936"
"Diyer - Red Chuquipata","P12 Ha C5 n4","-2.80191","-78.869062"
"Diyer - Red Chuquipata","P17 Ha C5 n5 unión cable corto","-2.802254","-78.868586"
"Diyer - Red Chuquipata","P19 ha C5 n6","-2.801832","-78.868216"
"Diyer - Red Chuquipata","P21 ha C5 N7 fin fibra","-2.802283","-78.867799"
"Diyer - Red Chuquipata","C3-N4","-2.796808","-78.870649"
"Diyer - Red Chuquipata","El Carmin 2","-2.8049044","-78.8687792"
"Diyer - Red Chuquipata","SM1207-8","-2.9103539","-78.998984"
"Diyer - Red Chuquipata","DM-03-01-1","-2.7827569","-78.8557549"
"Diyer - Red Chuquipata","C1-N6","-2.7921195","-78.8619952"
"1 Konnek - Azogues Actualizado","A1 N1","-2.746389","-78.850716"
"1 Konnek - Azogues Actualizado","A1N2","-2.747344","-78.851807"
"1 Konnek - Azogues Actualizado","A1N3","-2.748324","-78.852019"
"1 Konnek - Azogues Actualizado","A1N4","-2.749332","-78.854268"
"1 Konnek - Azogues Actualizado","A3 N1","-2.76746","-78.846076"
"1 Konnek - Azogues Actualizado","A3 N2","-2.76764","-78.845456"
"1 Konnek - Azogues Actualizado","A3 B3","-2.767708","-78.845053"
"1 Konnek - Azogues Actualizado","A3 N4","-2.767327","-78.844972"
"1 Konnek - Azogues Actualizado","A3 N5","-2.768179","-78.844008"
"1 Konnek - Azogues Actualizado","A3 N6","-2.768484","-78.844446"
"1 Konnek - Azogues Actualizado","A3 N7","-2.768714","-78.844972"
"1 Konnek - Azogues Actualizado","A4 N1","-2.76728","-78.844216"
"1 Konnek - Azogues Actualizado","A4 N2","-2.7665319","-78.8447646"
"1 Konnek - Azogues Actualizado","A4 N3","-2.765665","-78.843435"
"1 Konnek - Azogues Actualizado","A4 N4","-2.764658","-78.843377"
"1 Konnek - Azogues Actualizado","A4 N5","-2.763756","-78.843355"
"1 Konnek - Azogues Actualizado","A4 N6","-2.762867","-78.844136"
"1 Konnek - Azogues Actualizado","A4 N7","-2.76264","-78.844932"
"1 Konnek - Azogues Actualizado","A5-N1 (Caja Manga)","-2.7690661","-78.8456436"
"1 Konnek - Azogues Actualizado","A5-N2","-2.7693553","-78.8440016"
"1 Konnek - Azogues Actualizado","A5-N6","-2.7692782","-78.8432206"
"1 Konnek - Azogues Actualizado","A5-N3","-2.768824","-78.841881"
"1 Konnek - Azogues Actualizado","A5-N4","-2.768108","-78.841623"
"1 Konnek - Azogues Actualizado","A5-N5","-2.767324","-78.841303"
"1 Konnek - Azogues Actualizado","A6-N1 (Caja Manga)","-2.769561","-78.842239"
"1 Konnek - Azogues Actualizado","A6-N2","-2.769967","-78.84196"
"1 Konnek - Azogues Actualizado","A6 N3","-2.770635","-78.842854"
"1 Konnek - Azogues Actualizado","A6 N4","-2.771478","-78.841903"
"1 Konnek - Azogues Actualizado","A6 N5","-2.771937","-78.842487"
"1 Konnek - Azogues Actualizado","A6 N6","-2.773518","-78.842166"
"1 Konnek - Azogues Actualizado","A7 N1","-2.765713","-78.846914"
"1 Konnek - Azogues Actualizado","A7 N2","-2.766709","-78.8472182"
"1 Konnek - Azogues Actualizado","A7 N3","-2.768316","-78.847749"
"1 Konnek - Azogues Actualizado","A7 N4","-2.769978","-78.848159"
"1 Konnek - Azogues Actualizado","A7 N5","-2.7712768","-78.848419"
"1 Konnek - Azogues Actualizado","A7 N6","-2.772534","-78.848959"
"1 Konnek - Azogues Actualizado","A7 N7","-2.774151","-78.85034"
"1 Konnek - Azogues Actualizado","A1.N8","-2.77416","-78.849641"
"1 Konnek - Azogues Actualizado","A8 N1","-2.774508","-78.847823"
"1 Konnek - Azogues Actualizado","A8 N2","-2.773071","-78.8446059"
"1 Konnek - Azogues Actualizado","A8 N3","-2.776396","-78.848162"
"1 Konnek - Azogues Actualizado","A8 N4","-2.775758","-78.849226"
"1 Konnek - Azogues Actualizado","A8 N5","-2.776545","-78.850394"
"1 Konnek - Azogues Actualizado","A8 N6","-2.777346","-78.850143"
"1 Konnek - Azogues Actualizado","A8 N7","-2.777806","-78.849323"
"1 Konnek - Azogues Actualizado","A8 N8","-2.777784","-78.847406"
"1 Konnek - Azogues Actualizado","A8 N10","-2.778628","-78.845414"
"1 Konnek - Azogues Actualizado","A9.N1","-2.7688037","-78.8509079"
"1 Konnek - Azogues Actualizado","A9.N2","-2.7667577","-78.8505393"
"1 Konnek - Azogues Actualizado","A9.N3","-2.761447","-78.849944"
"1 Konnek - Azogues Actualizado","A9.N4","-2.760836","-78.854836"
"1 Konnek - Azogues Actualizado","A9.N5","-2.757439","-78.853978"
"1 Konnek - Azogues Actualizado","Finales","-2.7495431","-78.8493714"
"1 Konnek - Azogues Actualizado","C4-N1","-2.7484095","-78.8443199"
"1 Konnek - Azogues Actualizado","C4.N2","-2.74575","-78.84066"
"1 Konnek - Azogues Actualizado","C4.N3","-2.7432903","-78.8381396"
"1 Konnek - Azogues Actualizado","C6.N2","-2.7426625","-78.8232052"
"1 Konnek - Azogues Actualizado","C6.N3","-2.7412487","-78.8219926"
"1 Konnek - Azogues Actualizado","C6.N5","-2.7383785","-78.8196059"
"1 Konnek - Azogues Actualizado","C6.N6","-2.7380718","-78.8184772"
"1 Konnek - Azogues Actualizado","C6.N7","-2.7374197","-78.8161201"
"1 Konnek - Azogues Actualizado","C8.N1","-2.736937","-78.8152454"
"1 Konnek - Azogues Actualizado","C3.N8","-2.734574","-78.812994"
"1 Konnek - Azogues Actualizado","Punto 90","-2.7516115","-78.8415014"
"1 Konnek - Azogues Actualizado","C6-N4","-2.7401172","-78.8209655"
"CUENCA 14/12/2021 Konnek Zona de Cobertura","KM0903-1","-2.916454","-79.009966"
"CUENCA 14/12/2021 Konnek Zona de Cobertura","KM0903-2","-2.915836","-79.011201"
"CUENCA 14/12/2021 Konnek Zona de Cobertura","KM0903-3","-2.916793","-79.012602"
"CUENCA 14/12/2021 Konnek Zona de Cobertura","KM0903-4","-2.916007","-79.013458"
"CUENCA 14/12/2021 Konnek Zona de Cobertura","KM0903-5","-2.917199","-79.01311"
"CUENCA 14/12/2021 Konnek Zona de Cobertura","KM0903-6","-2.917089","-79.010907"
"CUENCA 14/12/2021 Konnek Zona de Cobertura","KM0903-7  MALL","-2.918389","-79.015448"
"CUENCA 14/12/2021 Konnek Zona de Cobertura","Nodo Konnek","-2.91843","-79.038845"
"CUENCA 14/12/2021 Konnek Zona de Cobertura","Acceso Cubo Telecom","-2.915024","-79.035226"
"CUENCA 14/12/2021 Konnek Zona de Cobertura","Nap K.N1","-2.918751","-79.03887"
"CUENCA 14/12/2021 Konnek Zona de Cobertura","Nap K.N2","-2.919977","-79.038851"
"CUENCA 14/12/2021 Konnek Zona de Cobertura","Nap K.N3","-2.920388","-79.037955"
"CUENCA 14/12/2021 Konnek Zona de Cobertura","Nap K.N4","-2.921255","-79.036457"
"CUENCA 14/12/2021 Konnek Zona de Cobertura","Nap K.N5","-2.922222","-79.036242"
"CUENCA 14/12/2021 Konnek Zona de Cobertura","Nap K.N6","-2.922737","-79.037207"
"CUENCA 14/12/2021 Konnek Zona de Cobertura","Nap K.N7","-2.923776","-79.038108"
"CUENCA 14/12/2021 Konnek Zona de Cobertura","Nap B11-12","-2.927479","-79.042725"
"CUENCA 14/12/2021 Konnek Zona de Cobertura","Nap B11.N1","-2.928331","-79.042783"
"CUENCA 14/12/2021 Konnek Zona de Cobertura","Nap B11.N2","-2.929253","-79.043047"
"CUENCA 14/12/2021 Konnek Zona de Cobertura","Nap B11.N3","-2.930725","-79.043542"
"CUENCA 14/12/2021 Konnek Zona de Cobertura","Nap B11.N4","-2.931147","-79.042857"
"CUENCA 14/12/2021 Konnek Zona de Cobertura","Nap B11.N5","-2.930158","-79.042458"
"CUENCA 14/12/2021 Konnek Zona de Cobertura","Nap B11.N6","-2.930045","-79.041175"
"CUENCA 14/12/2021 Konnek Zona de Cobertura","Nap B11.N7","-2.929148","-79.040439"
"CUENCA 14/12/2021 Konnek Zona de Cobertura","Punto 13","-2.941708","-79.048784"
"CUENCA 14/12/2021 Konnek Zona de Cobertura","Punto 14","-2.941355","-79.047594"
"CUENCA 14/12/2021 Konnek Zona de Cobertura","Punto 15","-2.939454","-79.047795"
"CUENCA 14/12/2021 Konnek Zona de Cobertura","Punto 16","-2.93823","-79.047087"
"CUENCA 14/12/2021 Konnek Zona de Cobertura","Punto 17","-2.937689","-79.04625"
"CUENCA 14/12/2021 Konnek Zona de Cobertura","Punto 18","-2.936674","-79.045831"
"CUENCA 14/12/2021 Konnek Zona de Cobertura","hilo tomate","-2.934562","-79.044886"
"CUENCA 14/12/2021 Konnek Zona de Cobertura","hilo azul drop 8h","-2.932957","-79.044085"
"CUENCA 14/12/2021 Konnek Zona de Cobertura","Nap G.N1","-2.9209594","-79.0475014"
"CUENCA 14/12/2021 Konnek Zona de Cobertura","Nap G.N2","-2.9225087","-79.0485127"
"CUENCA 14/12/2021 Konnek Zona de Cobertura","Nap G.N3","-2.924885","-79.049538"
"CUENCA 14/12/2021 Konnek Zona de Cobertura","Nap G.N4","-2.925288","-79.048321"
"CUENCA 14/12/2021 Konnek Zona de Cobertura","Nap G.N5","-2.926117","-79.048712"
"CUENCA 14/12/2021 Konnek Zona de Cobertura","Nap G.N6","-2.926498","-79.050109"
"CUENCA 14/12/2021 Konnek Zona de Cobertura","Nap G.N7","-2.926734","-79.051782"
"CUENCA 14/12/2021 Konnek Zona de Cobertura","Nap H.N1","-2.927262","-79.053555"
"CUENCA 14/12/2021 Konnek Zona de Cobertura","Nap H.N2","-2.92844","-79.055206"
"CUENCA 14/12/2021 Konnek Zona de Cobertura","Nap H.N3","-2.927278","-79.055991"
"CUENCA 14/12/2021 Konnek Zona de Cobertura","Nap H.N4","-2.9230888","-79.0528639"
"CUENCA 14/12/2021 Konnek Zona de Cobertura","Nap H.N5","-2.925642","-79.058447"
"CUENCA 14/12/2021 Konnek Zona de Cobertura","Nap H.N6","-2.925351","-79.059831"
"CUENCA 14/12/2021 Konnek Zona de Cobertura","H-N7","-2.9217878","-79.0597112"
"CUENCA 14/12/2021 Konnek Zona de Cobertura","Nap H.N8","-2.924436","-79.06229"
"CUENCA 14/12/2021 Konnek Zona de Cobertura","Nap H.N9","-2.923616","-79.062564"
"CUENCA 14/12/2021 Konnek Zona de Cobertura","Nap I.N1","-2.9294","-79.054355"
"CUENCA 14/12/2021 Konnek Zona de Cobertura","Nap I.N2","-2.930126","-79.053934"
"CUENCA 14/12/2021 Konnek Zona de Cobertura","Nap I.N3","-2.930812","-79.052433"
"CUENCA 14/12/2021 Konnek Zona de Cobertura","Nap I.N4","-2.931066","-79.050788"
"CUENCA 14/12/2021 Konnek Zona de Cobertura","Nap I.N5","-2.931583","-79.049622"
"CUENCA 14/12/2021 Konnek Zona de Cobertura","Nap I.N6","-2.932113","-79.047642"
"CUENCA 14/12/2021 Konnek Zona de Cobertura","Nap I.N7","-2.932888","-79.047149"
"CUENCA 14/12/2021 Konnek Zona de Cobertura","Nap I.N8","-2.932542","-79.046215"
"CUENCA 14/12/2021 Konnek Zona de Cobertura","Nap I.N9","-2.931592","-79.04599"
"CUENCA 14/12/2021 Konnek Zona de Cobertura","Nap I.N10","-2.932288","-79.04526"
"CUENCA 14/12/2021 Konnek Zona de Cobertura","Nap J.N1","-2.92668","-79.038891"
"CUENCA 14/12/2021 Konnek Zona de Cobertura","Nap J.N2","-2.926032","-79.037588"
"CUENCA 14/12/2021 Konnek Zona de Cobertura","Nap J.N3","-2.9263804","-79.0362413"
"CUENCA 14/12/2021 Konnek Zona de Cobertura","Nap J.N5","-2.9288528","-79.0364336"
"CUENCA 14/12/2021 Konnek Zona de Cobertura","Nap J.N6","-2.931145","-79.0371472"
"CUENCA 14/12/2021 Konnek Zona de Cobertura","Nap J.N8","-2.931415","-79.0357582"
"CUENCA 14/12/2021 Konnek Zona de Cobertura","Nap J.N9","-2.930706","-79.034212"
"CUENCA 14/12/2021 Konnek Zona de Cobertura","Nap J.N10","-2.9292385","-79.0330529"
"CUENCA 14/12/2021 Konnek Zona de Cobertura","Nap J.N11","-2.9311449","-79.0321834"
"CUENCA 14/12/2021 Konnek Zona de Cobertura","P64d Nap Ramal Iglesias","-2.917997","-79.055396"
"CUENCA 14/12/2021 Konnek Zona de Cobertura","P6D Nap B1","-2.922212","-79.045348"
"CUENCA 14/12/2021 Konnek Zona de Cobertura","P18D. NAPb2","-2.922107","-79.047618"
"CUENCA 14/12/2021 Konnek Zona de Cobertura","P23D napb3","-2.92288","-79.046984"
"CUENCA 14/12/2021 Konnek Zona de Cobertura","P30i nap B4","-2.923935","-79.045634"
"CUENCA 14/12/2021 Konnek Zona de Cobertura","P35D napb5","-2.925202","-79.045168"
"CUENCA 14/12/2021 Konnek Zona de Cobertura","P41d napb6","-2.92649","-79.046004"
"CUENCA 14/12/2021 Konnek Zona de Cobertura","P47 napb7","-2.927507","-79.04627"
"CUENCA 14/12/2021 Konnek Zona de Cobertura","P55i nap b8","-2.928808","-79.046956"
"CUENCA 14/12/2021 Konnek Zona de Cobertura","P62I nap b9","-2.928592","-79.04489"
"CUENCA 14/12/2021 Konnek Zona de Cobertura","P69I nap b10","-2.927628","-79.044115"
"CUENCA 14/12/2021 Konnek Zona de Cobertura","Pos 6 Nap C1","-2.922871","-79.044333"
"CUENCA 14/12/2021 Konnek Zona de Cobertura","Pos 9 Nap C2","-2.923729","-79.043492"
"CUENCA 14/12/2021 Konnek Zona de Cobertura","Pos 14 Nap C3","-2.923664","-79.042213"
"CUENCA 14/12/2021 Konnek Zona de Cobertura","Pos 17 Nap C4","-2.923207","-79.041373"
"CUENCA 14/12/2021 Konnek Zona de Cobertura","Pos 20 nap C5","-2.922248","-79.041017"
"CUENCA 14/12/2021 Konnek Zona de Cobertura","Pos 25 Nap C6","-2.921581","-79.041696"
"CUENCA 14/12/2021 Konnek Zona de Cobertura","Pos 32 Nap C7","-2.920697","-79.040837"
"CUENCA 14/12/2021 Konnek Zona de Cobertura","Pos 37 Nap8","-2.92162","-79.03951"
"CUENCA 14/12/2021 Konnek Zona de Cobertura","Pos 40 - Nap9","-2.922412","-79.039686"
"CUENCA 14/12/2021 Konnek Zona de Cobertura","Pos 44 nap 10","-2.922722","-79.040241"
"CUENCA 14/12/2021 Konnek Zona de Cobertura","D-N1","-2.922277","-79.043873"
"CUENCA 14/12/2021 Konnek Zona de Cobertura","D-N2","-2.921876","-79.042827"
"CUENCA 14/12/2021 Konnek Zona de Cobertura","D-N3","-2.92097","-79.044106"
"CUENCA 14/12/2021 Konnek Zona de Cobertura","D-N4","-2.920994","-79.045045"
"CUENCA 14/12/2021 Konnek Zona de Cobertura","D-N5","-2.920068","-79.045353"
"CUENCA 14/12/2021 Konnek Zona de Cobertura","D-N6","-2.918666","-79.042785"
"CUENCA 14/12/2021 Konnek Zona de Cobertura","D-N7","-2.91868","-79.040709"
"CUENCA 14/12/2021 Konnek Zona de Cobertura","D-N8","-2.917153","-79.040539"
"CUENCA 14/12/2021 Konnek Zona de Cobertura","D-N9","-2.917068","-79.04303"
"CUENCA 14/12/2021 Konnek Zona de Cobertura","D-N10","-2.91646","-79.043872"
"CUENCA 14/12/2021 Konnek Zona de Cobertura","A1-N2","-2.910385","-79.061674"
"CUENCA 14/12/2021 Konnek Zona de Cobertura","A1-N3","-2.911289","-79.061181"
"CUENCA 14/12/2021 Konnek Zona de Cobertura","A1-N4","-2.911262","-79.059997"
"CUENCA 14/12/2021 Konnek Zona de Cobertura","A1-N6","-2.910479","-79.058499"
"CUENCA 14/12/2021 Konnek Zona de Cobertura","Nap 1","-2.927479","-79.042725"
"CUENCA 14/12/2021 Konnek Zona de Cobertura","P4D nap1","-2.928331","-79.042783"
"CUENCA 14/12/2021 Konnek Zona de Cobertura","P8D nap2","-2.929253","-79.043047"
"CUENCA 14/12/2021 Konnek Zona de Cobertura","P12D nap3","-2.930725","-79.043542"
"CUENCA 14/12/2021 Konnek Zona de Cobertura","P19 Nap 4","-2.931147","-79.042857"
"CUENCA 14/12/2021 Konnek Zona de Cobertura","P22 D Nap 5","-2.930158","-79.042458"
"CUENCA 14/12/2021 Konnek Zona de Cobertura","P1D-NapD1","-2.918056","-79.055434"
"CUENCA 14/12/2021 Konnek Zona de Cobertura","P6D-NAPD2","-2.918085","-79.057145"
"CUENCA 14/12/2021 Konnek Zona de Cobertura","P16D-NAPD3","-2.918871","-79.060281"
"CUENCA 14/12/2021 Konnek Zona de Cobertura","P31-Nap D4","-2.920181","-79.064877"
"CUENCA 14/12/2021 Konnek Zona de Cobertura","A4-N8","-2.922604","-79.06592"
"CUENCA 14/12/2021 Konnek Zona de Cobertura","A4-N7","-2.9240826","-79.0660567"
"CUENCA 14/12/2021 Konnek Zona de Cobertura","A4-N6","-2.924132","-79.067283"
"CUENCA 14/12/2021 Konnek Zona de Cobertura","P58Dnapip65 cuarta","-2.924696","-79.069481"
"CUENCA 14/12/2021 Konnek Zona de Cobertura","P61D napip65 quinta","-2.92462","-79.070017"
"CUENCA 14/12/2021 Konnek Zona de Cobertura","Punto 3","-2.918737","-79.037878"
"CUENCA 14/12/2021 Konnek Zona de Cobertura","Punto 4","-2.918587","-79.036955"
"CUENCA 14/12/2021 Konnek Zona de Cobertura","Punto 5","-2.917247","-79.0357"
"CUENCA 14/12/2021 Konnek Zona de Cobertura","Punto 6","-2.916369","-79.03452"
"CUENCA 14/12/2021 Konnek Zona de Cobertura","Punto 7","-2.915642","-79.034184"
"CUENCA 14/12/2021 Konnek Zona de Cobertura","Punto 8","-2.914731","-79.033701"
"CUENCA 14/12/2021 Konnek Zona de Cobertura","Punto 9","-2.914611","-79.03452"
"CUENCA 14/12/2021 Konnek Zona de Cobertura","Punto 10","-2.913422","-79.03438"
"CUENCA 14/12/2021 Konnek Zona de Cobertura","KM0205-2","-2.9131528","-79.0362506"
"CUENCA 14/12/2021 Konnek Zona de Cobertura","Punto 2","-2.920607","-79.037155"
"CUENCA 14/12/2021 Konnek Zona de Cobertura","Punto 3","-2.919896","-79.036182"
"CUENCA 14/12/2021 Konnek Zona de Cobertura","Punto 4","-2.918289","-79.034906"
"CUENCA 14/12/2021 Konnek Zona de Cobertura","Punto 5","-2.918771","-79.03409"
"CUENCA 14/12/2021 Konnek Zona de Cobertura","Punto 6","-2.9193","-79.0334"
"CUENCA 14/12/2021 Konnek Zona de Cobertura","Punto 7","-2.91891","-79.033007"
"CUENCA 14/12/2021 Konnek Zona de Cobertura","Punto 8","-2.919407","-79.03208"
"CUENCA 14/12/2021 Konnek Zona de Cobertura","Punto 9","-2.918535","-79.03085"
"CUENCA 14/12/2021 Konnek Zona de Cobertura","Punto 10","-2.918417","-79.030292"
"CUENCA 14/12/2021 Konnek Zona de Cobertura","Punto 11","-2.918192","-79.029498"
"CUENCA 14/12/2021 Konnek Zona de Cobertura","Punto 12","-2.917982","-79.028411"
"CUENCA 14/12/2021 Konnek Zona de Cobertura","Punto 13","-2.9172","-79.028361"
"CUENCA 14/12/2021 Konnek Zona de Cobertura","Punto 14","-2.916107","-79.028132"
"CUENCA 14/12/2021 Konnek Zona de Cobertura","Punto 15","-2.916117","-79.029488"
"CUENCA 14/12/2021 Konnek Zona de Cobertura","Punto 16","-2.916932","-79.031093"
"CUENCA 14/12/2021 Konnek Zona de Cobertura","Punto 17","-2.916621","-79.032155"
"CUENCA 14/12/2021 Konnek Zona de Cobertura","Punto 18","-2.916117","-79.032996"
"CUENCA 14/12/2021 Konnek Zona de Cobertura","Punto 31","-2.924108","-79.062795"
"CUENCA 14/12/2021 Konnek Zona de Cobertura","D6","-2.9198969","-79.0630118"
"CUENCA 14/12/2021 Konnek Zona de Cobertura","Punto 174","-2.9140147","-79.0316581"
"CUENCA 14/12/2021 Konnek Zona de Cobertura","SM0904-1","-2.9146033","-79.0182335"
"CUENCA 14/12/2021 Konnek Zona de Cobertura","KM0904-2","-2.9162162","-79.0177275"
"CUENCA 14/12/2021 Konnek Zona de Cobertura","KM0905-3","-2.9116833","-79.0141883"
"CUENCA 14/12/2021 Konnek Zona de Cobertura","KM0905-2","-2.914105","-79.0155144"
"CUENCA 14/12/2021 Konnek Zona de Cobertura","KM0905-1","-2.9149229","-79.0145581"
"CUENCA 14/12/2021 Konnek Zona de Cobertura","KM0907-1","-2.9160686","-79.0185792"
"CUENCA 14/12/2021 Konnek Zona de Cobertura","KM0907-2","-2.9162529","-79.0168684"
"CUENCA 14/12/2021 Konnek Zona de Cobertura","KM0907-6","-2.9182331","-79.0171737"
"CUENCA 14/12/2021 Konnek Zona de Cobertura","KM0907-4","-2.9191394","-79.0199619"
"CUENCA 14/12/2021 Konnek Zona de Cobertura","KM0905-4","-2.9144541","-79.0120585"
"CUENCA 14/12/2021 Konnek Zona de Cobertura","EDF1","-2.9313644","-79.041252"
"CUENCA 14/12/2021 Konnek Zona de Cobertura","KM0917-6","-2.9152133","-79.0299761"
"CUENCA 14/12/2021 Konnek Zona de Cobertura","KM0917-1","-2.9152379","-79.0276434"
"CUENCA 14/12/2021 Konnek Zona de Cobertura","KM0917-5","-2.9161732","-79.0250915"
"CUENCA 14/12/2021 Konnek Zona de Cobertura","KM0917-2","-2.9170801","-79.0262246"
"CUENCA 14/12/2021 Konnek Zona de Cobertura","KM0917-3","-2.9176541","-79.0244744"
"CUENCA 14/12/2021 Konnek Zona de Cobertura","KM0910-4","-2.9154385","-79.0233972"
"CUENCA 14/12/2021 Konnek Zona de Cobertura","KM0910-3","-2.9149574","-79.0215269"
"CUENCA 14/12/2021 Konnek Zona de Cobertura","KM0910-1","-2.9127965","-79.0209028"
"CUENCA 14/12/2021 Konnek Zona de Cobertura","KM0910-2","-2.9105709","-79.0194338"
"CUENCA 14/12/2021 Konnek Zona de Cobertura","KM0909-1","-2.9113523","-79.017513"
"CUENCA 14/12/2021 Konnek Zona de Cobertura","KM0909-2","-2.9108256","-79.0157354"
"CUENCA 14/12/2021 Konnek Zona de Cobertura","KM0909-3","-2.9133763","-79.0188725"
"CUENCA 14/12/2021 Konnek Zona de Cobertura","KM0909-4","-2.9142591","-79.0197651"
"CUENCA 14/12/2021 Konnek Zona de Cobertura","KM0908-2","-2.9158597","-79.0212432"
"CUENCA 14/12/2021 Konnek Zona de Cobertura","KM0908-1","-2.9170183","-79.0202796"
"CUENCA 14/12/2021 Konnek Zona de Cobertura","KM0908-3","-2.9166607","-79.0225413"
"CUENCA 14/12/2021 Konnek Zona de Cobertura","KM0908-4","-2.9174788","-79.0217087"
"CUENCA 14/12/2021 Konnek Zona de Cobertura","D-N11 Ext 1","-2.9120362","-79.0415027"
"CUENCA 14/12/2021 Konnek Zona de Cobertura","D-N11","-2.9144205","-79.0419719"
"CUENCA 14/12/2021 Konnek Zona de Cobertura","KM0912-2","-2.9137378","-79.0269855"
"CUENCA 14/12/2021 Konnek Zona de Cobertura","KM0912-3","-2.915274","-79.0256194"
"CUENCA 14/12/2021 Konnek Zona de Cobertura","KM0912-1","-2.9123951","-79.0280928"
"CUENCA 14/12/2021 Konnek Zona de Cobertura","KM0911-3","-2.9118301","-79.0252776"
"CUENCA 14/12/2021 Konnek Zona de Cobertura","KM0912-4","-2.9141636","-79.0238978"
"CUENCA 14/12/2021 Konnek Zona de Cobertura","KM0911-4","-2.912738","-79.0232647"
"CUENCA 14/12/2021 Konnek Zona de Cobertura","KM0911-5","-2.9085972","-79.020976"
"CUENCA 14/12/2021 Konnek Zona de Cobertura","KM0911-2","-2.9077782","-79.0227816"
"CUENCA 14/12/2021 Konnek Zona de Cobertura","KM0911-1","-2.9102314","-79.0239752"
"CUENCA 14/12/2021 Konnek Zona de Cobertura","SM1013A-3","-2.9050153","-79.0305611"
"CUENCA 14/12/2021 Konnek Zona de Cobertura","SM1013B-3","-2.9064624","-79.0320939"
"CUENCA 14/12/2021 Konnek Zona de Cobertura","SM1013B-1","-2.9069181","-79.0296326"
"CUENCA 14/12/2021 Konnek Zona de Cobertura","SM1013A-1","-2.9058194","-79.0293907"
"CUENCA 14/12/2021 Konnek Zona de Cobertura","KM0913-2","-2.9075865","-79.0264675"
"CUENCA 14/12/2021 Konnek Zona de Cobertura","KM0913-1","-2.9098293","-79.0280618"
"CUENCA 14/12/2021 Konnek Zona de Cobertura","KM0915-3","-2.909782","-79.0292456"
"CUENCA 14/12/2021 Konnek Zona de Cobertura","KM0916-1","-2.9095928","-79.0318436"
"CUENCA 14/12/2021 Konnek Zona de Cobertura","KM0915-1","-2.9113543","-79.0312606"
"CUENCA 14/12/2021 Konnek Zona de Cobertura","KM0913-4","-2.9115709","-79.0277273"
"CUENCA 14/12/2021 Konnek Zona de Cobertura","KM0913-3","-2.9072724","-79.0248465"
"CUENCA 14/12/2021 Konnek Zona de Cobertura","KM0916-2","-2.909169","-79.0333049"
"CUENCA 14/12/2021 Konnek Zona de Cobertura","KM0916-3","-2.9102301","-79.034312"
"CUENCA 14/12/2021 Konnek Zona de Cobertura","KM0916-4","-2.9123433","-79.0337367"
"CUENCA 14/12/2021 Konnek Zona de Cobertura","KM0915-2","-2.91283","-79.0320142"
"CUENCA 14/12/2021 Konnek Zona de Cobertura","KM0913-5","-2.9128626","-79.03057"
"CUENCA 14/12/2021 Konnek Zona de Cobertura","KM0912-5","-2.9133656","-79.0258299"
"CUENCA 14/12/2021 Konnek Zona de Cobertura","SM6006-2","-2.8955569","-78.9632275"
"CUENCA 14/12/2021 Konnek Zona de Cobertura","SM5117-2","-2.8876278","-79.0298533"
"CUENCA 14/12/2021 Konnek Zona de Cobertura","D-N11 Ext 2","-2.9112854","-79.0381449"
"CUENCA 14/12/2021 Konnek Zona de Cobertura","KM0905-5","-2.9122552","-79.0108785"
"CUENCA 14/12/2021 Konnek Zona de Cobertura","KM0905-6","-2.911648","-79.0111752"
"CUENCA 14/12/2021 Konnek Zona de Cobertura","KM0905-7","-2.9080213","-79.0135208"
"CUENCA 14/12/2021 Konnek Zona de Cobertura","ext  SM0811-7 ","-2.8472407","-78.9177853"
"CUENCA 14/12/2021 Konnek Zona de Cobertura","KM0905-8 ED","-2.9078927","-79.0112173"
"CUENCA 14/12/2021 Konnek Zona de Cobertura","SM1013A-5","-2.9052296","-79.0280852"
"CUENCA 14/12/2021 Konnek Zona de Cobertura","SM1008B-5","-2.9033464","-79.0127449"
"CUENCA 14/12/2021 Konnek Zona de Cobertura","SM1014B-1","-2.9045771","-79.03341"
"CUENCA 14/12/2021 Konnek Zona de Cobertura","SM1014A-1","-2.9018053","-79.031033"
"CUENCA 14/12/2021 Konnek Zona de Cobertura","SM1011B-1","-2.8996153","-79.0244142"
"CUENCA 14/12/2021 Konnek Zona de Cobertura","SM1030A-1","-2.8960223","-79.0652672"
"CUENCA 14/12/2021 Konnek Zona de Cobertura","SM1014A-2","-2.9010737","-79.0335087"
"CUENCA 14/12/2021 Konnek Zona de Cobertura","SM1014A-5","-2.8992366","-79.0364555"
"CUENCA 14/12/2021 Konnek Zona de Cobertura","A1-N5","-2.906775","-79.0650588"
"CUENCA 14/12/2021 Konnek Zona de Cobertura","A1-N1","-2.908524","-79.060756"
"CUENCA 14/12/2021 Konnek Zona de Cobertura","A1-N7","-2.908653","-79.057557"
"CUENCA 14/12/2021 Konnek Zona de Cobertura","SM1030B-2","-2.8919894","-79.0535196"
"CUENCA 14/12/2021 Konnek Zona de Cobertura","D-N8 Ext","-2.9157098","-79.0403884"
"CUENCA 14/12/2021 Konnek Zona de Cobertura","KM0205-1","-2.9136325","-79.0368132"
"CUENCA 14/12/2021 Konnek Zona de Cobertura","SM1011A-3","-2.8933412","-79.0177372"
"CUENCA 14/12/2021 Konnek Zona de Cobertura","SM1033A-1","-2.9029262","-79.0525557"
"CUENCA 14/12/2021 Konnek Zona de Cobertura","SM1033B-1","-2.9028078","-79.0483959"
"CUENCA 14/12/2021 Konnek Zona de Cobertura","J-N7","-2.9341612","-79.0388358"
"CUENCA 14/12/2021 Konnek Zona de Cobertura","KM2045-1","-2.9163668","-79.0464962"
"CUENCA 14/12/2021 Konnek Zona de Cobertura","SM1035A-1","-2.8923387","-79.0589145"
"CUENCA 14/12/2021 Konnek Zona de Cobertura","SM1035A-3","-2.8912262","-79.0603606"
"CUENCA 14/12/2021 Konnek Zona de Cobertura","SM1030C-1","-2.8947325","-79.0512656"
"CUENCA 14/12/2021 Konnek Zona de Cobertura","SM1036A-1","-2.8853186","-79.0642342"
"CUENCA 14/12/2021 Konnek Zona de Cobertura","SM1037A-1","-2.8848058","-79.043777"
"CUENCA 14/12/2021 Konnek Zona de Cobertura","SM1036A-3","-2.8816591","-79.0611719"
"SININCAY/REDANILLO","SM5501-1","-2.850416","-79.0155"
"SININCAY/REDANILLO","SM5502-2","-2.851516","-79.014354"
"SININCAY/REDANILLO","SM5503-3","-2.849995","-79.016354"
"SININCAY/REDANILLO","SM015810-1","-2.869988","-78.929695"
"SININCAY/REDANILLO","SM015810-2","-2.872066","-78.92833"
"SININCAY/REDANILLO","SM015810-3","-2.867595","-78.929224"
"SININCAY/REDANILLO","SM015810-4","-2.869735","-78.926646"
"SININCAY/REDANILLO","SM015810-5","-2.873036","-78.925971"
"SININCAY/REDANILLO","SM015810-6","-2.878852","-78.921956"
"SININCAY/REDANILLO","SM015810-7","-2.881344","-78.920753"
"SININCAY/REDANILLO","SM7247-1","-2.913255","-78.948125"
"SININCAY/REDANILLO","SM7247-2","-2.917669","-78.942648"
"SININCAY/REDANILLO","SM7247-3","-2.91933","-78.941209"
"SININCAY/REDANILLO","SM7247-4","-2.915629","-78.938344"
"SININCAY/REDANILLO","SM7247-5","-2.917494","-78.936794"
"SININCAY/REDANILLO","SM7247-6","-2.890079","-78.928194"
"SININCAY/REDANILLO","SM0804-6","-2.8784701","-78.948965"
"SININCAY/REDANILLO","SM015819-1","-2.8505332","-78.9016302"
"SININCAY/REDANILLO","SM015819-2","-2.8460776","-78.8888901"
"SININCAY/REDANILLO","CAJA UNAE","-2.8157614","-78.8772901"
"SININCAY/REDANILLO","C6N1","-2.7440692","-78.8250175"
"SININCAY/REDANILLO","C4N8","-2.7462356","-78.8258415"
"SININCAY/REDANILLO","c4N7","-2.7478729","-78.8266475"
"SININCAY/REDANILLO","C4N6","-2.7487885","-78.8313096"
"SININCAY/REDANILLO","C4N5","-2.7456825","-78.8358054"
"SININCAY/REDANILLO","C4N4","-2.7417766","-78.8367759"
"SININCAY/REDANILLO","SM0804-4","-2.8859534","-78.9551741"
"SININCAY/REDANILLO","SM7071-2","-2.8824668","-78.9813731"
"SININCAY/REDANILLO","SM7071-3","-2.88277","-78.9847036"
"SININCAY/REDANILLO","SM7071-6","-2.8849879","-78.9837381"
"SININCAY/REDANILLO","SM7071-7","-2.8867548","-78.9859515"
"SININCAY/REDANILLO","SM7071-4","-2.8848662","-78.9866083"
"SININCAY/REDANILLO","SM7071-5","-2.8827942","-78.9874035"
"SININCAY/REDANILLO","SM7071-8","-2.8846474","-78.9890694"
"SININCAY/REDANILLO","SM7072-1","-2.8859447","-78.9909551"
"SININCAY/REDANILLO","SM7072-7","-2.8873157","-78.9917183"
"SININCAY/REDANILLO","SM7072-2","-2.8869728","-78.9891625"
"SININCAY/REDANILLO","SM7072-3","-2.8888033","-78.9884809"
"SININCAY/REDANILLO","SM7072-4","-2.8887998","-78.9915691"
"SININCAY/REDANILLO","SM7072-5","-2.89066","-78.9905719"
"SININCAY/REDANILLO","SM7072-8","-2.8916108","-78.9938426"
"SININCAY/REDANILLO","SM7072-6","-2.8898531","-78.9950954"
"SININCAY/REDANILLO","SM7075-3","-2.890208","-79.0065987"
"SININCAY/REDANILLO","SM7075-1","-2.888565","-79.00763"
"SININCAY/REDANILLO","SM7075-2","-2.8898982","-79.0086845"
"SININCAY/REDANILLO","SM7075-4","-2.8895909","-79.0109365"
"SININCAY/REDANILLO","SM7075-5","-2.8909858","-79.0109956"
"SININCAY/REDANILLO","SM7075-7","-2.8929895","-79.0113265"
"SININCAY/REDANILLO","SM7075-8","-2.8900272","-79.0129997"
"SININCAY/REDANILLO","SM7076-7","-2.8890251","-79.0146597"
"SININCAY/REDANILLO","SM7076-6","-2.8922329","-79.0143335"
"SININCAY/REDANILLO","SM7076-1","-2.890143","-79.0154814"
"SININCAY/REDANILLO","SM7076-5","-2.8888239","-79.0171938"
"SININCAY/REDANILLO","SM7076-2","-2.8897411","-79.0190824"
"SININCAY/REDANILLO","SM7076-3","-2.8894184","-79.0209505"
"SININCAY/REDANILLO","SM7076-4","-2.8913804","-79.0171711"
"SININCAY/REDANILLO","SM7077-1","-2.8912921","-79.0183894"
"SININCAY/REDANILLO","SM7077-6","-2.8924571","-79.0186718"
"SININCAY/REDANILLO","SM7077-5  ED","-2.8909261","-79.0190221"
"SININCAY/REDANILLO","SM7077-2","-2.8925943","-79.0193387"
"SININCAY/REDANILLO","SM7077-3 ED","-2.8921885","-79.0216923"
"SININCAY/REDANILLO","SM7077-4","-2.8921398","-79.0222156"
"SININCAY/REDANILLO","SM7077-7","-2.8933049","-79.0234232"
"SININCAY/REDANILLO","SM7073-1","-2.8871734","-78.9942205"
"SININCAY/REDANILLO","SM7073-2","-2.8866796","-78.9973692"
"SININCAY/REDANILLO","SM7073-3","-2.8890516","-78.9972461"
"SININCAY/REDANILLO","SM7073-4","-2.8875874","-78.9990471"
"SININCAY/REDANILLO","SM7073-5","-2.8904078","-78.999746"
"SININCAY/REDANILLO","SM7073-6","-2.8919266","-78.9980345"
"SININCAY/REDANILLO","SM7074-3","-2.885707","-79.0010289"
"SININCAY/REDANILLO","SM7074-1","-2.8875302","-79.0022044"
"SININCAY/REDANILLO","SM7074-5","-2.8850801","-79.0048553"
"SININCAY/REDANILLO","SM7074-2","-2.8869195","-79.004657"
"SININCAY/REDANILLO","SM7074-4","-2.8897596","-79.0026399"
"SININCAY/REDANILLO","SM7074-6","-2.8886843","-79.0046736"
"SININCAY/REDANILLO","SM7074-8","-2.8873443","-79.006116"
"SININCAY/REDANILLO","SM7074-7","-2.885663","-79.0063864"
"SININCAY/REDANILLO","SM100C1-6","-2.8489096","-78.9902745"
"SININCAY/REDANILLO","SM100C1-7","-2.8490891","-78.9901297"
"SININCAY/REDANILLO","SM4904-2","-2.8767109","-78.9773614"
"SININCAY/REDANILLO","SM1512-5","-2.8757564","-78.9812308"
"SININCAY/REDANILLO","SM7077-8","-2.8947313","-79.0130809"
"SININCAY/REDANILLO","KM0918-1","-2.9175291","-79.0047623"
"SININCAY/REDANILLO","SM1207-1","-2.9162834","-78.9934137"
"SININCAY/REDANILLO","EXT:SM7077-6","-2.8951813","-79.0180533"
"SININCAY/REDANILLO","SM5410-4","-2.8258003","-78.9847064"
"SININCAY/REDANILLO","SM5501-4","-2.8478306","-79.0111266"
"SININCAY/REDANILLO","CAJA UNAE  exte","-2.8108941","-78.8758226"
"SININCAY/REDANILLO","ext-SM0302-8 MANGA","-2.9055559","-79.0037457"
"SININCAY/REDANILLO","ext-SM0302-8  MANGA","-2.9039525","-79.0040153"
"SININCAY/REDANILLO","SM1207-7/SM1207-5","-2.9147794","-78.9889592"
"SININCAY/REDANILLO","Punto 93","-2.8015297","-78.8788312"
"SININCAY/REDANILLO","A1-N8","-2.9091393","-79.0557817"
"SININCAY/REDANILLO","extSM015803-1","-2.8570058","-78.9170252"
"SININCAY/REDANILLO","SM5119-5 ED","-2.8915534","-79.0326907"
"SININCAY/REDANILLO","SM5120-1 ED","-2.8913056","-79.0331353"
"SININCAY/REDANILLO","SM5120-3 ED","-2.891845","-79.0273859"
"SININCAY/REDANILLO","SM1011A-1","-2.8993676","-79.0186143"
"SININCAY/REDANILLO","","-2.913748","-78.995619"
"SININCAY/REDANILLO","","-2.912518","-78.994728"
"SININCAY/REDANILLO","","-2.908549","-78.999812"
"SININCAY/REDANILLO","","-2.908663","-78.99806"
"SININCAY/REDANILLO","","-2.911351","-78.997218"
"SININCAY/REDANILLO","","-2.912475","-78.999222"
"SININCAY/REDANILLO","","-2.90687","-79.003585"
"SININCAY/REDANILLO","","-2.904081","-79.004138"
"SININCAY/REDANILLO","","-2.905167","-79.006511"
"SININCAY/REDANILLO","","-2.911465","-79.001328"
"SININCAY/REDANILLO","","-2.911278","-79.0039"
"SININCAY/REDANILLO","","-2.908859","-79.006092"
"SININCAY/REDANILLO","","-2.913859","-79.008406"
"SININCAY/REDANILLO","","-2.912372","-79.006266"
"SININCAY/REDANILLO","","-2.913362","-79.005718"
"SININCAY/REDANILLO","","-2.914389","-79.003118"
"SININCAY/REDANILLO","","-2.916384","-79.001121"
"SININCAY/REDANILLO","","-2.914651","-79.000403"
"SININCAY/REDANILLO","","-2.914973","-78.998387"
"SININCAY/REDANILLO","","-2.907841","-79.005503"
"SININCAY/REDANILLO","","-2.908849","-79.003411"
"SININCAY/REDANILLO","","-2.90921","-79.010068"
"SININCAY/REDANILLO","","-2.908283","-79.017843"
"SININCAY/REDANILLO","","-2.910644","-79.013403"
"SININCAY/REDANILLO","","-2.913162","-79.011426"
"SININCAY/REDANILLO","","-2.914401","-79.010448"
"SININCAY/REDANILLO","","-2.907967","-79.009545"
"SININCAY/REDANILLO","","-2.908199","-79.013208"
"SININCAY/REDANILLO","","-2.906432","-79.012402"
"SININCAY/REDANILLO","","-2.90712","-79.01675"
"SININCAY/REDANILLO","","-2.904925","-79.01522"
"SININCAY/REDANILLO","","-2.905795","-79.020941"
"SININCAY/REDANILLO","","-2.904749","-79.021851"
"SININCAY/REDANILLO","","-2.906428","-79.021109"
"SININCAY/REDANILLO","","-2.905851","-79.022197"
"SININCAY/REDANILLO","","-2.905077","-79.023979"
"SININCAY/REDANILLO","","-2.906005","-79.01975"
"SININCAY/REDANILLO","","-2.904065","-79.01859"
"SININCAY/REDANILLO","","-2.903116","-79.019795"
"SININCAY/REDANILLO","","-2.903352","-79.016726"
"SININCAY/REDANILLO","","-2.902452","-79.015711"
"SININCAY/REDANILLO","SM4904-1","-2.8786772","-78.9775787"
"SININCAY/REDANILLO","SM1012A-1","-2.8967407","-79.0216948"
"SININCAY/REDANILLO","SM1207-6","-2.9061869","-79.0023489"
"SININCAY/REDANILLO","SM7076-3-EXT ED","-2.8901613","-79.0217459"
"SININCAY/REDANILLO","SM5120-8 ED","-2.8913002","-79.0347393"
"SININCAY/REDANILLO","SM5120-7 ED","-2.8920303","-79.0335431"
"SININCAY/REDANILLO","SM1004A-7","-2.9103829","-79.0035759"
"SININCAY/REDANILLO","SM015819-3","-2.846023","-78.8814225"
"SININCAY/REDANILLO","SM4904-3","-2.8774938","-78.9791613"
"SININCAY/REDANILLO","SM1012A-3","-2.8960241","-79.0229082"
"SININCAY/REDANILLO","SM015810-1 Ext","-2.8748408","-78.9359689"
"SININCAY/REDANILLO","SM1008B-7","-2.9035447","-79.0105098"
"Ricaurte/kennedy/velodromo/Molinopamba/QUINTACHICA","SM0814-1","-2.861769","-78.936976"
"Ricaurte/kennedy/velodromo/Molinopamba/QUINTACHICA","SM0814-2","-2.860147","-78.937243"
"Ricaurte/kennedy/velodromo/Molinopamba/QUINTACHICA","SM0814-3","-2.86344","-78.935371"
"Ricaurte/kennedy/velodromo/Molinopamba/QUINTACHICA","SM0814-4","-2.863255","-78.933045"
"Ricaurte/kennedy/velodromo/Molinopamba/QUINTACHICA","SM0816-1","-2.864037","-78.938774"
"Ricaurte/kennedy/velodromo/Molinopamba/QUINTACHICA","SM0816-2","-2.861284","-78.941469"
"Ricaurte/kennedy/velodromo/Molinopamba/QUINTACHICA","SM0816-3 1/16","-2.860084","-78.941373"
"Ricaurte/kennedy/velodromo/Molinopamba/QUINTACHICA","SM0813-4","-2.857734","-78.939285"
"Ricaurte/kennedy/velodromo/Molinopamba/QUINTACHICA","SM0813-5","-2.855042","-78.937944"
"Ricaurte/kennedy/velodromo/Molinopamba/QUINTACHICA","SM0813-6","-2.849205","-78.934728"
"Ricaurte/kennedy/velodromo/Molinopamba/QUINTACHICA","SM0813-7","-2.8479889","-78.9336133"
"Ricaurte/kennedy/velodromo/Molinopamba/QUINTACHICA","SM0813-8","-2.850759","-78.93404"
"Ricaurte/kennedy/velodromo/Molinopamba/QUINTACHICA","SM0813-3","-2.857917","-78.938134"
"Ricaurte/kennedy/velodromo/Molinopamba/QUINTACHICA","SM0812-1","-2.862494","-78.934394"
"Ricaurte/kennedy/velodromo/Molinopamba/QUINTACHICA","SM0812-8","-2.858213","-78.92984"
"Ricaurte/kennedy/velodromo/Molinopamba/QUINTACHICA","SM0812-6","-2.860626","-78.93196"
"Ricaurte/kennedy/velodromo/Molinopamba/QUINTACHICA","SM0812-2","-2.862286","-78.931996"
"Ricaurte/kennedy/velodromo/Molinopamba/QUINTACHICA","SM0812-7","-2.859238","-78.931819"
"Ricaurte/kennedy/velodromo/Molinopamba/QUINTACHICA","SM0812-5","-2.859406","-78.928662"
"Ricaurte/kennedy/velodromo/Molinopamba/QUINTACHICA","SM0812-4","-2.860144","-78.930352"
"Ricaurte/kennedy/velodromo/Molinopamba/QUINTACHICA","SM0812-3","-2.861633","-78.930077"
"Ricaurte/kennedy/velodromo/Molinopamba/QUINTACHICA","SM0811-1","-2.846882","-78.91192"
"Ricaurte/kennedy/velodromo/Molinopamba/QUINTACHICA","SM0811-2","-2.843975","-78.911508"
"Ricaurte/kennedy/velodromo/Molinopamba/QUINTACHICA","SM0811-3","-2.845352","-78.910652"
"Ricaurte/kennedy/velodromo/Molinopamba/QUINTACHICA","SM0811-4","-2.843175","-78.910436"
"Ricaurte/kennedy/velodromo/Molinopamba/QUINTACHICA","SM0811-5","-2.841951","-78.908687"
"Ricaurte/kennedy/velodromo/Molinopamba/QUINTACHICA","SM0811-6","-2.839177","-78.908962"
"Ricaurte/kennedy/velodromo/Molinopamba/QUINTACHICA","SM0811-7","-2.847936","-78.916738"
"Ricaurte/kennedy/velodromo/Molinopamba/QUINTACHICA","SM0811-8","-2.850816","-78.920768"
"Ricaurte/kennedy/velodromo/Molinopamba/QUINTACHICA","SM0810-7","-2.844105","-78.90623"
"Ricaurte/kennedy/velodromo/Molinopamba/QUINTACHICA","SM0810-6","-2.843911","-78.903666"
"Ricaurte/kennedy/velodromo/Molinopamba/QUINTACHICA","SM0810-5","-2.844604","-78.902339"
"Ricaurte/kennedy/velodromo/Molinopamba/QUINTACHICA","SM0810-1","-2.844733","-78.900176"
"Ricaurte/kennedy/velodromo/Molinopamba/QUINTACHICA","SM0810-2","-2.844758","-78.895229"
"Ricaurte/kennedy/velodromo/Molinopamba/QUINTACHICA","SM0810-3","-2.844619","-78.891283"
"Ricaurte/kennedy/velodromo/Molinopamba/QUINTACHICA","SM0810-4","-2.84182","-78.891014"
"Ricaurte/kennedy/velodromo/Molinopamba/QUINTACHICA","SM0810-8","-2.842223","-78.90766"
"Ricaurte/kennedy/velodromo/Molinopamba/QUINTACHICA","Ext. SM0810(4)","-2.83757","-78.891493"
"Ricaurte/kennedy/velodromo/Molinopamba/QUINTACHICA","SM0815-1","-2.863466","-78.940091"
"Ricaurte/kennedy/velodromo/Molinopamba/QUINTACHICA","SM0815-2","-2.864183","-78.942535"
"Ricaurte/kennedy/velodromo/Molinopamba/QUINTACHICA","SM0815-5","-2.863485","-78.945295"
"Ricaurte/kennedy/velodromo/Molinopamba/QUINTACHICA","SM0815-4","-2.866109","-78.943489"
"Ricaurte/kennedy/velodromo/Molinopamba/QUINTACHICA","SM0815-3","-2.865959","-78.942627"
"Ricaurte/kennedy/velodromo/Molinopamba/QUINTACHICA","SM0815-6","-2.865885","-78.945648"
"Ricaurte/kennedy/velodromo/Molinopamba/QUINTACHICA","SM0815-7","-2.866878","-78.947346"
"Ricaurte/kennedy/velodromo/Molinopamba/QUINTACHICA","SM0815-8","-2.869933","-78.948317"
"Ricaurte/kennedy/velodromo/Molinopamba/QUINTACHICA","SM0818-1","-2.859168","-78.935542"
"Ricaurte/kennedy/velodromo/Molinopamba/QUINTACHICA","SM015802-1","-2.850998","-78.899819"
"Ricaurte/kennedy/velodromo/Molinopamba/QUINTACHICA","SM015802-2","-2.849524","-78.896922"
"Ricaurte/kennedy/velodromo/Molinopamba/QUINTACHICA","SM015802-3","-2.852967","-78.903632"
"Ricaurte/kennedy/velodromo/Molinopamba/QUINTACHICA","SM015802-4","-2.854114","-78.902952"
"Ricaurte/kennedy/velodromo/Molinopamba/QUINTACHICA","SM015802-5","-2.855695","-78.902926"
"Ricaurte/kennedy/velodromo/Molinopamba/QUINTACHICA","SM015802-6","-2.852955","-78.905049"
"Ricaurte/kennedy/velodromo/Molinopamba/QUINTACHICA","SM015802-7","-2.853395","-78.906193"
"Ricaurte/kennedy/velodromo/Molinopamba/QUINTACHICA","SM015802-8","-2.8553","-78.90916"
"Ricaurte/kennedy/velodromo/Molinopamba/QUINTACHICA","SM015801-1","-2.856555","-78.908726"
"Ricaurte/kennedy/velodromo/Molinopamba/QUINTACHICA","SM015801-2","-2.861294","-78.907397"
"Ricaurte/kennedy/velodromo/Molinopamba/QUINTACHICA","SM015801-3","-2.864178","-78.907767"
"Ricaurte/kennedy/velodromo/Molinopamba/QUINTACHICA","SM015801-4","-2.854784","-78.910051"
"Ricaurte/kennedy/velodromo/Molinopamba/QUINTACHICA","SM015801-5","-2.85412","-78.911689"
"Ricaurte/kennedy/velodromo/Molinopamba/QUINTACHICA","SM015801-6","-2.850839","-78.910056"
"Ricaurte/kennedy/velodromo/Molinopamba/QUINTACHICA","SM015801-7","-2.850384","-78.913197"
"Ricaurte/kennedy/velodromo/Molinopamba/QUINTACHICA","SM015801-8","-2.851673","-78.916024"
"Ricaurte/kennedy/velodromo/Molinopamba/QUINTACHICA","SM015803-3","-2.860025","-78.911946"
"Ricaurte/kennedy/velodromo/Molinopamba/QUINTACHICA","SM015803-2","-2.856815","-78.912474"
"Ricaurte/kennedy/velodromo/Molinopamba/QUINTACHICA","SM015803-1","-2.857296","-78.914731"
"Ricaurte/kennedy/velodromo/Molinopamba/QUINTACHICA","SM015803-4","-2.859642","-78.914911"
"Ricaurte/kennedy/velodromo/Molinopamba/QUINTACHICA","SM015803-6","-2.859878","-78.918956"
"Ricaurte/kennedy/velodromo/Molinopamba/QUINTACHICA","SM015803-7","-2.862195","-78.921565"
"Ricaurte/kennedy/velodromo/Molinopamba/QUINTACHICA","SM015803-5","-2.861147","-78.91472"
"Ricaurte/kennedy/velodromo/Molinopamba/QUINTACHICA","SM015803-8","-2.857171","-78.91935"
"Ricaurte/kennedy/velodromo/Molinopamba/QUINTACHICA","SM015804-5","-2.84986","-78.898639"
"Ricaurte/kennedy/velodromo/Molinopamba/QUINTACHICA","SM015804-4","-2.852225","-78.901099"
"Ricaurte/kennedy/velodromo/Molinopamba/QUINTACHICA","SM015804-3","-2.857125","-78.901435"
"Ricaurte/kennedy/velodromo/Molinopamba/QUINTACHICA","SM015804-2","-2.856199","-78.904274"
"Ricaurte/kennedy/velodromo/Molinopamba/QUINTACHICA","SM015804-1","-2.852801","-78.904156"
"Ricaurte/kennedy/velodromo/Molinopamba/QUINTACHICA","SM015805-1","-2.853384","-78.912954"
"Ricaurte/kennedy/velodromo/Molinopamba/QUINTACHICA","SM015805-2","-2.86162","-78.907196"
"Ricaurte/kennedy/velodromo/Molinopamba/QUINTACHICA","SM015805-3","-2.866541","-78.908602"
"Ricaurte/kennedy/velodromo/Molinopamba/QUINTACHICA","SM015805-5","-2.854124","-78.911665"
"Ricaurte/kennedy/velodromo/Molinopamba/QUINTACHICA","SM015806-6","-2.870477","-78.909837"
"Ricaurte/kennedy/velodromo/Molinopamba/QUINTACHICA","SM015806-7","-2.870516","-78.908239"
"Ricaurte/kennedy/velodromo/Molinopamba/QUINTACHICA","SM015808-8","-2.859453","-78.922018"
"Ricaurte/kennedy/velodromo/Molinopamba/QUINTACHICA","SM015808-2","-2.857251","-78.921745"
"Ricaurte/kennedy/velodromo/Molinopamba/QUINTACHICA","SM015808-1","-2.857648","-78.92266"
"Ricaurte/kennedy/velodromo/Molinopamba/QUINTACHICA","SM015808-5","-2.859346","-78.923817"
"Ricaurte/kennedy/velodromo/Molinopamba/QUINTACHICA","SM015808-4","-2.858356","-78.923609"
"Ricaurte/kennedy/velodromo/Molinopamba/QUINTACHICA","SM015808-6","-2.857892","-78.921923"
"Ricaurte/kennedy/velodromo/Molinopamba/QUINTACHICA","SM015808-7","-2.858414","-78.921837"
"Ricaurte/kennedy/velodromo/Molinopamba/QUINTACHICA","SM015808-3","-2.856413","-78.920466"
"Ricaurte/kennedy/velodromo/Molinopamba/QUINTACHICA","SM6001-1","-2.892111","-78.940397"
"Ricaurte/kennedy/velodromo/Molinopamba/QUINTACHICA","SM6001-2","-2.893223","-78.939468"
"Ricaurte/kennedy/velodromo/Molinopamba/QUINTACHICA","SM6001-3","-2.892274","-78.938432"
"Ricaurte/kennedy/velodromo/Molinopamba/QUINTACHICA","SM6001-4","-2.893698","-78.940788"
"Ricaurte/kennedy/velodromo/Molinopamba/QUINTACHICA","SM6001-5","-2.894095","-78.938651"
"Ricaurte/kennedy/velodromo/Molinopamba/QUINTACHICA","SM6001-6","-2.887821","-78.941101"
"Ricaurte/kennedy/velodromo/Molinopamba/QUINTACHICA","SM6001-7","-2.88827","-78.93823"
"Ricaurte/kennedy/velodromo/Molinopamba/QUINTACHICA","SM6002-8","-2.900465","-78.935049"
"Ricaurte/kennedy/velodromo/Molinopamba/QUINTACHICA","SM6002-1","-2.895767","-78.936317"
"Ricaurte/kennedy/velodromo/Molinopamba/QUINTACHICA","SM6002-2","-2.895338","-78.934466"
"Ricaurte/kennedy/velodromo/Molinopamba/QUINTACHICA","SM6002-3","-2.896704","-78.93539"
"Ricaurte/kennedy/velodromo/Molinopamba/QUINTACHICA","SM6002-4","-2.898591","-78.933896"
"Ricaurte/kennedy/velodromo/Molinopamba/QUINTACHICA","SM6002-6","-2.899164","-78.935547"
"Ricaurte/kennedy/velodromo/Molinopamba/QUINTACHICA","SM6002-5","-2.897389","-78.936886"
"Ricaurte/kennedy/velodromo/Molinopamba/QUINTACHICA","SM6002-7","-2.900516","-78.937317"
"Ricaurte/kennedy/velodromo/Molinopamba/QUINTACHICA","SM6001-8","-2.88086","-78.942381"
"Ricaurte/kennedy/velodromo/Molinopamba/QUINTACHICA","SM6003-2","-2.897017","-78.932974"
"Ricaurte/kennedy/velodromo/Molinopamba/QUINTACHICA","SM6003-1","-2.899993","-78.933072"
"Ricaurte/kennedy/velodromo/Molinopamba/QUINTACHICA","SM6003-4","-2.905229","-78.934991"
"Ricaurte/kennedy/velodromo/Molinopamba/QUINTACHICA","SM6004-1","-2.884902","-78.9405"
"Ricaurte/kennedy/velodromo/Molinopamba/QUINTACHICA","SM6004-2","-2.883929","-78.938682"
"Ricaurte/kennedy/velodromo/Molinopamba/QUINTACHICA","SM6004-3","-2.884136","-78.93684"
"Ricaurte/kennedy/velodromo/Molinopamba/QUINTACHICA","SM6004-4","-2.882504","-78.936365"
"Ricaurte/kennedy/velodromo/Molinopamba/QUINTACHICA","SM6004-6","-2.882821","-78.934654"
"Ricaurte/kennedy/velodromo/Molinopamba/QUINTACHICA","SM6004-8","-2.883695","-78.932354"
"Ricaurte/kennedy/velodromo/Molinopamba/QUINTACHICA","SM6004-7","-2.8816256","-78.9332736"
"Ricaurte/kennedy/velodromo/Molinopamba/QUINTACHICA","SM6005-2","-2.896936","-78.946712"
"Ricaurte/kennedy/velodromo/Molinopamba/QUINTACHICA","SM6005-1","-2.895994","-78.94506"
"Ricaurte/kennedy/velodromo/Molinopamba/QUINTACHICA","SM5401-2","-2.850706","-78.985841"
"Ricaurte/kennedy/velodromo/Molinopamba/QUINTACHICA","SM5401-4","-2.860854","-78.98309"
"Ricaurte/kennedy/velodromo/Molinopamba/QUINTACHICA","SM5401-3","-2.855684","-78.985081"
"Ricaurte/kennedy/velodromo/Molinopamba/QUINTACHICA","SM5401-1","-2.84872","-78.986551"
"Ricaurte/kennedy/velodromo/Molinopamba/QUINTACHICA","SM5401-5","-2.844917","-78.986724"
"Ricaurte/kennedy/velodromo/Molinopamba/QUINTACHICA","SM5401-6","-2.84235","-78.986868"
"Ricaurte/kennedy/velodromo/Molinopamba/QUINTACHICA","SM5401-7","-2.84055","-78.986673"
"Ricaurte/kennedy/velodromo/Molinopamba/QUINTACHICA","SM5401-8","-2.835886","-78.98596"
"Ricaurte/kennedy/velodromo/Molinopamba/QUINTACHICA","SM5402-2","-2.84438","-78.98781"
"Ricaurte/kennedy/velodromo/Molinopamba/QUINTACHICA","SM5402-1","-2.840881","-78.989441"
"Ricaurte/kennedy/velodromo/Molinopamba/QUINTACHICA","SM5402-3","-2.838795","-78.990158"
"Ricaurte/kennedy/velodromo/Molinopamba/QUINTACHICA","SM5402-4","-2.836615","-78.991993"
"Ricaurte/kennedy/velodromo/Molinopamba/QUINTACHICA","SM5402-5","-2.846942","-78.987878"
"Ricaurte/kennedy/velodromo/Molinopamba/QUINTACHICA","SM5403-2","-2.833553","-78.988171"
"Ricaurte/kennedy/velodromo/Molinopamba/QUINTACHICA","SM5403-1","-2.833878","-78.985884"
"Ricaurte/kennedy/velodromo/Molinopamba/QUINTACHICA","SM5403-3","-2.832697","-78.984614"
"Ricaurte/kennedy/velodromo/Molinopamba/QUINTACHICA","SM5403-4","-2.830013","-78.984617"
"Ricaurte/kennedy/velodromo/Molinopamba/QUINTACHICA","SM5403-5","-2.835871","-78.983923"
"Ricaurte/kennedy/velodromo/Molinopamba/QUINTACHICA","SM5403-6","-2.831816","-78.986859"
"Ricaurte/kennedy/velodromo/Molinopamba/QUINTACHICA","SM5403-7","-2.828463","-78.987716"
"Ricaurte/kennedy/velodromo/Molinopamba/QUINTACHICA","SM5403-8","-2.825701","-78.991363"
"Ricaurte/kennedy/velodromo/Molinopamba/QUINTACHICA","SM5404-1","-2.831415","-78.993992"
"Ricaurte/kennedy/velodromo/Molinopamba/QUINTACHICA","SM5404-2","-2.833183","-78.9907"
"Ricaurte/kennedy/velodromo/Molinopamba/QUINTACHICA","SM5404-3","-2.827167","-78.993588"
"Ricaurte/kennedy/velodromo/Molinopamba/QUINTACHICA","SM5404-4","-2.823793","-78.996813"
"Ricaurte/kennedy/velodromo/Molinopamba/QUINTACHICA","SM5404-5","-2.828379","-78.996489"
"Ricaurte/kennedy/velodromo/Molinopamba/QUINTACHICA","SM5404-6","-2.830339","-78.996119"
"Ricaurte/kennedy/velodromo/Molinopamba/QUINTACHICA","SM5404-6  NEW","-2.836184","-78.996939"
"Ricaurte/kennedy/velodromo/Molinopamba/QUINTACHICA","SM5404-7","-2.832869","-78.995365"
"Ricaurte/kennedy/velodromo/Molinopamba/QUINTACHICA","SM5404-8","-2.835289","-78.99529"
"Ricaurte/kennedy/velodromo/Molinopamba/QUINTACHICA","SM5405-2","-2.837492","-78.983187"
"Ricaurte/kennedy/velodromo/Molinopamba/QUINTACHICA","SM5405-1","-2.838643","-78.982091"
"Ricaurte/kennedy/velodromo/Molinopamba/QUINTACHICA","SM5405-3","-2.845076","-78.981611"
"Ricaurte/kennedy/velodromo/Molinopamba/QUINTACHICA","SM5405-4","-2.846986","-78.98148"
"Ricaurte/kennedy/velodromo/Molinopamba/QUINTACHICA","SM5405-5","-2.849897","-78.981204"
"Ricaurte/kennedy/velodromo/Molinopamba/QUINTACHICA","SM5405-6","-2.851817","-78.98089"
"Ricaurte/kennedy/velodromo/Molinopamba/QUINTACHICA","SM5405-7","-2.854127","-78.9805"
"Ricaurte/kennedy/velodromo/Molinopamba/QUINTACHICA","SM5406-6","-2.81666","-78.999246"
"Ricaurte/kennedy/velodromo/Molinopamba/QUINTACHICA","SM5406-5","-2.813847","-79.000336"
"Ricaurte/kennedy/velodromo/Molinopamba/QUINTACHICA","SM5406-4","-2.814424","-78.998667"
"Ricaurte/kennedy/velodromo/Molinopamba/QUINTACHICA","SM5406-1","-2.816042","-78.995304"
"Ricaurte/kennedy/velodromo/Molinopamba/QUINTACHICA","SM5406-2","-2.818536","-78.992554"
"Ricaurte/kennedy/velodromo/Molinopamba/QUINTACHICA","SM5406-3","-2.822552","-78.990523"
"Ricaurte/kennedy/velodromo/Molinopamba/QUINTACHICA","SM5407-1","-2.812486","-79.001921"
"Ricaurte/kennedy/velodromo/Molinopamba/QUINTACHICA","SM5407-2","-2.810747","-79.001417"
"Ricaurte/kennedy/velodromo/Molinopamba/QUINTACHICA","SM5407-3","-2.809717","-79.003357"
"Ricaurte/kennedy/velodromo/Molinopamba/QUINTACHICA","SM5407-4","-2.80899","-79.00026"
"Ricaurte/kennedy/velodromo/Molinopamba/QUINTACHICA","SM5407-5","-2.814244","-79.003117"
"Ricaurte/kennedy/velodromo/Molinopamba/QUINTACHICA","SM5407-6","-2.812194","-79.003783"
"Ricaurte/kennedy/velodromo/Molinopamba/QUINTACHICA","SM5407-7","-2.81536","-79.001853"
"Ricaurte/kennedy/velodromo/Molinopamba/QUINTACHICA","SM5407-8","-2.818897","-79.001826"
"Ricaurte/kennedy/velodromo/Molinopamba/QUINTACHICA","SM5408-3","-2.808516","-78.997113"
"Ricaurte/kennedy/velodromo/Molinopamba/QUINTACHICA","SM5408-1","-2.806644","-78.996437"
"Ricaurte/kennedy/velodromo/Molinopamba/QUINTACHICA","SM5408-2","-2.807661","-78.994175"
"Ricaurte/kennedy/velodromo/Molinopamba/QUINTACHICA","SM5408-4","-2.810947","-78.994667"
"Ricaurte/kennedy/velodromo/Molinopamba/QUINTACHICA","SM5409-1","-2.796467","-78.996022"
"Ricaurte/kennedy/velodromo/Molinopamba/QUINTACHICA","SM5409-2","-2.803231","-78.991493"
"Ricaurte/kennedy/velodromo/Molinopamba/QUINTACHICA","SM5409-3","-2.801958","-78.990794"
"Ricaurte/kennedy/velodromo/Molinopamba/QUINTACHICA","SM5409-4","-2.804824","-78.991071"
"Ricaurte/kennedy/velodromo/Molinopamba/QUINTACHICA","SM5409-5","-2.807056","-78.993085"
"Ricaurte/kennedy/velodromo/Molinopamba/QUINTACHICA","SM5410-3","-2.818199","-78.987573"
"Ricaurte/kennedy/velodromo/Molinopamba/QUINTACHICA","SM5410-1","-2.830002","-78.984053"
"Ricaurte/kennedy/velodromo/Molinopamba/QUINTACHICA","SM5410-2","-2.83021","-78.983921"
"Ricaurte/kennedy/velodromo/Molinopamba/QUINTACHICA","SM5412-1","-2.820099","-79.003336"
"Ricaurte/kennedy/velodromo/Molinopamba/QUINTACHICA","SM5412-4","-2.822503","-79.005352"
"Ricaurte/kennedy/velodromo/Molinopamba/QUINTACHICA","SM5412-5","-2.822318","-79.006417"
"Ricaurte/kennedy/velodromo/Molinopamba/QUINTACHICA","SM5412-6","-2.820481","-79.008354"
"Ricaurte/kennedy/velodromo/Molinopamba/QUINTACHICA","SM5412-7","-2.818621","-79.007984"
"Ricaurte/kennedy/velodromo/Molinopamba/QUINTACHICA","SM5412-3","-2.820781","-78.999251"
"Ricaurte/kennedy/velodromo/Molinopamba/QUINTACHICA","SM5413-2","-2.806016","-79.005963"
"Ricaurte/kennedy/velodromo/Molinopamba/QUINTACHICA","SM5413-3","-2.808108","-79.007155"
"Ricaurte/kennedy/velodromo/Molinopamba/QUINTACHICA","SM5413-6","-2.809213","-79.008607"
"Ricaurte/kennedy/velodromo/Molinopamba/QUINTACHICA","SM5413-4","-2.808716","-79.005049"
"Ricaurte/kennedy/velodromo/Molinopamba/QUINTACHICA","SM5413-5","-2.806682","-79.002522"
"Ricaurte/kennedy/velodromo/Molinopamba/QUINTACHICA","SM5413-1","-2.809114","-79.00224"
"Ricaurte/kennedy/velodromo/Molinopamba/QUINTACHICA","SM5001-1","-2.874638","-78.98395"
"Ricaurte/kennedy/velodromo/Molinopamba/QUINTACHICA","SM5001-2","-2.873702","-78.984175"
"Ricaurte/kennedy/velodromo/Molinopamba/QUINTACHICA","SM5001-3","-2.875046","-78.984704"
"Ricaurte/kennedy/velodromo/Molinopamba/QUINTACHICA","SM5001-4","-2.875272","-78.985186"
"Ricaurte/kennedy/velodromo/Molinopamba/QUINTACHICA","SM5001-5","-2.874085","-78.984847"
"Ricaurte/kennedy/velodromo/Molinopamba/QUINTACHICA","SM5001-6","-2.873694","-78.985528"
"Ricaurte/kennedy/velodromo/Molinopamba/QUINTACHICA","SM5001-7","-2.873382","-78.985984"
"Ricaurte/kennedy/velodromo/Molinopamba/QUINTACHICA","SM5001-8","-2.87154","-78.990311"
"Ricaurte/kennedy/velodromo/Molinopamba/QUINTACHICA","SM5002-1","-2.875257","-78.985996"
"Ricaurte/kennedy/velodromo/Molinopamba/QUINTACHICA","SM5002-2","-2.874559","-78.985607"
"Ricaurte/kennedy/velodromo/Molinopamba/QUINTACHICA","SM5002-3","-2.874204","-78.987209"
"Ricaurte/kennedy/velodromo/Molinopamba/QUINTACHICA","SM5002-4","-2.873345","-78.98826"
"Ricaurte/kennedy/velodromo/Molinopamba/QUINTACHICA","SM5002-5","-2.876695","-78.985411"
"Ricaurte/kennedy/velodromo/Molinopamba/QUINTACHICA","SM5002-6","-2.87763","-78.986557"
"Ricaurte/kennedy/velodromo/Molinopamba/QUINTACHICA","SM5002-7","-2.878573","-78.990617"
"Ricaurte/kennedy/velodromo/Molinopamba/QUINTACHICA","SM5002-8","-2.87815","-78.992686"
"Ricaurte/kennedy/velodromo/Molinopamba/QUINTACHICA","SM5003-1","-2.877265","-78.992365"
"Ricaurte/kennedy/velodromo/Molinopamba/QUINTACHICA","SM5003-2","-2.87755","-78.990599"
"Ricaurte/kennedy/velodromo/Molinopamba/QUINTACHICA","SM5003-3","-2.875851","-78.992557"
"Ricaurte/kennedy/velodromo/Molinopamba/QUINTACHICA","SM5003-4","-2.874234","-78.993242"
"Ricaurte/kennedy/velodromo/Molinopamba/QUINTACHICA","SM5003-5","-2.872829","-78.992337"
"Ricaurte/kennedy/velodromo/Molinopamba/QUINTACHICA","SM5003-6","-2.87346","-78.993474"
"Ricaurte/kennedy/velodromo/Molinopamba/QUINTACHICA","SM5003-7","-2.871819","-78.99583"
"Ricaurte/kennedy/velodromo/Molinopamba/QUINTACHICA","SM5003-8","-2.877701","-78.993742"
"Ricaurte/kennedy/velodromo/Molinopamba/QUINTACHICA","SM5018-1","-2.866722","-79.016244"
"Ricaurte/kennedy/velodromo/Molinopamba/QUINTACHICA","SM5018-2","-2.869204","-79.015082"
"Ricaurte/kennedy/velodromo/Molinopamba/QUINTACHICA","SM5018-3","-2.86976","-79.014363"
"Ricaurte/kennedy/velodromo/Molinopamba/QUINTACHICA","SM5018-4","-2.869988","-79.016069"
"Ricaurte/kennedy/velodromo/Molinopamba/QUINTACHICA","SM5018-5","-2.873607","-79.016423"
"Ricaurte/kennedy/velodromo/Molinopamba/QUINTACHICA","SM5018-6","-2.871736","-79.013589"
"Ricaurte/kennedy/velodromo/Molinopamba/QUINTACHICA","SM5018-8","-2.874513","-79.012721"
"Ricaurte/kennedy/velodromo/Molinopamba/QUINTACHICA","SM5018-7","-2.873289","-79.011353"
"Ricaurte/kennedy/velodromo/Molinopamba/QUINTACHICA","SM5017-1","-2.876297","-79.011636"
"Ricaurte/kennedy/velodromo/Molinopamba/QUINTACHICA","SM5017-2","-2.876482","-79.013122"
"Ricaurte/kennedy/velodromo/Molinopamba/QUINTACHICA","SM5017-3","-2.877801","-79.011956"
"Ricaurte/kennedy/velodromo/Molinopamba/QUINTACHICA","SM5017-4","-2.87852","-79.012983"
"Ricaurte/kennedy/velodromo/Molinopamba/QUINTACHICA","SM5017-5","-2.880046","-79.011488"
"Ricaurte/kennedy/velodromo/Molinopamba/QUINTACHICA","SM5017-6","-2.881341","-79.009458"
"Ricaurte/kennedy/velodromo/Molinopamba/QUINTACHICA","SM5017-7","-2.877748","-79.008768"
"Ricaurte/kennedy/velodromo/Molinopamba/QUINTACHICA","SM5017-8","-2.876908","-79.009528"
"Ricaurte/kennedy/velodromo/Molinopamba/QUINTACHICA","SM5016-1","-2.875877","-79.009279"
"Ricaurte/kennedy/velodromo/Molinopamba/QUINTACHICA","SM5016-2","-2.876268","-79.007394"
"Ricaurte/kennedy/velodromo/Molinopamba/QUINTACHICA","SM5016-3","-2.875012","-79.009054"
"Ricaurte/kennedy/velodromo/Molinopamba/QUINTACHICA","SM5016-4","-2.876315","-79.004731"
"Ricaurte/kennedy/velodromo/Molinopamba/QUINTACHICA","SM5016-5","-2.876846","-79.005309"
"Ricaurte/kennedy/velodromo/Molinopamba/QUINTACHICA","SM5016-6","-2.87797","-79.005689"
"Ricaurte/kennedy/velodromo/Molinopamba/QUINTACHICA","SM5016-7","-2.877224","-79.00614"
"Ricaurte/kennedy/velodromo/Molinopamba/QUINTACHICA","SM5016-8","-2.878103","-79.003761"
"Ricaurte/kennedy/velodromo/Molinopamba/QUINTACHICA","SM5015-1","-2.875994","-79.004145"
"Ricaurte/kennedy/velodromo/Molinopamba/QUINTACHICA","SM5015-2","-2.876096","-79.002529"
"Ricaurte/kennedy/velodromo/Molinopamba/QUINTACHICA","SM5015-3","-2.877009","-79.001794"
"Ricaurte/kennedy/velodromo/Molinopamba/QUINTACHICA","SM5015-4","-2.876589","-79.001203"
"Ricaurte/kennedy/velodromo/Molinopamba/QUINTACHICA","SM5015-5","-2.878087","-79.000612"
"Ricaurte/kennedy/velodromo/Molinopamba/QUINTACHICA","SM5015-6","-2.879089","-78.999208"
"Ricaurte/kennedy/velodromo/Molinopamba/QUINTACHICA","SM5015-7","-2.877059","-79.00025"
"Ricaurte/kennedy/velodromo/Molinopamba/QUINTACHICA","SM5015-8","-2.876206","-78.999101"
"Ricaurte/kennedy/velodromo/Molinopamba/QUINTACHICA","SM5021-1","-2.853965","-79.037575"
"Ricaurte/kennedy/velodromo/Molinopamba/QUINTACHICA","SM5021-2","-2.86689","-79.037097"
"Ricaurte/kennedy/velodromo/Molinopamba/QUINTACHICA","SM5021-3","-2.8760205","-79.0368273"
"Ricaurte/kennedy/velodromo/Molinopamba/QUINTACHICA","SM5021-4","-2.854387","-79.036698"
"Ricaurte/kennedy/velodromo/Molinopamba/QUINTACHICA","SM5021-5","-2.855891","-79.035141"
"Ricaurte/kennedy/velodromo/Molinopamba/QUINTACHICA","SM5021-6","-2.858512","-79.031693"
"Ricaurte/kennedy/velodromo/Molinopamba/QUINTACHICA","SM5021-7","-2.861099","-79.02741"
"Ricaurte/kennedy/velodromo/Molinopamba/QUINTACHICA","SM5021-8","-2.861728","-79.041154"
"Ricaurte/kennedy/velodromo/Molinopamba/QUINTACHICA","SM5020-1","-2.859988","-79.022031"
"Ricaurte/kennedy/velodromo/Molinopamba/QUINTACHICA","SM5020-2","-2.858381","-79.027458"
"Ricaurte/kennedy/velodromo/Molinopamba/QUINTACHICA","SM5020-3","-2.857044","-79.020573"
"Ricaurte/kennedy/velodromo/Molinopamba/QUINTACHICA","SM5020-4","-2.860311","-79.018153"
"Ricaurte/kennedy/velodromo/Molinopamba/QUINTACHICA","SM5020-5","-2.859908","-79.016515"
"Ricaurte/kennedy/velodromo/Molinopamba/QUINTACHICA","SM5020-6","-2.862211","-79.017328"
"Ricaurte/kennedy/velodromo/Molinopamba/QUINTACHICA","SM5020-7","-2.859444","-79.024295"
"Ricaurte/kennedy/velodromo/Molinopamba/QUINTACHICA","SM5020-8","-2.860825","-79.015858"
"Ricaurte/kennedy/velodromo/Molinopamba/QUINTACHICA","SM5019-1","-2.860946","-79.019647"
"Ricaurte/kennedy/velodromo/Molinopamba/QUINTACHICA","SM5019-2","-2.862406","-79.020044"
"Ricaurte/kennedy/velodromo/Molinopamba/QUINTACHICA","SM5019-3","-2.864458","-79.018997"
"Ricaurte/kennedy/velodromo/Molinopamba/QUINTACHICA","SM5019-4","-2.865103","-79.021328"
"Ricaurte/kennedy/velodromo/Molinopamba/QUINTACHICA","SM5019-5","-2.867934","-79.022086"
"Ricaurte/kennedy/velodromo/Molinopamba/QUINTACHICA","SM5019-6","-2.870333","-79.020356"
"Ricaurte/kennedy/velodromo/Molinopamba/QUINTACHICA","SM5019-7","-2.871168","-79.018417"
"Ricaurte/kennedy/velodromo/Molinopamba/QUINTACHICA","SM5019-8","-2.865961","-79.018316"
"Ricaurte/kennedy/velodromo/Molinopamba/QUINTACHICA","SM5004-1","-2.878462","-78.996242"
"Ricaurte/kennedy/velodromo/Molinopamba/QUINTACHICA","SM5004-2","-2.877561","-78.995898"
"Ricaurte/kennedy/velodromo/Molinopamba/QUINTACHICA","SM5004-3","-2.876962","-78.995349"
"Ricaurte/kennedy/velodromo/Molinopamba/QUINTACHICA","SM5004-4","-2.876057","-78.995232"
"Ricaurte/kennedy/velodromo/Molinopamba/QUINTACHICA","SM5004-5","-2.875485","-78.995911"
"Ricaurte/kennedy/velodromo/Molinopamba/QUINTACHICA","SM5004-6","-2.879453","-78.99644"
"Ricaurte/kennedy/velodromo/Molinopamba/QUINTACHICA","SM5004-7","-2.879444","-78.995909"
"Ricaurte/kennedy/velodromo/Molinopamba/QUINTACHICA","SM5004-8","-2.878002","-78.997385"
"Ricaurte/kennedy/velodromo/Molinopamba/QUINTACHICA","SM5005-1","-2.87644","-78.998958"
"Ricaurte/kennedy/velodromo/Molinopamba/QUINTACHICA","SM5005-2","-2.877837","-78.999882"
"Ricaurte/kennedy/velodromo/Molinopamba/QUINTACHICA","SM5005-3","-2.876543","-78.997437"
"Ricaurte/kennedy/velodromo/Molinopamba/QUINTACHICA","SM5005-4","-2.877766","-78.998667"
"Ricaurte/kennedy/velodromo/Molinopamba/QUINTACHICA","SM5005-5","-2.877322","-78.997677"
"Ricaurte/kennedy/velodromo/Molinopamba/QUINTACHICA","SM5005-6","-2.876719","-78.998505"
"Ricaurte/kennedy/velodromo/Molinopamba/QUINTACHICA","SM5005-7","-2.875627","-78.99703"
"Ricaurte/kennedy/velodromo/Molinopamba/QUINTACHICA","SM5005-8","-2.875657","-78.997902"
"Ricaurte/kennedy/velodromo/Molinopamba/QUINTACHICA","SM5006-1","-2.872729","-79.00112"
"Ricaurte/kennedy/velodromo/Molinopamba/QUINTACHICA","SM5006-2","-2.871971","-79.002024"
"Ricaurte/kennedy/velodromo/Molinopamba/QUINTACHICA","SM5006-3","-2.872777","-78.999693"
"Ricaurte/kennedy/velodromo/Molinopamba/QUINTACHICA","SM5006-4","-2.872994","-78.997661"
"Ricaurte/kennedy/velodromo/Molinopamba/QUINTACHICA","SM5006-5","-2.871919","-78.999"
"Ricaurte/kennedy/velodromo/Molinopamba/QUINTACHICA","SM5006-6","-2.871596","-79.000814"
"Ricaurte/kennedy/velodromo/Molinopamba/QUINTACHICA","SM5006-7","-2.86998","-78.999583"
"Ricaurte/kennedy/velodromo/Molinopamba/QUINTACHICA","SM5006-8","-2.8679091","-78.996838"
"Ricaurte/kennedy/velodromo/Molinopamba/QUINTACHICA","SM5007-1","-2.874045","-79.001333"
"Ricaurte/kennedy/velodromo/Molinopamba/QUINTACHICA","SM5007-2","-2.874794","-79.000206"
"Ricaurte/kennedy/velodromo/Molinopamba/QUINTACHICA","SM5007-3","-2.874142","-79.002157"
"Ricaurte/kennedy/velodromo/Molinopamba/QUINTACHICA","SM5007-4","-2.875281","-79.000004"
"Ricaurte/kennedy/velodromo/Molinopamba/QUINTACHICA","SM5007-5","-2.87345","-79.002683"
"Ricaurte/kennedy/velodromo/Molinopamba/QUINTACHICA","SM5007-6","-2.872751","-79.003285"
"Ricaurte/kennedy/velodromo/Molinopamba/QUINTACHICA","SM5007-7","-2.873996","-79.003325"
"Ricaurte/kennedy/velodromo/Molinopamba/QUINTACHICA","SM5007-8","-2.873151","-79.004213"
"Ricaurte/kennedy/velodromo/Molinopamba/QUINTACHICA","SM5008-1","-2.868846","-79.003679"
"Ricaurte/kennedy/velodromo/Molinopamba/QUINTACHICA","SM5008-2","-2.867738","-79.003879"
"Ricaurte/kennedy/velodromo/Molinopamba/QUINTACHICA","SM5008-3","-2.869547","-79.001911"
"Ricaurte/kennedy/velodromo/Molinopamba/QUINTACHICA","SM5008-4","-2.868772","-79.005216"
"Ricaurte/kennedy/velodromo/Molinopamba/QUINTACHICA","SM5008-5","-2.870178","-79.003993"
"Ricaurte/kennedy/velodromo/Molinopamba/QUINTACHICA","SM5008-6","-2.871355","-79.004143"
"Ricaurte/kennedy/velodromo/Molinopamba/QUINTACHICA","SM5008-7","-2.869531","-79.005472"
"Ricaurte/kennedy/velodromo/Molinopamba/QUINTACHICA","SM5008-8","-2.870353","-79.006533"
"Ricaurte/kennedy/velodromo/Molinopamba/QUINTACHICA","SM5009-1","-2.86656","-79.0041"
"Ricaurte/kennedy/velodromo/Molinopamba/QUINTACHICA","SM5009-2","-2.866878","-79.002674"
"Ricaurte/kennedy/velodromo/Molinopamba/QUINTACHICA","SM5009-3","-2.868181","-79.002558"
"Ricaurte/kennedy/velodromo/Molinopamba/QUINTACHICA","SM5009-4","-2.868069","-79.00083"
"Ricaurte/kennedy/velodromo/Molinopamba/QUINTACHICA","SM5009-5","-2.868372","-78.998989"
"Ricaurte/kennedy/velodromo/Molinopamba/QUINTACHICA","SM5009-6","-2.865836","-79.004826"
"Ricaurte/kennedy/velodromo/Molinopamba/QUINTACHICA","SM5009-7","-2.866934","-79.005884"
"Ricaurte/kennedy/velodromo/Molinopamba/QUINTACHICA","SM5009-8","-2.864847","-79.004415"
"Ricaurte/kennedy/velodromo/Molinopamba/QUINTACHICA","SM5010-1","-2.867769","-79.005532"
"Ricaurte/kennedy/velodromo/Molinopamba/QUINTACHICA","SM5010-2","-2.868373","-79.007102"
"Ricaurte/kennedy/velodromo/Molinopamba/QUINTACHICA","SM5010-3","-2.867714","-79.009005"
"Ricaurte/kennedy/velodromo/Molinopamba/QUINTACHICA","SM5010-4","-2.86915","-79.009846"
"Ricaurte/kennedy/velodromo/Molinopamba/QUINTACHICA","SM5010-5","-2.869013","-79.00814"
"Ricaurte/kennedy/velodromo/Molinopamba/QUINTACHICA","SM5010-6","-2.870639","-79.008494"
"Ricaurte/kennedy/velodromo/Molinopamba/QUINTACHICA","SM5010-7","-2.869166","-79.011321"
"Ricaurte/kennedy/velodromo/Molinopamba/QUINTACHICA","SM5010-8","-2.867028","-79.01209"
"Ricaurte/kennedy/velodromo/Molinopamba/QUINTACHICA","SM5011-1","-2.866403","-79.006545"
"Ricaurte/kennedy/velodromo/Molinopamba/QUINTACHICA","SM5011-2","-2.86495","-79.006412"
"Ricaurte/kennedy/velodromo/Molinopamba/QUINTACHICA","SM5011-3","-2.86629","-79.007841"
"Ricaurte/kennedy/velodromo/Molinopamba/QUINTACHICA","SM5011-4","-2.86568","-79.008588"
"Ricaurte/kennedy/velodromo/Molinopamba/QUINTACHICA","SM5011-5","-2.864944","-79.007611"
"Ricaurte/kennedy/velodromo/Molinopamba/QUINTACHICA","SM5011-6","-2.864985","-79.008573"
"Ricaurte/kennedy/velodromo/Molinopamba/QUINTACHICA","SM5011-7","-2.865272","-79.009737"
"Ricaurte/kennedy/velodromo/Molinopamba/QUINTACHICA","SM5011-8","-2.8641","-79.009657"
"Ricaurte/kennedy/velodromo/Molinopamba/QUINTACHICA","SM5012-1","-2.863796","-79.007514"
"Ricaurte/kennedy/velodromo/Molinopamba/QUINTACHICA","SM5012-2","-2.863427","-79.008167"
"Ricaurte/kennedy/velodromo/Molinopamba/QUINTACHICA","SM5012-3","-2.864323","-79.005659"
"Ricaurte/kennedy/velodromo/Molinopamba/QUINTACHICA","SM5012-4","-2.861799","-79.008435"
"Ricaurte/kennedy/velodromo/Molinopamba/QUINTACHICA","SM5012-5","-2.862529","-79.009762"
"Ricaurte/kennedy/velodromo/Molinopamba/QUINTACHICA","SM5012-6","-2.860598","-79.010376"
"Ricaurte/kennedy/velodromo/Molinopamba/QUINTACHICA","SM5012-7","-2.860749","-79.011916"
"Ricaurte/kennedy/velodromo/Molinopamba/QUINTACHICA","SM5012-8","-2.860158","-79.014029"
"Ricaurte/kennedy/velodromo/Molinopamba/QUINTACHICA","SM5013-1","-2.862205","-79.007208"
"Ricaurte/kennedy/velodromo/Molinopamba/QUINTACHICA","SM5013-2","-2.861281","-79.007013"
"Ricaurte/kennedy/velodromo/Molinopamba/QUINTACHICA","SM5013-3","-2.862355","-79.005546"
"Ricaurte/kennedy/velodromo/Molinopamba/QUINTACHICA","SM5013-4","-2.862362","-79.00316"
"Ricaurte/kennedy/velodromo/Molinopamba/QUINTACHICA","SM5013-5","-2.863217","-79.004257"
"Ricaurte/kennedy/velodromo/Molinopamba/QUINTACHICA","SM5013-6","-2.863653","-79.001858"
"Ricaurte/kennedy/velodromo/Molinopamba/QUINTACHICA","SM5013-7","-2.86135","-79.00596"
"Ricaurte/kennedy/velodromo/Molinopamba/QUINTACHICA","SM5013-8","-2.859818","-79.005278"
"Ricaurte/kennedy/velodromo/Molinopamba/QUINTACHICA","SM5014-1","-2.859098","-79.003156"
"Ricaurte/kennedy/velodromo/Molinopamba/QUINTACHICA","SM5014-2","-2.859298","-79.000753"
"Ricaurte/kennedy/velodromo/Molinopamba/QUINTACHICA","SM5014-3","-2.857098","-79.001352"
"Ricaurte/kennedy/velodromo/Molinopamba/QUINTACHICA","SM5014-4","-2.85348","-79.001917"
"Ricaurte/kennedy/velodromo/Molinopamba/QUINTACHICA","SM5014-5","-2.861188","-78.997573"
"Ricaurte/kennedy/velodromo/Molinopamba/QUINTACHICA","SM5014-6","-2.858005","-79.0077"
"Ricaurte/kennedy/velodromo/Molinopamba/QUINTACHICA","SM5014-7","-2.855916","-79.009838"
"Ricaurte/kennedy/velodromo/Molinopamba/QUINTACHICA","SM5014-8","-2.856477","-79.006568"
"Ricaurte/kennedy/velodromo/Molinopamba/QUINTACHICA","SM015806-4","-2.867899","-78.915308"
"Ricaurte/kennedy/velodromo/Molinopamba/QUINTACHICA","SM015806-3","-2.869239","-78.915299"
"Ricaurte/kennedy/velodromo/Molinopamba/QUINTACHICA","SM015806-2","-2.869915","-78.915674"
"Ricaurte/kennedy/velodromo/Molinopamba/QUINTACHICA","SM015806-1","-2.871402","-78.912614"
"Ricaurte/kennedy/velodromo/Molinopamba/QUINTACHICA","SM015806-5","-2.867636","-78.913776"
"Ricaurte/kennedy/velodromo/Molinopamba/QUINTACHICA","SM0817-1","-2.844363","-78.925555"
"Ricaurte/kennedy/velodromo/Molinopamba/QUINTACHICA","SM0817-2","-2.847026","-78.924301"
"Ricaurte/kennedy/velodromo/Molinopamba/QUINTACHICA","SM0817-3","-2.848417","-78.922884"
"Ricaurte/kennedy/velodromo/Molinopamba/QUINTACHICA","SM0817-4","-2.843604","-78.928558"
"Ricaurte/kennedy/velodromo/Molinopamba/QUINTACHICA","SM0817-5","-2.851254","-78.923009"
"Ricaurte/kennedy/velodromo/Molinopamba/QUINTACHICA","SM0817-6","-2.850823","-78.924996"
"Ricaurte/kennedy/velodromo/Molinopamba/QUINTACHICA","SM015809-4","-2.868356","-78.903523"
"Ricaurte/kennedy/velodromo/Molinopamba/QUINTACHICA","SM015809-3","-2.866222","-78.903157"
"Ricaurte/kennedy/velodromo/Molinopamba/QUINTACHICA","SM015809-2","-2.866271","-78.904729"
"Ricaurte/kennedy/velodromo/Molinopamba/QUINTACHICA","SM015809-1","-2.865078","-78.906427"
"Ricaurte/kennedy/velodromo/Molinopamba/QUINTACHICA","SM015809-5","-2.869772","-78.911022"
"Ricaurte/kennedy/velodromo/Molinopamba/QUINTACHICA","SM0813-2","-2.845653","-78.934072"
"Ricaurte/kennedy/velodromo/Molinopamba/QUINTACHICA","SM0813-1","-2.853158","-78.930817"
"Ricaurte/kennedy/velodromo/Molinopamba/QUINTACHICA","SM015807-2","-2.851585","-78.89759"
"Ricaurte/kennedy/velodromo/Molinopamba/QUINTACHICA","SM01507-1","-2.853014","-78.894598"
"Ricaurte/kennedy/velodromo/Molinopamba/QUINTACHICA","SM0817-7","-2.855392","-78.928575"
"Ricaurte/kennedy/velodromo/Molinopamba/QUINTACHICA","SM6006-1","-2.88954","-78.954799"
"Ricaurte/kennedy/velodromo/Molinopamba/QUINTACHICA","SM0818-2","-2.859827","-78.935126"
"Ricaurte/kennedy/velodromo/Molinopamba/QUINTACHICA","SM0813-1","-2.851921","-78.932422"
"Ricaurte/kennedy/velodromo/Molinopamba/QUINTACHICA","SM015809-6","-2.873357","-78.914588"
"Ricaurte/kennedy/velodromo/Molinopamba/QUINTACHICA","SM5424-6","-2.846028","-78.982546"
"Ricaurte/kennedy/velodromo/Molinopamba/QUINTACHICA","SM5424-1","-2.845241","-78.983946"
"Ricaurte/kennedy/velodromo/Molinopamba/QUINTACHICA","SM5424-2","-2.844838","-78.984069"
"Ricaurte/kennedy/velodromo/Molinopamba/QUINTACHICA","SM5424-3","-2.844638","-78.98413"
"Ricaurte/kennedy/velodromo/Molinopamba/QUINTACHICA","SM5424-4","-2.846358","-78.9844"
"Ricaurte/kennedy/velodromo/Molinopamba/QUINTACHICA","SM5424-5","-2.847003","-78.984433"
"Ricaurte/kennedy/velodromo/Molinopamba/QUINTACHICA","SM6006-3","-2.890291","-78.951246"
"Ricaurte/kennedy/velodromo/Molinopamba/QUINTACHICA","SM0819-5","-2.8470011","-78.9090144"
"Ricaurte/kennedy/velodromo/Molinopamba/QUINTACHICA","SM5203-3","-2.886082","-78.963924"
"Ricaurte/kennedy/velodromo/Molinopamba/QUINTACHICA","SM5203-2","-2.886636","-78.962779"
"Ricaurte/kennedy/velodromo/Molinopamba/QUINTACHICA","SM5203-1","-2.885908","-78.962815"
"Ricaurte/kennedy/velodromo/Molinopamba/QUINTACHICA","SM5203-4","-2.886755","-78.962197"
"Ricaurte/kennedy/velodromo/Molinopamba/QUINTACHICA","SM5203-5","-2.886648","-78.96131"
"Ricaurte/kennedy/velodromo/Molinopamba/QUINTACHICA","SM5203-6","-2.885937","-78.961173"
"Ricaurte/kennedy/velodromo/Molinopamba/QUINTACHICA","SM5203-7","-2.886049","-78.960408"
"Ricaurte/kennedy/velodromo/Molinopamba/QUINTACHICA","SM5203-8","-2.886891","-78.959888"
"Ricaurte/kennedy/velodromo/Molinopamba/QUINTACHICA","SM5206-1","-2.884169","-78.968597"
"Ricaurte/kennedy/velodromo/Molinopamba/QUINTACHICA","SM5206-2","-2.884861","-78.968404"
"Ricaurte/kennedy/velodromo/Molinopamba/QUINTACHICA","SM5206-3","-2.885276","-78.968217"
"Ricaurte/kennedy/velodromo/Molinopamba/QUINTACHICA","SM5206-4","-2.885732","-78.968586"
"Ricaurte/kennedy/velodromo/Molinopamba/QUINTACHICA","SM5206-5","-2.883957","-78.969679"
"Ricaurte/kennedy/velodromo/Molinopamba/QUINTACHICA","SM5206-6","-2.884545","-78.969823"
"Ricaurte/kennedy/velodromo/Molinopamba/QUINTACHICA","SM5206-7","-2.884915","-78.969674"
"Ricaurte/kennedy/velodromo/Molinopamba/QUINTACHICA","SM5206-8","-2.884754","-78.969126"
"Ricaurte/kennedy/velodromo/Molinopamba/QUINTACHICA","SM5205-1","-2.884211","-78.967833"
"Ricaurte/kennedy/velodromo/Molinopamba/QUINTACHICA","SM5205-3","-2.885041","-78.967698"
"Ricaurte/kennedy/velodromo/Molinopamba/QUINTACHICA","SM5205-4","-2.885857","-78.967787"
"Ricaurte/kennedy/velodromo/Molinopamba/QUINTACHICA","SM5205-2","-2.884072","-78.967208"
"Ricaurte/kennedy/velodromo/Molinopamba/QUINTACHICA","SM5205-5","-2.885088","-78.967075"
"Ricaurte/kennedy/velodromo/Molinopamba/QUINTACHICA","SM5205-6","-2.886316","-78.96683"
"Ricaurte/kennedy/velodromo/Molinopamba/QUINTACHICA","SM5205-7","-2.887306","-78.966211"
"Ricaurte/kennedy/velodromo/Molinopamba/QUINTACHICA","SM5204-5","-2.88648","-78.965333"
"Ricaurte/kennedy/velodromo/Molinopamba/QUINTACHICA","SM5204-4","-2.884708","-78.965577"
"Ricaurte/kennedy/velodromo/Molinopamba/QUINTACHICA","SM5204-1","-2.883731","-78.966562"
"Ricaurte/kennedy/velodromo/Molinopamba/QUINTACHICA","SM5204-2","-2.885212","-78.96645"
"Ricaurte/kennedy/velodromo/Molinopamba/QUINTACHICA","SM5204-3","-2.886279","-78.966314"
"Ricaurte/kennedy/velodromo/Molinopamba/QUINTACHICA","SM5201-1","-2.888763","-78.963143"
"Ricaurte/kennedy/velodromo/Molinopamba/QUINTACHICA","SM5201-2","-2.88864","-78.964478"
"Ricaurte/kennedy/velodromo/Molinopamba/QUINTACHICA","SM5201-3","-2.887933","-78.962031"
"Ricaurte/kennedy/velodromo/Molinopamba/QUINTACHICA","SM5201-4","-2.887532","-78.96149"
"Ricaurte/kennedy/velodromo/Molinopamba/QUINTACHICA","SM5201-5","-2.888644","-78.962299"
"Ricaurte/kennedy/velodromo/Molinopamba/QUINTACHICA","SM5201-6","-2.887589","-78.960962"
"Ricaurte/kennedy/velodromo/Molinopamba/QUINTACHICA","SM5202-1","-2.887013","-78.962701"
"Ricaurte/kennedy/velodromo/Molinopamba/QUINTACHICA","SM5202-2","-2.887146","-78.963571"
"Ricaurte/kennedy/velodromo/Molinopamba/QUINTACHICA","SM5202-3","-2.886895","-78.964941"
"Ricaurte/kennedy/velodromo/Molinopamba/QUINTACHICA","SM5202-4","-2.887956","-78.963979"
"Ricaurte/kennedy/velodromo/Molinopamba/QUINTACHICA","SM5202-5","-2.887889","-78.965309"
"Ricaurte/kennedy/velodromo/Molinopamba/QUINTACHICA","SM5202.6","-2.887489","-78.966867"
"Ricaurte/kennedy/velodromo/Molinopamba/QUINTACHICA","SM0802-2","-2.880262","-78.965208"
"Ricaurte/kennedy/velodromo/Molinopamba/QUINTACHICA","SM0802-1","-2.878206","-78.962351"
"Ricaurte/kennedy/velodromo/Molinopamba/QUINTACHICA","SM0801-5","-2.881272","-78.964802"
"Ricaurte/kennedy/velodromo/Molinopamba/QUINTACHICA","SM0801-1","-2.882072","-78.962254"
"Ricaurte/kennedy/velodromo/Molinopamba/QUINTACHICA","SM0801-3","-2.881138","-78.963105"
"Ricaurte/kennedy/velodromo/Molinopamba/QUINTACHICA","SM0801-2","-2.881377","-78.961864"
"Ricaurte/kennedy/velodromo/Molinopamba/QUINTACHICA","SM0801-4","-2.881607","-78.96391"
"Ricaurte/kennedy/velodromo/Molinopamba/QUINTACHICA","SM0801-1","-2.881656","-78.963822"
"Ricaurte/kennedy/velodromo/Molinopamba/QUINTACHICA","SM0801-5","-2.881313","-78.964749"
"Ricaurte/kennedy/velodromo/Molinopamba/QUINTACHICA","SM0801-4","-2.88214","-78.962227"
"Ricaurte/kennedy/velodromo/Molinopamba/QUINTACHICA","CAJA DEPARTAMENTOS","-2.880557","-78.964098"
"Ricaurte/kennedy/velodromo/Molinopamba/QUINTACHICA","SM0803-1","-2.87961","-78.952762"
"Ricaurte/kennedy/velodromo/Molinopamba/QUINTACHICA","SM0803-2","-2.881845","-78.954714"
"Ricaurte/kennedy/velodromo/Molinopamba/QUINTACHICA","SM0803-3","-2.879135","-78.954805"
"Ricaurte/kennedy/velodromo/Molinopamba/QUINTACHICA","SM0803-4","-2.877353","-78.956889"
"Ricaurte/kennedy/velodromo/Molinopamba/QUINTACHICA","SM0803-5","-2.87934","-78.956344"
"Ricaurte/kennedy/velodromo/Molinopamba/QUINTACHICA","SM0803-6","-2.879958","-78.95872"
"Ricaurte/kennedy/velodromo/Molinopamba/QUINTACHICA","SM0803-7","-2.880013","-78.959827"
"Ricaurte/kennedy/velodromo/Molinopamba/QUINTACHICA","SM0803-8","-2.879338","-78.961466"
"Ricaurte/kennedy/velodromo/Molinopamba/QUINTACHICA","SM0802-6","-2.880262","-78.965208"
"Ricaurte/kennedy/velodromo/Molinopamba/QUINTACHICA","SM0802-1","-2.878206","-78.962351"
"Ricaurte/kennedy/velodromo/Molinopamba/QUINTACHICA","SM0802-4","-2.882014","-78.96084"
"Ricaurte/kennedy/velodromo/Molinopamba/QUINTACHICA","SM0802-5","-2.883294","-78.957392"
"Ricaurte/kennedy/velodromo/Molinopamba/QUINTACHICA","SM0802-3","-2.880118","-78.963678"
"Ricaurte/kennedy/velodromo/Molinopamba/QUINTACHICA","SM0802-7","-2.876982","-78.962721"
"Ricaurte/kennedy/velodromo/Molinopamba/QUINTACHICA","SM0802-8","-2.879998","-78.963667"
"Ricaurte/kennedy/velodromo/Molinopamba/QUINTACHICA","SM6213-1","-2.854379","-78.9709"
"Ricaurte/kennedy/velodromo/Molinopamba/QUINTACHICA","SM6213-2","-2.853203","-78.973116"
"Ricaurte/kennedy/velodromo/Molinopamba/QUINTACHICA","SM6213-3","-2.847654","-78.971684"
"Ricaurte/kennedy/velodromo/Molinopamba/QUINTACHICA","SM6213-4","-2.851235","-78.974014"
"Ricaurte/kennedy/velodromo/Molinopamba/QUINTACHICA","SM6213-5","-2.84492","-78.972026"
"Ricaurte/kennedy/velodromo/Molinopamba/QUINTACHICA","SM6213-6","-2.844022","-78.97179"
"Ricaurte/kennedy/velodromo/Molinopamba/QUINTACHICA","SM6213-7","-2.841636","-78.974232"
"Ricaurte/kennedy/velodromo/Molinopamba/QUINTACHICA","SM6213-8","-2.840998","-78.970512"
"Ricaurte/kennedy/velodromo/Molinopamba/QUINTACHICA","SM6216-1","-2.868135","-78.970788"
"Ricaurte/kennedy/velodromo/Molinopamba/QUINTACHICA","SM6216-2","-2.871689","-78.972279"
"Ricaurte/kennedy/velodromo/Molinopamba/QUINTACHICA","SM6216-5","-2.87148","-78.972932"
"Ricaurte/kennedy/velodromo/Molinopamba/QUINTACHICA","SM6216-4","-2.87036","-78.974059"
"Ricaurte/kennedy/velodromo/Molinopamba/QUINTACHICA","SM6216-3","-2.867652","-78.972551"
"Ricaurte/kennedy/velodromo/Molinopamba/QUINTACHICA","SM6216-6","-2.87145","-78.974063"
"Ricaurte/kennedy/velodromo/Molinopamba/QUINTACHICA","SM6214-1","-2.860885","-78.975787"
"Ricaurte/kennedy/velodromo/Molinopamba/QUINTACHICA","SM6214-5","-2.862258","-78.977391"
"Ricaurte/kennedy/velodromo/Molinopamba/QUINTACHICA","SM6214-2","-2.860333","-78.978198"
"Ricaurte/kennedy/velodromo/Molinopamba/QUINTACHICA","SM6214-3","-2.856889","-78.979662"
"Ricaurte/kennedy/velodromo/Molinopamba/QUINTACHICA","SM6214-4","-2.85573","-78.976546"
"Ricaurte/kennedy/velodromo/Molinopamba/QUINTACHICA","SM6214-6","-2.866638","-78.975773"
"Ricaurte/kennedy/velodromo/Molinopamba/QUINTACHICA","SM6214-7","-2.868494","-78.975147"
"Ricaurte/kennedy/velodromo/Molinopamba/QUINTACHICA","SMP6215","-2.861023","-78.974103"
"Ricaurte/kennedy/velodromo/Molinopamba/QUINTACHICA","SM6215-1","-2.860309","-78.974245"
"Ricaurte/kennedy/velodromo/Molinopamba/QUINTACHICA","SM6215-8","-2.861451","-78.969092"
"Ricaurte/kennedy/velodromo/Molinopamba/QUINTACHICA","SM6215-2","-2.857963","-78.974495"
"Ricaurte/kennedy/velodromo/Molinopamba/QUINTACHICA","SM6215-3","-2.855205","-78.975161"
"Ricaurte/kennedy/velodromo/Molinopamba/QUINTACHICA","SM6215-4","-2.859069","-78.973311"
"Ricaurte/kennedy/velodromo/Molinopamba/QUINTACHICA","SM6215-5","-2.855746","-78.973349"
"Ricaurte/kennedy/velodromo/Molinopamba/QUINTACHICA","SM6215-6","-2.85988","-78.971585"
"Ricaurte/kennedy/velodromo/Molinopamba/QUINTACHICA","SM6215-7","-2.859099","-78.96997"
"Ricaurte/kennedy/velodromo/Molinopamba/QUINTACHICA","SM0802-1","-2.868325","-78.976294"
"Ricaurte/kennedy/velodromo/Molinopamba/QUINTACHICA","SM0802-2","-2.869397","-78.975787"
"Ricaurte/kennedy/velodromo/Molinopamba/QUINTACHICA","SM0802-4","-2.866164","-78.977888"
"Ricaurte/kennedy/velodromo/Molinopamba/QUINTACHICA","SM0801-2","-2.862641","-78.980061"
"Ricaurte/kennedy/velodromo/Molinopamba/QUINTACHICA","SM0801-3","-2.860708","-78.980651"
"Ricaurte/kennedy/velodromo/Molinopamba/QUINTACHICA","SM0801-4","-2.859958","-78.980727"
"Ricaurte/kennedy/velodromo/Molinopamba/QUINTACHICA","SM0802-3","-2.867091","-78.977315"
"Ricaurte/kennedy/velodromo/Molinopamba/QUINTACHICA","SM0801-1","-2.862442","-78.980222"
"Ricaurte/kennedy/velodromo/Molinopamba/QUINTACHICA","SM0801-8","-2.863736","-78.979253"
"Ricaurte/kennedy/velodromo/Molinopamba/QUINTACHICA","SM6209-1","-2.877251","-78.965748"
"Ricaurte/kennedy/velodromo/Molinopamba/QUINTACHICA","SM6209-4","-2.875014","-78.968783"
"Ricaurte/kennedy/velodromo/Molinopamba/QUINTACHICA","SM6209-3","-2.874257","-78.967311"
"Ricaurte/kennedy/velodromo/Molinopamba/QUINTACHICA","SM6209-2","-2.875275","-78.965586"
"Ricaurte/kennedy/velodromo/Molinopamba/QUINTACHICA","SM6201-4","-2.86328","-78.965373"
"Ricaurte/kennedy/velodromo/Molinopamba/QUINTACHICA","SM6201-1","-2.86506","-78.967545"
"Ricaurte/kennedy/velodromo/Molinopamba/QUINTACHICA","SM6201-2","-2.863502","-78.966788"
"Ricaurte/kennedy/velodromo/Molinopamba/QUINTACHICA","SM6201-3","-2.864705","-78.964685"
"Ricaurte/kennedy/velodromo/Molinopamba/QUINTACHICA","SM6202-4","-2.860715","-78.963273"
"Ricaurte/kennedy/velodromo/Molinopamba/QUINTACHICA","SM6202-1","-2.865443","-78.962537"
"Ricaurte/kennedy/velodromo/Molinopamba/QUINTACHICA","SM6202-3","-2.86277","-78.963966"
"Ricaurte/kennedy/velodromo/Molinopamba/QUINTACHICA","SM6202-2","-2.864583","-78.962659"
"Ricaurte/kennedy/velodromo/Molinopamba/QUINTACHICA","SM6203-1","-2.863425","-78.958598"
"Ricaurte/kennedy/velodromo/Molinopamba/QUINTACHICA","SM6203-4","-2.857931","-78.962582"
"Ricaurte/kennedy/velodromo/Molinopamba/QUINTACHICA","SM6203-3","-2.859968","-78.962097"
"Ricaurte/kennedy/velodromo/Molinopamba/QUINTACHICA","SM6203-2","-2.862524","-78.959986"
"Ricaurte/kennedy/velodromo/Molinopamba/QUINTACHICA","SM6204-3","-2.862485","-78.968568"
"Ricaurte/kennedy/velodromo/Molinopamba/QUINTACHICA","SM6204-4","-2.859785","-78.96547"
"Ricaurte/kennedy/velodromo/Molinopamba/QUINTACHICA","SM6204-2","-2.861978","-78.967275"
"Ricaurte/kennedy/velodromo/Molinopamba/QUINTACHICA","SM6204-1","-2.862006","-78.965501"
"Ricaurte/kennedy/velodromo/Molinopamba/QUINTACHICA","SM6205-1","-2.864401","-78.968618"
"Ricaurte/kennedy/velodromo/Molinopamba/QUINTACHICA","SM6205-2","-2.866008","-78.971397"
"Ricaurte/kennedy/velodromo/Molinopamba/QUINTACHICA","SM6205-3","-2.86355","-78.972106"
"Ricaurte/kennedy/velodromo/Molinopamba/QUINTACHICA","SM6205-4","-2.861173","-78.972808"
"Ricaurte/kennedy/velodromo/Molinopamba/QUINTACHICA","SM6206-3","-2.870547","-78.968241"
"Ricaurte/kennedy/velodromo/Molinopamba/QUINTACHICA","SM6206-1","-2.86942","-78.964771"
"Ricaurte/kennedy/velodromo/Molinopamba/QUINTACHICA","SM6206-4","-2.872645","-78.967416"
"Ricaurte/kennedy/velodromo/Molinopamba/QUINTACHICA","SM6206-2","-2.86979","-78.965945"
"Ricaurte/kennedy/velodromo/Molinopamba/QUINTACHICA","SMP6208","-2.871383","-78.96295"
"Ricaurte/kennedy/velodromo/Molinopamba/QUINTACHICA","SM6207-1","-2.871418","-78.966004"
"Ricaurte/kennedy/velodromo/Molinopamba/QUINTACHICA","SM6207-2","-2.873072","-78.966225"
"Ricaurte/kennedy/velodromo/Molinopamba/QUINTACHICA","SM6207-4","-2.876852","-78.966342"
"Ricaurte/kennedy/velodromo/Molinopamba/QUINTACHICA","SM6207-3","-2.875236","-78.966307"
"Ricaurte/kennedy/velodromo/Molinopamba/QUINTACHICA","SM6208-4","-2.87556","-78.959042"
"Ricaurte/kennedy/velodromo/Molinopamba/QUINTACHICA","SM6208-2","-2.872921","-78.964276"
"Ricaurte/kennedy/velodromo/Molinopamba/QUINTACHICA","SM6208-3","-2.868258","-78.961935"
"Ricaurte/kennedy/velodromo/Molinopamba/QUINTACHICA","SM6208-1","-2.871124","-78.963194"
"Ricaurte/kennedy/velodromo/Molinopamba/QUINTACHICA","SM6230-2","-2.870983","-78.963227"
"Ricaurte/kennedy/velodromo/Molinopamba/QUINTACHICA","SM6230-1","-2.870242","-78.964036"
"Ricaurte/kennedy/velodromo/Molinopamba/QUINTACHICA","SM1304-1","-2.886307","-78.971406"
"Ricaurte/kennedy/velodromo/Molinopamba/QUINTACHICA","SM1304-2","-2.887409","-78.970916"
"Ricaurte/kennedy/velodromo/Molinopamba/QUINTACHICA","SM1304-3","-2.889444","-78.970037"
"Ricaurte/kennedy/velodromo/Molinopamba/QUINTACHICA","SM1304-4  SI caja llena","-2.890218","-78.969348"
"Ricaurte/kennedy/velodromo/Molinopamba/QUINTACHICA","4SMP1301","-2.889273","-78.974781"
"Ricaurte/kennedy/velodromo/Molinopamba/QUINTACHICA","SM1301-4","-2.886589","-78.974299"
"Ricaurte/kennedy/velodromo/Molinopamba/QUINTACHICA","SM1301-3","-2.888026","-78.97539"
"Ricaurte/kennedy/velodromo/Molinopamba/QUINTACHICA","SM1301-2","-2.887801","-78.973089"
"Ricaurte/kennedy/velodromo/Molinopamba/QUINTACHICA","SM1301-1","-2.888828","-78.974217"
"Ricaurte/kennedy/velodromo/Molinopamba/QUINTACHICA","SM1302-1","-2.891278","-78.974914"
"Ricaurte/kennedy/velodromo/Molinopamba/QUINTACHICA","SM1302-2","-2.890535","-78.973638"
"Ricaurte/kennedy/velodromo/Molinopamba/QUINTACHICA","SM1302-4","-2.888688","-78.97163"
"Ricaurte/kennedy/velodromo/Molinopamba/QUINTACHICA","SM1302-3","-2.889468","-78.972984"
"Ricaurte/kennedy/velodromo/Molinopamba/QUINTACHICA","SM1303-4","-2.886842","-78.978535"
"Ricaurte/kennedy/velodromo/Molinopamba/QUINTACHICA","SM1303-3","-2.885578","-78.97698"
"Ricaurte/kennedy/velodromo/Molinopamba/QUINTACHICA","SM1303-2","-2.887434","-78.977499"
"Ricaurte/kennedy/velodromo/Molinopamba/QUINTACHICA","SM1303-1","-2.886595","-78.97617"
"Ricaurte/kennedy/velodromo/Molinopamba/QUINTACHICA","SM6210-1","-2.868843","-78.958859"
"Ricaurte/kennedy/velodromo/Molinopamba/QUINTACHICA","SM6210-2","-2.871678","-78.960048"
"Ricaurte/kennedy/velodromo/Molinopamba/QUINTACHICA","SM6210-3","-2.86732","-78.95725"
"Ricaurte/kennedy/velodromo/Molinopamba/QUINTACHICA","SM6210-4","-2.86705","-78.955596"
"Ricaurte/kennedy/velodromo/Molinopamba/QUINTACHICA","SM6210-5","-2.864648","-78.952042"
"Ricaurte/kennedy/velodromo/Molinopamba/QUINTACHICA","SM6210-6","-2.866183","-78.952753"
"Ricaurte/kennedy/velodromo/Molinopamba/QUINTACHICA","SM6210-7","-2.867818","-78.951375"
"Ricaurte/kennedy/velodromo/Molinopamba/QUINTACHICA","SM6210-8","-2.869853","-78.954226"
"Ricaurte/kennedy/velodromo/Molinopamba/QUINTACHICA","SM6211-1","-2.873279","-78.954397"
"Ricaurte/kennedy/velodromo/Molinopamba/QUINTACHICA","SM6211-2","-2.871955","-78.955491"
"Ricaurte/kennedy/velodromo/Molinopamba/QUINTACHICA","SM6211-3","-2.873885","-78.955585"
"Ricaurte/kennedy/velodromo/Molinopamba/QUINTACHICA","SM6211-4","-2.869747","-78.957525"
"Ricaurte/kennedy/velodromo/Molinopamba/QUINTACHICA","SM6211-5","-2.874887","-78.954853"
"Ricaurte/kennedy/velodromo/Molinopamba/QUINTACHICA","SM6211-6","-2.875491","-78.953695"
"Ricaurte/kennedy/velodromo/Molinopamba/QUINTACHICA","SM6211-7","-2.872743","-78.952975"
"Ricaurte/kennedy/velodromo/Molinopamba/QUINTACHICA","SM6211-8","-2.871285","-78.953207"
"Ricaurte/kennedy/velodromo/Molinopamba/QUINTACHICA","SM6212-1","-2.875164","-78.950964"
"Ricaurte/kennedy/velodromo/Molinopamba/QUINTACHICA","SM6212-2","-2.875337","-78.950703"
"Ricaurte/kennedy/velodromo/Molinopamba/QUINTACHICA","SM6212-3","-2.877339","-78.945328"
"Ricaurte/kennedy/velodromo/Molinopamba/QUINTACHICA","SM6212-4  CAJA NO ACTIVA","-2.879263","-78.945914"
"Ricaurte/kennedy/velodromo/Molinopamba/QUINTACHICA","SM6203-5","-2.855596","-78.962044"
"Ricaurte/kennedy/velodromo/Molinopamba/QUINTACHICA","SM6203-6 Ext2","-2.8527714","-78.9523624"
"Ricaurte/kennedy/velodromo/Molinopamba/QUINTACHICA","SM6203-7","-2.851069","-78.958683"
"Ricaurte/kennedy/velodromo/Molinopamba/QUINTACHICA","SM1301-5","-2.887109","-78.975726"
"Ricaurte/kennedy/velodromo/Molinopamba/QUINTACHICA","SM1303-6","-2.886838","-78.977415"
"Ricaurte/kennedy/velodromo/Molinopamba/QUINTACHICA","SM1303-6","-2.886372","-78.977994"
"Ricaurte/kennedy/velodromo/Molinopamba/QUINTACHICA","SM1303-5","-2.888143","-78.978227"
"Ricaurte/kennedy/velodromo/Molinopamba/QUINTACHICA","SM1303-7","-2.888207","-78.976894"
"Ricaurte/kennedy/velodromo/Molinopamba/QUINTACHICA","SM5201-6ext","-2.888716","-78.959617"
"Ricaurte/kennedy/velodromo/Molinopamba/QUINTACHICA","SM62112-4","-2.874689","-78.948008"
"Ricaurte/kennedy/velodromo/Molinopamba/QUINTACHICA","EXT.  SM6213-8","-2.838421","-78.970739"
"Ricaurte/kennedy/velodromo/Molinopamba/QUINTACHICA","SM100L1-2","-2.846891","-78.99012"
"Ricaurte/kennedy/velodromo/Molinopamba/QUINTACHICA","SM0801-1 Ext 1","-2.86215","-78.979591"
"Ricaurte/kennedy/velodromo/Molinopamba/QUINTACHICA","SM0801-1 Ext 2","-2.862339","-78.979508"
"Ricaurte/kennedy/velodromo/Molinopamba/QUINTACHICA","SM6214-8","-2.871589","-78.959967"
"Ricaurte/kennedy/velodromo/Molinopamba/QUINTACHICA","SM6004-5","-2.8780792","-78.9343242"
"Ricaurte/kennedy/velodromo/Molinopamba/QUINTACHICA","SM6203-6 Ext1","-2.8545282","-78.9563287"
"EL VALLE -04-16-2024","D01R01N01","-2.924146","-78.978195"
"EL VALLE -04-16-2024","D06R04N18","-2.942607","-78.934985"
"EL VALLE -04-16-2024","D06R04N17","-2.944688","-78.93726"
"EL VALLE -04-16-2024","D06R04N13","-2.946913","-78.942771"
"EL VALLE -04-16-2024","D06R04N14","-2.948704","-78.942071"
"EL VALLE -04-16-2024","D06R04N15","-2.95106","-78.94652"
"EL VALLE -04-16-2024","D06R04N16","-2.949367","-78.947419"
"EL VALLE -04-16-2024","D06R04N11","-2.946221","-78.947365"
"EL VALLE -04-16-2024","D06R04N10","-2.943213","-78.947904"
"EL VALLE -04-16-2024","D06R04N09","-2.941998","-78.948979"
"EL VALLE -04-16-2024","D06R04N08","-2.942258","-78.952612"
"EL VALLE -04-16-2024","D06R04N07","-2.943176","-78.954055"
"EL VALLE -04-16-2024","D06R04N12","-2.946205","-78.944014"
"EL VALLE -04-16-2024","D01R01N02","-2.92621","-78.981161"
"EL VALLE -04-16-2024","D01R01N03","-2.927871","-78.982882"
"EL VALLE -04-16-2024","D01R01N04","-2.928728","-78.985388"
"EL VALLE -04-16-2024","D01R01N05","-2.929684","-78.987422"
"EL VALLE -04-16-2024","D01R01N06","-2.930012","-78.989263"
"EL VALLE -04-16-2024","D01R01N07","-2.933103","-78.989496"
"EL VALLE -04-16-2024","D01R01N08","-2.93","-78.9835"
"EL VALLE -04-16-2024","D01R02N01","-2.924482","-78.976845"
"EL VALLE -04-16-2024","D01R02N02","-2.925316","-78.975434"
"EL VALLE -04-16-2024","D01R03N01","-2.922632","-78.978385"
"EL VALLE -04-16-2024","D01R03N02","-2.920613","-78.980054"
"EL VALLE -04-16-2024","D01R03N03","-2.917812","-78.9832"
"EL VALLE -04-16-2024","D02R01N01","-2.92556","-78.976196"
"EL VALLE -04-16-2024","D02R01N02","-2.927142","-78.977698"
"EL VALLE -04-16-2024","D02R01N03","-2.92821","-78.976452"
"EL VALLE -04-16-2024","D02R01N04","-2.929595","-78.977142"
"EL VALLE -04-16-2024","D02R01N05","-2.928495","-78.978817"
"EL VALLE -04-16-2024","D02R01N06","-2.930975","-78.980305"
"EL VALLE -04-16-2024","D02R01N07","-2.933391","-78.981614"
"EL VALLE -04-16-2024","D02R02N01","-2.927225","-78.973449"
"EL VALLE -04-16-2024","D02R02N02","-2.929338","-78.973644"
"EL VALLE -04-16-2024","D03R01N01","-2.933769","-78.974455"
"EL VALLE -04-16-2024","D03R01N02","-2.93447","-78.976038"
"EL VALLE -04-16-2024","D03R01N03","-2.935466","-78.977875"
"EL VALLE -04-16-2024","D03R01N04","-2.934178","-78.977498"
"EL VALLE -04-16-2024","D03R01N05","-2.932346","-78.976741"
"EL VALLE -04-16-2024","D03R01N06","-2.937139","-78.97993"
"EL VALLE -04-16-2024","D03R01N07","-2.939142","-78.981872"
"EL VALLE -04-16-2024","D03R01N08","-2.938783","-78.983482"
"EL VALLE -04-16-2024","D03R01N09","-2.936343","-78.98569"
"EL VALLE -04-16-2024","D03R01N10","-2.940543","-78.982759"
"EL VALLE -04-16-2024","D03R01N11","-2.942288","-78.98474"
"EL VALLE -04-16-2024","D03R01N12","-2.936341","-78.974215"
"EL VALLE -04-16-2024","D03R01N13","-2.940119","-78.972272"
"EL VALLE -04-16-2024","D04R01N01","-2.923224","-78.973865"
"EL VALLE -04-16-2024","D04R01N02","-2.920309","-78.974187"
"EL VALLE -04-16-2024","D04R01N03","-2.918781","-78.977009"
"EL VALLE -04-16-2024","D04R01N04","-2.91839","-78.975553"
"EL VALLE -04-16-2024","D04R01N05","-2.918596","-78.979599"
"EL VALLE -04-16-2024","D04R01N06","-2.917498","-78.977587"
"EL VALLE -04-16-2024","D04R01N07","-2.916829","-78.972534"
"EL VALLE -04-16-2024","D04R01N08","-2.921221","-78.973334"
"EL VALLE -04-16-2024","D04R02N01","-2.925772","-78.973318"
"EL VALLE -04-16-2024","D04R02N02","-2.923128","-78.971111"
"EL VALLE -04-16-2024","D04R02N03","-2.919816","-78.96988"
"EL VALLE -04-16-2024","D04R03N01","-2.924718","-78.97546"
"EL VALLE -04-16-2024","D04R04N01","-2.922939","-78.976219"
"EL VALLE -04-16-2024","D05R01N01","-2.939954","-78.967149"
"EL VALLE -04-16-2024","D05R01N02","-2.935801","-78.968777"
"EL VALLE -04-16-2024","D05R01N03","-2.934006","-78.969888"
"EL VALLE -04-16-2024","D05R01N04","-2.933285","-78.968258"
"EL VALLE -04-16-2024","D05R01N05","-2.931573","-78.967224"
"EL VALLE -04-16-2024","D05R02N01","-2.937197","-78.966446"
"EL VALLE -04-16-2024","D05R02N02","-2.936627","-78.965553"
"EL VALLE -04-16-2024","D05R02N03","-2.934328","-78.965687"
"EL VALLE -04-16-2024","D05R03N01","-2.938581","-78.96587"
"EL VALLE -04-16-2024","D05R03N02","-2.937717","-78.965537"
"EL VALLE -04-16-2024","D05R03N03","-2.93926","-78.96474"
"EL VALLE -04-16-2024","D05R03N04","-2.938203","-78.964182"
"EL VALLE -04-16-2024","D05R03N05","-2.93821","-78.963228"
"EL VALLE -04-16-2024","D05R03N06","-2.936461","-78.96257"
"EL VALLE -04-16-2024","D05R03N07","-2.935946","-78.964261"
"EL VALLE -04-16-2024","D05R03N08","-2.937413","-78.962021"
"EL VALLE -04-16-2024","D05R03N09","-2.937259","-78.96012"
"EL VALLE -04-16-2024","D05R03N10","-2.935284","-78.958402"
"EL VALLE -04-16-2024","D05R03N11","-2.935995","-78.962155"
"EL VALLE -04-16-2024","D05R04N01","-2.942612","-78.972589"
"EL VALLE -04-16-2024","D05R04N02","-2.945464","-78.971495"
"EL VALLE -04-16-2024","D05R04N03","-2.949128","-78.970718"
"EL VALLE -04-16-2024","D05R04N04","-2.944931","-78.974548"
"EL VALLE -04-16-2024","D05R04N05","-2.945321","-78.977537"
"EL VALLE -04-16-2024","D05R04N06","-2.941272","-78.97018"
"EL VALLE -04-16-2024","D060R04N03","-2.945355","-78.960293"
"EL VALLE -04-16-2024","D06R01N01","-2.945376","-78.964695"
"EL VALLE -04-16-2024","D06R01N02","-2.946804","-78.965147"
"EL VALLE -04-16-2024","D06R01N03","-2.949837","-78.967219"
"EL VALLE -04-16-2024","D06R01N04","-2.951286","-78.970066"
"EL VALLE -04-16-2024","D06R02N01","-2.941287","-78.962522"
"EL VALLE -04-16-2024","D06R02N02","-2.939214","-78.960907"
"EL VALLE -04-16-2024","D06R02N03","-2.937889","-78.95853"
"EL VALLE -04-16-2024","D06R03N01","-2.942805","-78.966164"
"EL VALLE -04-16-2024","D06R03N02","-2.944476","-78.968281"
"EL VALLE -04-16-2024","D06R04N01","-2.943172","-78.960663"
"EL VALLE -04-16-2024","D06R04N02","-2.94393","-78.957559"
"EL VALLE -04-16-2024","D06R04N04","-2.946402","-78.961258"
"EL VALLE -04-16-2024","D06R04N05","-2.949193","-78.96221"
"EL VALLE -04-16-2024","D07R01N01","-2.928373","-78.971333"
"EL VALLE -04-16-2024","D07R01N02","-2.927255","-78.97231"
"EL VALLE -04-16-2024","D07R02N01","-2.930565","-78.970044"
"EL VALLE -04-16-2024","D07R02N02","-2.930647","-78.967878"
"EL VALLE -04-16-2024","D07R02N03","-2.929483","-78.965326"
"EL VALLE -04-16-2024","D07R03N01","-2.928161","-78.97101"
"EL VALLE -04-16-2024","D07R03N02","-2.925504","-78.969797"
"EL VALLE -04-16-2024","D07R03N03","-2.924759","-78.967798"
"EL VALLE -04-16-2024","D07R03N04","-2.926733","-78.96943"
"EL VALLE -04-16-2024","D07R04N01","-2.929679","-78.97098"
"EL VALLE -04-16-2024","D07R04N02","-2.931115","-78.971288"
"EL VALLE -04-16-2024","D07R04N03","-2.932353","-78.971809"
"EL VALLE -04-16-2024","D07R04N04","-2.930143","-78.972581"
"EL VALLE -04-16-2024","D05R02N04","-2.932882","-78.963286"
"EL VALLE -04-16-2024","D03R01N14","-2.937773","-78.977951"
"EL VALLE -04-16-2024","D03R01N15","-2.940982","-78.98015"
"EL VALLE -04-16-2024","D05R02N05","-2.931526","-78.961604"
"EL VALLE -04-16-2024","D02R02N03","-2.928234","-78.971793"
"EL VALLE -04-16-2024","D02R02N04","-2.92977","-78.972128"
"EL VALLE -04-16-2024","D07R03N05","-2.926544","-78.970824"
"EL VALLE -04-16-2024","D03R01N04","-2.924587","-78.915694"
"EL VALLE -04-16-2024","D03R01N07","-2.923487","-78.919142"
"EL VALLE -04-16-2024","D03R01N03","-2.928953","-78.916375"
"EL VALLE -04-16-2024","D03R01N02","-2.933392","-78.918704"
"EL VALLE -04-16-2024","D03R01N01","-2.935198","-78.919662"
"EL VALLE -04-16-2024","D03R02N03","-2.936497","-78.920468"
"EL VALLE -04-16-2024","D03R02N01","-2.936898","-78.919971"
"EL VALLE -04-16-2024","D03R02N02","-2.938137","-78.920126"
"EL VALLE -04-16-2024","D01R04N03","-2.954799","-78.919978"
"EL VALLE -04-16-2024","D03R03N01","-2.935161","-78.92147"
"EL VALLE -04-16-2024","D03R03N02","-2.931395","-78.923839"
"EL VALLE -04-16-2024","D02R03N02","-2.934037","-78.930448"
"EL VALLE -04-16-2024","D02R03N01","-2.936061","-78.931614"
"EL VALLE -04-16-2024","D02R02N01","-2.939077","-78.936856"
"EL VALLE -04-16-2024","D02R02N02","-2.939989","-78.937717"
"EL VALLE -04-16-2024","D02R02N03","-2.939283","-78.9404"
"EL VALLE -04-16-2024","D02R01N01","-2.939877","-78.932937"
"EL VALLE -04-16-2024","D02R01N02","-2.940287","-78.929615"
"EL VALLE -04-16-2024","D02R01N03","-2.941022","-78.927293"
"EL VALLE -04-16-2024","D02R01N04","-2.940016","-78.925964"
"EL VALLE -04-16-2024","D02R01N05","-2.940112","-78.921817"
"EL VALLE -04-16-2024","D01R01N02","-2.939798","-78.917519"
"EL VALLE -04-16-2024","D01R01N01","-2.940743","-78.920865"
"EL VALLE -04-16-2024","D01R02N01 FO12","-2.942647","-78.921498"
"EL VALLE -04-16-2024","D01R04N02","-2.949207","-78.923375"
"EL VALLE -04-16-2024","D01R02N02","-2.941764","-78.924057"
"EL VALLE -04-16-2024","D01R03N01","-2.941287","-78.923681"
"EL VALLE -04-16-2024","D01R02N03","-2.946168","-78.926543"
"EL VALLE -04-16-2024","D01R04N01","-2.946482","-78.922639"
"EL VALLE -04-16-2024","D03R01N05","-2.922544","-78.914064"
"EL VALLE -04-16-2024","D03R03N03","-2.928888","-78.923835"
"EL VALLE -04-16-2024","D02R02N03","-2.958677","-78.93125"
"EL VALLE -04-16-2024","D02R02N04","-2.959362","-78.933128"
"EL VALLE -04-16-2024","DO2R02N05","-2.961659","-78.934233"
"EL VALLE -04-16-2024","N34","-2.958235","-78.918845"
"EL VALLE -04-16-2024","N33","-2.96151","-78.917265"
"EL VALLE -04-16-2024","N32","-2.965489","-78.915402"
"EL VALLE -04-16-2024","N31","-2.968185","-78.913284"
"EL VALLE -04-16-2024","N30","-2.970215","-78.909098"
"EL VALLE -04-16-2024","N29","-2.972871","-78.902375"
"EL VALLE -04-16-2024","D04R03N09","-2.987628","-78.906225"
"EL VALLE -04-16-2024","D03R04N08","-2.983342","-78.903411"
"EL VALLE -04-16-2024","D03R04N04","-2.980488","-78.905996"
"EL VALLE -04-16-2024","D04R03N03","-2.979425","-78.90452"
"EL VALLE -04-16-2024","D04R03N02","-2.977153","-78.901968"
"EL VALLE -04-16-2024","D04R03N01","-2.975292","-78.900121"
"EL VALLE -04-16-2024","DO4R02N01","-2.973508","-78.900027"
"EL VALLE -04-16-2024","D04R02N02","-2.973428","-78.898119"
"EL VALLE -04-16-2024","D04R02N03","-2.975155","-78.897753"
"EL VALLE -04-16-2024","D04R02N04","-2.978399","-78.89865"
